"Concurso","Data Sorteio","Bola1","Bola2","Bola3","Bola4","Bola5","Bola6","Bola7","Bola8","Bola9","Bola10","Bola11","Bola12","Bola13","Bola14","Bola15","Ganhadores 15 acertos","Cidade / UF","Rateio 15 acertos","Ganhadores 14 acertos","Rateio 14 acertos","Ganhadores 13 acertos","Rateio 13 acertos","Ganhadores 12 acertos","Rateio 12 acertos","Ganhadores 11 acertos","Rateio 11 acertos","Acumulado 15 acertos","Arrecadacao Total","Estimativa Prêmio","Acumulado sorteio especial Lotofácil da Independência","Observação"
"998","23/12/2013","1","2","3","4","5","9","11","12","14","17","19","20","21","22","23","4","MANAUS/AM; ITABUNA/BA; Aracaju/SE; TAPIRATIBA/SP","R$375.122,75","503","R$1.311,24","19696","R$12,50","252244","R$5,00","1404744","R$2,50","R$0,00","R$18.894.196,25","R$1.500.000,00","R$16.867.936,36","SORTEIO REALIZADO EM ESTÚDIO DE TV."
"999","27/12/2013","1","2","5","6","7","8","10","12","13","14","15","16","18","21","24","13","MANAUS/AM; RUY BARBOSA/BA; VALENÇA/BA; FORTALEZA/CE; BRASÍLIA/DF; GOIÂNIA/GO; IPAMERI/GO; GUARANÉSIA/MG; JURAMENTO/MG; CAMPINA GRANDE/PB; RECIFE/PE; CIANORTE/PR; SÃO PAULO/SP","R$137.174,65","3312","R$236,67","23248","R$12,50","278379","R$5,00","1533006","R$2,50","R$0,00","R$21.432.236,25","R$1.500.000,00","R$17.279.460,32","Sorteio realizado em Estúdio de TV."
"1000","30/12/2013","2","3","4","8","11","12","13","14","15","16","17","18","19","20","22","5","SÃO LUIS/MA; CAMPINA VERDE/MG; RIO MANSO/MG; FLÓRIDA PAULISTA/SP; SÃO PAULO/SP","R$360.234,73","504","R$1.570,88","17116","R$12,50","177777","R$5,00","1174300","R$2,50","R$0,00","R$18.167.571,25","R$1.500.000,00","R$17.695.115,78","Sorteio realizado em Estúdio de TV."
"1001","03/01/2014","5","6","7","8","10","11","12","13","14","17","19","20","21","23","25","2","VITÓRIA/ES; GUARULHOS/SP","R$872.757,74","552","R$1.389,96","23908","R$12,50","279583","R$5,00","1512176","R$2,50","R$0,00","R$21.157.848,75","R$1.500.000,00","R$18.097.927,05","SORTEIO REALIZADO EM ESTÚDIO DE TV."
"1002","06/01/2014","3","4","8","10","12","13","14","15","16","17","18","20","21","22","24","3","RIO BRANCO/AC; UBERLÂNDIA/MG; CAMBÉ/PR","R$539.409,18","463","R$1.536,30","21800","R$12,50","281706","R$5,00","1399181","R$2,50","R$0,00","R$19.844.837,50","R$1.500.000,00","R$18.471.364,17","Sorteio realizado em Estúdio de TV."
"1003","09/01/2014","1","2","3","6","8","10","12","14","16","17","19","20","21","23","25","20","BA; DF; ES; MG; PA; PE; RS; SP","R$83.616,45","1491","R$493,01","30893","R$12,50","264106","R$5,00","1286624","R$2,50","R$0,00","R$19.534.005,00","R$1.500.000,00","R$18.857.286,23",""
"1004","10/01/2014","1","2","3","6","10","12","14","15","18","19","20","21","22","24","25","2","CAMPO GRANDE/MS; GUARATUBA/PR","R$915.764,38","634","R$1.269,82","16516","R$12,50","225118","R$5,00","1266871","R$2,50","R$0,00","R$19.365.566,25","R$1.500.000,00","R$19.279.946,72","Sorteio realizado em Estúdio de TV."
"1005","13/01/2014","1","5","7","9","10","12","14","15","16","18","19","20","21","22","24","6","DAVINÓPOLIS/MA; SABARÁ/MG; PONTA GROSSA/PR; NOVA IGUAÇU/RJ; CAMPO LIMPO PAULISTA/SP; CAPIVARI/SP","R$276.720,60","1029","R$709,24","27316","R$12,50","277192","R$5,00","1409828","R$2,50","R$0,00","R$20.220.847,50","R$1.500.000,00","R$19.663.098,32","Sorteio realizado em Estúdio de TV."
"1006","15/01/2014","1","3","4","5","6","7","9","13","14","15","16","20","22","23","24","0","","R$0,00","1040","R$737,87","20930","R$12,50","249120","R$5,00","1313774","R$2,50","R$1.745.812,02","R$19.601.950,00","R$4.300.000,00","R$20.065.978,02",""
"1007","17/01/2014","1","2","3","6","7","9","10","11","12","18","20","22","23","24","25","3","BELÉM/PA; ANGRA DOS REIS/RJ; SÃO PAULO/SP","R$1.471.047,16","780","R$1.503,14","30264","R$12,50","372775","R$5,00","2076704","R$2,50","R$0,00","R$30.205.492,50","R$1.500.000,00","R$20.681.515,60","Sorteio realizado em Estúdio de TV."
"1008","20/01/2014","1","3","6","7","8","9","10","12","13","16","17","18","19","21","22","3","ITUIUTABA/MG; VACARIA/RS; SANTOS/SP","R$599.333,56","464","R$1.703,29","17351","R$12,50","229223","R$5,00","1308420","R$2,50","R$0,00","R$19.504.476,25","R$1.500.000,00","R$21.096.438,85","Sorteio realizado em Estúdio de TV."
"1009","22/01/2014","2","4","6","9","10","11","12","14","15","17","18","19","20","22","24","5","ILHÉUS/BA; SALVADOR/BA; RIO PARDO DE MINAS/MG; ARARUAMA/RJ; SÃO PAULO/SP","R$296.150,96","783","R$831,26","26432","R$12,50","287528","R$5,00","1428594","R$2,50","R$0,00","R$19.523.170,00","R$1.500.000,00","R$21.438.151,52",""
"1010","24/01/2014","1","2","4","6","8","10","11","13","14","15","16","19","21","22","23","1","HORTOLÂNDIA/SP","R$1.814.272,50","781","R$1.021,10","23337","R$12,50","258572","R$5,00","1335140","R$2,50","R$0,00","R$20.240.820,00","R$1.500.000,00","R$21.856.829,79","SORTEIO REALIZADO EM ESTÚDIO DE TV."
"1011","27/01/2014","1","3","4","5","7","9","10","13","15","17","18","19","23","24","25","11","SALVADOR/BA; VILA VELHA/ES; APARECIDA DE GOIÂNIA/GO; RIO QUENTE/GO; SETE LAGOAS/MG; PAULISTA/PE; MARECHAL CÂNDIDO RONDON/PR; RIO DE JANEIRO/RJ; CAPIVARI/SP; SANTANA DE PARNAÍBA/SP; SÃO PAULO/SP","R$82.614,29","1392","R$286,96","43614","R$12,50","417821","R$5,00","1647955","R$2,50","R$0,00","R$19.880.980,00","R$1.500.000,00","R$22.066.543,00","Sorteio realizado em Estúdio de TV."
"1012","29/01/2014","1","2","7","9","11","12","14","15","16","17","18","21","22","24","25","2","Curitiba/PR; SÃO PAULO/SP","R$865.822,37","497","R$1.531,51","21639","R$12,50","230443","R$5,00","1301971","R$2,50","R$0,00","R$19.272.168,75","R$1.500.000,00","R$22.466.153,34",""
"1013","31/01/2014","1","2","3","4","5","7","10","11","13","17","18","19","20","21","23","2","GOIÂNIA/GO; UBERLÂNDIA/MG","R$672.939,33","635","R$931,64","25378","R$12,50","316292","R$5,00","1619570","R$2,50","R$0,00","R$20.231.166,25","R$1.500.000,00","R$22.776.740,73","Sorteio realizado em Estúdio de TV."
"1014","03/02/2014","1","2","8","9","10","12","13","14","17","18","20","22","23","24","25","7","BRASÍLIA/DF; MURIAÉ/MG; PATOS DE MINAS/MG; RIO DE JANEIRO/RJ; Aracaju/SE; SÃO JOSÉ DOS CAMPOS/SP; SÃO PAULO/SP","R$204.938,93","1002","R$629,32","29104","R$12,50","308448","R$5,00","1543385","R$2,50","R$0,00","R$20.258.027,50","R$1.500.000,00","R$23.107.795,93","SORTEIO REALIZADO EM ESTUDIO DE TV"
"1015","05/02/2014","1","2","3","5","6","7","8","13","15","16","17","18","20","21","23","5","GOIÂNIA/GO; AREADO/MG; JUIZ DE FORA/MG; SÃO PAULO/SP","R$296.247,69","705","R$923,53","22656","R$12,50","321143","R$5,00","1444547","R$2,50","R$0,00","R$19.890.783,75","R$1.500.000,00","R$23.449.620,20",""
"1016","07/02/2014","1","2","3","5","6","11","12","14","15","16","19","20","21","23","25","3","MONTES CLAROS/MG; PATOS DE MINAS/MG; MOGI DAS CRUZES/SP","R$611.929,55","450","R$1.255,24","18347","R$12,50","254800","R$5,00","1404566","R$2,50","R$0,00","R$20.557.996,25","R$1.500.000,00","R$23.873.263,74","Sorteio realizado em Estúdio de TV."
"1017","10/02/2014","1","2","3","4","8","9","10","11","12","15","16","17","19","21","23","4","BRASÍLIA/DF; CURITIBA/PR; SÃO PAULO/SP","R$417.122,63","538","R$1.363,20","18518","R$12,50","235827","R$5,00","1320821","R$2,50","R$0,00","R$19.036.435,00","R$1.500.000,00","R$24.258.300,02","Sorteio realizado em Estúdio de TV."
"1018","12/02/2014","2","4","5","7","8","10","11","12","14","16","17","18","19","22","24","10","ITAJUÍPE/BA; MARACÁS/BA; NOVA CANAÃ/BA; BURITINÓPOLIS/GO; PARANAÍBA/MS; DOM ELISEU/PA; MARILENA/PR; NOVO HAMBURGO/RS; ARARAS/SP; SÃO PAULO/SP","R$140.876,07","1333","R$464,54","32443","R$12,50","307032","R$5,00","1422788","R$2,50","R$0,00","R$19.522.973,75","R$1.500.000,00","R$24.583.398,65",""
"1019","14/02/2014","1","2","3","4","5","7","8","10","12","17","18","20","21","22","23","4","MUNDO NOVO/BA; SANTO ANDRÉ/SP; SÃO PAULO/SP","R$394.426,32","495","R$1.401,00","21377","R$12,50","276435","R$5,00","1469227","R$2,50","R$0,00","R$19.968.448,75","R$1.500.000,00","R$24.947.484,49","SORTEIO REALIZADO EM ESTÚDIO DE TV."
"1020","17/02/2014","2","3","5","7","9","11","12","13","15","16","18","19","20","21","24","5","BRASÍLIA/DF; ELOI MENDES/MG; RIO DE JANEIRO/RJ; MOGI DAS CRUZES/SP; RIO CLARO/SP","R$300.401,49","964","R$684,87","28119","R$12,50","294854","R$5,00","1434495","R$2,50","R$0,00","R$19.793.913,75","R$1.500.000,00","R$25.294.101,61","SORTEIO REALIZADO EM ESTÚDIO DE TV"
"1021","19/02/2014","1","5","6","9","10","13","14","15","16","18","19","20","21","22","23","2","ITAPEMIRIM/ES; ARAÇATUBA/SP","R$916.666,52","429","R$1.314,93","14862","R$12,50","202882","R$5,00","1235781","R$2,50","R$0,00","R$18.898.463,75","R$1.500.000,00","R$25.717.178,47",""
"1022","21/02/2014","1","3","4","5","7","8","9","10","14","16","18","21","22","24","25","1","RIO DE JANEIRO/RJ","R$1.861.269,70","377","R$1.519,10","16077","R$12,50","230634","R$5,00","1280395","R$2,50","R$0,00","R$19.641.053,75","R$1.500.000,00","R$26.146.702,26","SORTEIO REALIZADO EM ESTÚDIO DE TV."
"1023","24/02/2014","1","2","3","6","7","8","9","11","13","14","16","18","21","22","23","5","FEIRA DE SANTANA/BA; SALVADOR/BA; ARAÇUAÍ/MG; PELOTAS/RS; PIRACICABA/SP","R$320.281,55","795","R$885,42","31343","R$12,50","252290","R$5,00","1342968","R$2,50","R$0,00","R$19.378.468,75","R$1.500.000,00","R$26.516.257,90","SORTEIO REALIZADO EM ESTÚDIO DE TV."
"1024","26/02/2014","1","2","4","7","9","10","11","12","13","14","17","20","21","22","23","1","COLORADO DO OESTE/RO","R$1.341.782,52","844","R$698,80","28269","R$12,50","304887","R$5,00","1469479","R$2,50","R$0,00","R$19.310.845,00","R$1.500.000,00","R$26.825.900,03",""
"1025","28/02/2014","1","2","7","9","11","13","14","15","16","17","18","19","22","23","25","4","FEIRA DE SANTANA/BA; ILHÉUS/BA; ARAGARÇAS/GO; CAMPO GRANDE/MS","R$378.225,98","603","R$1.102,84","22967","R$12,50","290357","R$5,00","1511182","R$2,50","R$0,00","R$20.086.470,00","R$1.500.000,00","R$27.175.031,71","SORTEIO REALIZADO EM ESTÚDIO DE TV"
"1026","05/03/2014","1","5","6","7","11","12","14","15","16","18","19","20","21","23","24","3","PORTO ALEGRE/RS; OSASCO/SP; PERUÍBE/SP","R$545.681,26","359","R$1.403,08","14279","R$12,50","199800","R$5,00","1100769","R$2,50","R$0,00","R$17.100.081,25","R$1.500.000,00","R$27.552.811,05",""
"1027","07/03/2014","1","3","5","6","8","9","10","12","14","15","16","19","21","23","25","18","BA; DF; ES; MT; PR; RJ; RO; SE; SP","R$78.561,19","2355","R$263,94","38656","R$12,50","314914","R$5,00","1420132","R$2,50","R$0,00","R$19.800.512,50","R$1.500.000,00","R$27.879.142,13","Sorteio realizado em Estúdio de TV."
"1028","10/03/2014","4","5","6","7","8","9","10","11","16","17","19","20","23","24","25","1","SÃO PAULO/SP","R$2.116.472,26","359","R$1.813,99","12107","R$12,50","165118","R$5,00","1051937","R$2,50","R$0,00","R$18.760.833,75","R$1.500.000,00","R$28.367.558,81","Sorteio realizado em Estúdio de TV."
"1029","12/03/2014","1","2","3","6","8","11","13","14","17","18","19","22","23","24","25","4","CARMO DO PARANAÍBA/MG; PONTE NOVA/MG; SÃO PAULO/SP","R$360.165,03","770","R$822,41","24707","R$12,50","292093","R$5,00","1466052","R$2,50","R$0,00","R$19.538.588,75","R$1.500.000,00","R$28.700.018,84",""
"1030","14/03/2014","1","2","3","4","8","9","10","11","15","16","17","18","19","20","23","3","SANTO ANTÔNIO DE JESUS/BA; RECIFE/PE; PARACAMBI/RJ","R$676.809,17","497","R$1.257,04","25063","R$12,50","210613","R$5,00","1307180","R$2,50","R$0,00","R$20.665.512,50","R$1.500.000,00","R$29.168.579,05","SORTEIO REALIZADO EM ESTÚDIO DE TV"
"1031","17/03/2014","1","2","4","5","6","9","11","12","14","15","17","19","20","22","24","5","SALVADOR/BA; VILA VELHA/ES; PATROCÍNIO/MG; FRANCISCO BELTRÃO/PR; GUARULHOS/SP","R$324.368,94","978","R$728,93","31287","R$12,50","287029","R$5,00","1328912","R$2,50","R$0,00","R$19.793.677,50","R$1.500.000,00","R$29.542.850,89","Sorteio realizado em Estúdio de TV."
"1032","19/03/2014","1","2","3","4","6","8","10","11","13","14","16","17","18","20","23","1","RIO DE JANEIRO/RJ","R$1.362.548,79","651","R$920,00","22781","R$12,50","284856","R$5,00","1457907","R$2,50","R$0,00","R$18.965.438,75","R$1.500.000,00","R$29.857.285,24",""
"1033","21/03/2014","3","4","6","7","8","12","13","14","16","17","18","21","22","23","24","17","BA; GO; MA; MG; MS; PB; PR; RJ; RS; SC; SP","R$87.481,06","1715","R$381,16","34728","R$12,50","331040","R$5,00","1400205","R$2,50","R$0,00","R$20.123.827,50","R$1.500.000,00","R$30.200.480,15","Sorteio realizado em Estúdio de TV."
"1034","24/03/2014","2","3","4","6","8","10","12","13","14","17","18","19","20","21","23","13","BRASÍLIA/DF; SERRA/ES; CATALÃO/GO; BOCAIUVA/MG; JUIZ DE FORA/MG; CLEVELÂNDIA/PR; NITEROI/RJ; ASCURRA/SC; ATIBAIA/SP; CAÇAPAVA/SP; DIADEMA/SP; PIRACICABA/SP; SÃO PAULO/SP","R$91.359,69","1342","R$389,01","32252","R$12,50","343553","R$5,00","1567286","R$2,50","R$0,00","R$19.649.196,25","R$1.500.000,00","R$30.474.559,24","Sorteio realizado em estúdio de TV."
"1035","26/03/2014","4","6","7","9","12","13","14","15","18","19","20","21","22","23","25","2","JUIZ DE FORA/MG; RECIFE/PE","R$892.605,72","426","R$1.289,43","17119","R$12,50","229142","R$5,00","1313118","R$2,50","R$0,00","R$19.459.795,00","R$1.500.000,00","R$30.886.531,11",""
"1036","28/03/2014","4","5","7","9","10","11","12","14","17","18","19","20","21","22","24","5","VITÓRIA DA CONQUISTA/BA; BRASÍLIA/DF; CASCAVEL/PR; INDAIATUBA/SP; SÃO JOSÉ DO RIO PRETO/SP","R$302.397,83","1038","R$640,27","28915","R$12,50","304527","R$5,00","1416116","R$2,50","R$0,00","R$19.871.846,25","R$1.500.000,00","R$31.235.451,67","SORTEIO REALIZADO EM ESTÚDIO DE TV"
"1037","31/03/2014","1","5","6","9","10","11","12","15","17","18","20","21","23","24","25","5","SIMÕES FILHO/BA; BELÉM/PA; FERNANDOPOLIS/SP; SANTO ANDRÉ/SP; SÃO PAULO/SP","R$342.185,59","664","R$1.132,61","22465","R$12,50","255746","R$5,00","1402241","R$2,50","R$0,00","R$20.049.066,25","R$1.500.000,00","R$31.630.281,21","SORTEIO REALIZADO EM ESTÚDIO DE TV."
"1038","02/04/2014","2","6","7","8","9","10","13","16","17","18","19","20","21","24","25","4","CAXIAS/MA; BELO HORIZONTE/MG; DIVINÓPOLIS/MG; CAMPINAS/SP","R$539.435,08","581","R$1.632,45","18105","R$12,50","169263","R$5,00","1120352","R$2,50","R$0,00","R$19.572.836,25","R$1.500.000,00","R$32.128.221,29",""
"1039","04/04/2014","1","2","3","8","9","12","13","14","15","18","19","20","21","22","24","8","ITUMBIARA/GO; ALFENAS/MG; COXIM/MS; ALTA FLORESTA/MT; RONDONÓPOLIS/MT; URUARÁ/PA; SÃO JOSÉ DO RIO PRETO/SP; SÃO PAULO/SP","R$202.302,78","948","R$750,41","24745","R$12,50","285265","R$5,00","1441405","R$2,50","R$0,00","R$20.209.668,75","R$1.500.000,00","R$32.501.703,36","SORTEIO REALIZADO EM ESTÚDIO DE TV."
"1040","07/04/2014","1","2","4","6","8","9","10","12","13","16","20","21","22","23","25","3","SALVADOR/BA; PIRACICABA/SP; SÃO BERNARDO DO CAMPO/SP","R$584.433,78","596","R$1.293,09","19358","R$12,50","241718","R$5,00","1324805","R$2,50","R$0,00","R$19.573.275,00","R$1.500.000,00","R$32.906.311,37","Sorteio realizado em Estúdio de TV."
"1041","09/04/2014","1","3","5","7","10","12","13","15","17","19","20","21","23","24","25","23","BA; CE; DF; ES; MG; RJ; SC; SP","R$41.088,66","2584","R$160,75","53020","R$12,50","387511","R$5,00","1527477","R$2,50","R$0,00","R$19.300.711,25","R$1.500.000,00","R$33.124.397,35",""
"1042","11/04/2014","1","3","6","7","8","9","10","11","14","15","16","19","21","22","24","2","MACAUBAS/BA; SÃO PAULO/SP","R$1.012.165,05","403","R$1.545,58","15449","R$12,50","212827","R$5,00","1273755","R$2,50","R$0,00","R$20.197.378,75","R$1.500.000,00","R$33.591.550,45","Sorteio realizado em Estúdio de TV."
"1043","14/04/2014","1","2","6","7","8","9","10","11","12","14","17","18","19","24","25","1","UBERABA/MG","R$1.742.177,90","721","R$1.062,12","18286","R$12,50","219452","R$5,00","1311274","R$2,50","R$0,00","R$19.157.536,25","R$1.500.000,00","R$33.993.591,50","Sorteio realizado em Estúdio de TV."
"1044","16/04/2014","2","4","5","6","7","8","10","11","12","15","17","20","23","24","25","5","ITABUNA/BA; SALVADOR/BA; RIO DE JANEIRO/RJ; SÃO PAULO/SP","R$325.172,09","604","R$1.183,21","20620","R$12,50","238845","R$5,00","1238195","R$2,50","R$0,00","R$18.448.298,75","R$1.500.000,00","R$34.368.790,08",""
"1045","19/04/2014","2","3","5","6","9","11","15","16","17","20","21","22","23","24","25","4","LONDRINA/PR; PALMAS/PR; JUNDIAÍ/SP; OURINHOS/SP","R$316.751,59","316","R$1.762,42","11848","R$12,50","144759","R$5,00","827375","R$2,50","R$0,00","R$13.005.620,00","R$1.500.000,00","R$34.661.176,16",""
"1046","23/04/2014","3","4","5","7","8","11","12","13","14","18","20","21","22","23","25","2","GOIÂNIA/GO; CAMPOS DOS GOYTACAZES/RJ","R$743.572,13","468","R$1.396,77","20115","R$12,50","249230","R$5,00","1360628","R$2,50","R$0,00","R$18.554.671,25","R$1.500.000,00","R$35.004.363,30",""
"1047","25/04/2014","4","7","8","9","10","11","12","15","16","17","20","21","22","24","25","5","RIO BONITO/RJ; RIO DE JANEIRO/RJ; NOSSA SENHORA DO SOCORRO/SE; SÃO PAULO/SP","R$385.566,70","403","R$1.471,91","14546","R$12,50","196837","R$5,00","1186685","R$2,50","R$0,00","R$19.013.818,75","R$1.500.000,00","R$35.449.247,96","SORTEIO REALIZADO EM ESTÚDIO DE TV."
"1048","28/04/2014","1","2","3","5","6","7","9","10","15","16","17","18","20","21","25","3","ALAGOINHAS/BA; CAMPO GRANDE/MS; SÃO PAULO/SP","R$562.261,51","635","R$1.167,62","14726","R$12,50","224736","R$5,00","1270009","R$2,50","R$0,00","R$18.605.535,00","R$1.500.000,00","R$35.838.505,92","SORTEIO REALIZADO EM ESTÚDIO DE TV."
"1049","30/04/2014","2","4","5","9","12","14","16","17","18","19","20","21","22","23","25","2","MARACAJU/MS; POÁ/SP","R$844.574,18","350","R$1.484,96","15789","R$12,50","214885","R$5,00","1203819","R$2,50","R$0,00","R$18.159.712,50","R$1.000.000,00","R$36.228.309,39",""
"1050","02/05/2014","1","4","6","7","10","12","13","15","16","17","19","21","22","24","25","3","RIO DE JANEIRO/RJ; MAFRA/SC; Ribeirão Preto/SP","R$462.651,25","620","R$984,01","17903","R$12,50","195974","R$5,00","1028317","R$2,50","R$0,00","R$15.504.387,50","R$1.500.000,00","R$36.548.606,42","SORTEIO REALIZADO EM ESTÚDIO DE TV."
"1051","05/05/2014","2","3","4","7","8","10","11","13","14","16","18","20","21","23","25","47","BA; DF; ES; MA; MG; MS; MT; PA; PR; RJ; RN; RS; SP","R$26.807,51","2182","R$253,81","37540","R$12,50","324142","R$5,00","1427812","R$2,50","R$0,00","R$19.147.621,25","R$1.500.000,00","R$36.839.364,85","Sorteio realizado em Estúdio de TV."
"1052","07/05/2014","1","3","4","5","6","8","10","11","16","17","18","20","21","23","24","1","BRASÍLIA/DF","R$1.558.188,66","489","R$1.400,65","21480","R$12,50","297512","R$5,00","1309097","R$2,50","R$0,00","R$19.203.903,75","R$1.500.000,00","R$37.198.946,86",""
"1053","09/05/2014","1","2","3","4","6","11","12","13","14","15","17","18","22","23","24","2","GOVERNADOR VALADARES/MG; NITEROI/RJ","R$885.469,81","439","R$1.773,20","17084","R$12,50","250527","R$5,00","1348455","R$2,50","R$0,00","R$19.831.141,25","R$1.500.000,00","R$37.607.625,24","SORTEIO REALIZADO EM ESTÚDIO DE TV"
"1054","12/05/2014","2","3","4","5","6","9","12","13","15","16","17","18","20","24","25","0","","R$0,00","426","R$1.366,15","15144","R$15,00","200998","R$6,00","1138535","R$3,00","R$1.891.434,18","R$20.458.717,50","R$4.500.000,00","R$38.044.110,06","SORTEIO REALIZADO EM ESTÚDIO DE TV"
"1055","14/05/2014","1","2","3","7","8","9","10","12","13","14","18","22","23","24","25","7","SALVADOR/BA; RONDONÓPOLIS/MT; SÃO JOSÉ DOS PINHAIS/PR; CERQUILHO/SP; SÃO PAULO/SP","R$543.366,74","1816","R$462,82","39337","R$15,00","391609","R$6,00","1865541","R$3,00","R$0,00","R$28.939.281,00","R$1.500.000,00","R$38.485.371,54",""
"1056","16/05/2014","2","4","5","6","8","9","10","11","14","15","18","19","21","22","23","1","ALTINÓPOLIS/SP","R$1.975.299,62","575","R$1.510,02","18368","R$15,00","223819","R$6,00","1187407","R$3,00","R$0,00","R$21.631.438,50","R$1.500.000,00","R$38.941.209,92","Sorteio realizado em Estúdio de TV."
"1057","19/05/2014","1","4","6","7","8","9","11","13","14","16","19","20","21","23","25","2","ARAPONGAS/PR; CURITIBA/PR","R$915.327,26","601","R$1.338,90","19341","R$15,00","222547","R$6,00","1190831","R$3,00","R$0,00","R$20.948.403,00","R$1.500.000,00","R$39.363.668,66","Sorteio realizado em Estúdio de TV."
"1058","21/05/2014","4","5","6","7","9","12","13","16","17","18","20","21","22","24","25","0","","R$0,00","435","R$1.777,35","17006","R$15,00","220051","R$6,00","1128874","R$3,00","R$1.758.915,72","R$20.054.383,50","R$3.500.000,00","R$39.769.572,29",""
"1059","23/05/2014","1","2","3","5","7","8","11","14","15","16","19","20","21","22","24","6","BRASÍLIA/DF; ANÁPOLIS/GO; BELÉM/PA; DUQUE DE CAXIAS/RJ; RIO DE JANEIRO/RJ; LAGUNA/SC","R$700.543,51","817","R$1.315,10","24070","R$15,00","275381","R$6,00","1447031","R$3,00","R$0,00","R$26.639.814,00","R$1.700.000,00","R$40.333.651,99","SORTEIO REALIZADO EM ESTÚDIO DE TV."
"1060","26/05/2014","1","2","4","5","7","8","13","14","15","16","17","20","21","22","23","8","MANAQUIRI/AM; BELO HORIZONTE/MG; GUADALUPE/PI; NOVA IGUAÇU/RJ; NATAL/RN; SANTA BARBARA DO OESTE/SP; Sorocaba/SP; SÃO PAULO/SP","R$249.774,14","521","R$1.685,84","16731","R$15,00","191860","R$6,00","1092739","R$3,00","R$0,00","R$20.609.161,50","R$1.700.000,00","R$40.794.773,50","SORTEIO REALIZADO EM ESTÚDIO DE TV"
"1061","28/05/2014","2","3","5","7","8","9","12","14","15","16","19","21","22","23","24","0","","R$0,00","725","R$934,87","21260","R$15,00","240108","R$6,00","1151101","R$3,00","R$1.541.952,01","R$19.540.947,00","R$4.000.000,00","R$41.150.608,58",""
"1062","30/05/2014","3","4","5","7","8","9","11","13","15","16","17","19","20","23","25","6","ARAXÁ/MG; COROMANDEL/MG; UBERLÂNDIA/MG; RIO DE JANEIRO/RJ; MONGAGUÁ/SP; SÃO JOSÉ DOS CAMPOS/SP","R$566.496,33","1044","R$781,87","36488","R$15,00","381558","R$6,00","1700077","R$3,00","R$0,00","R$27.302.385,00","R$1.700.000,00","R$41.579.153,03","Sorteio realizado em Estúdio de TV."
"1063","02/06/2014","2","5","6","7","10","12","13","14","15","16","20","21","22","24","25","2","PARAGOMINAS/PA; MOGI GUAÇU/SP","R$960.674,90","499","R$1.692,48","17705","R$15,00","223742","R$6,00","1209942","R$3,00","R$0,00","R$21.492.015,00","R$1.700.000,00","R$42.022.541,46","SORTEIO REALIZADO EM ESTÚDIO DE TV"
"1064","04/06/2014","2","3","7","8","9","10","11","14","15","16","18","19","21","24","25","3","FORMIGA/MG; RIO DE JANEIRO/RJ; INDAIATUBA/SP","R$642.774,01","424","R$1.399,36","16408","R$15,00","200299","R$6,00","1140989","R$3,00","R$0,00","R$20.693.161,50","R$1.700.000,00","R$42.467.538,86",""
"1065","06/06/2014","2","3","4","5","6","12","14","15","17","19","20","21","22","24","25","6","ITABUNA/BA; BRASÍLIA/DF; BELO HORIZONTE/MG; CURITIBA/PR; COMENDADOR LEVY GASPARIAN/RJ; LEME/SP","R$307.523,49","788","R$1.029,25","17103","R$15,00","220304","R$6,00","1179498","R$3,00","R$0,00","R$20.836.659,00","R$1.700.000,00","R$42.893.340,61","Sorteio realizado em Estúdio de TV."
"1066","09/06/2014","2","4","5","6","10","11","14","16","17","18","19","21","22","23","24","1","PORTO ALEGRE/RS","R$2.013.464,58","315","R$1.966,75","13142","R$15,00","188528","R$6,00","1059026","R$3,00","R$0,00","R$20.287.932,00","R$1.700.000,00","R$43.357.986,29",""
"1067","11/06/2014","1","2","3","4","5","7","10","11","13","14","15","17","21","22","25","3","GOIÂNIA/GO; BOA ESPERANÇA/MG; Curitiba/PR","R$545.041,79","398","R$1.264,11","15792","R$15,00","226013","R$6,00","1238826","R$3,00","R$0,00","R$20.225.562,00","R$1.700.000,00","R$43.735.322,92",""
"1068","13/06/2014","2","6","7","10","11","13","14","15","16","17","18","20","21","22","24","1","SÃO PAULO/SP","R$1.617.102,55","395","R$1.259,67","14346","R$15,00","194839","R$6,00","1046445","R$3,00","R$0,00","R$18.350.269,50","R$1.700.000,00","R$44.108.500,44","SORTEIO REALIZADO EM ESTÚDIO DE TV"
"1069","16/06/2014","1","3","4","8","10","11","12","13","15","16","17","22","23","24","25","4","AMARGOSA/BA; MURIAÉ/MG; RIO DE JANEIRO/RJ; MOCOCA/SP","R$437.233,75","462","R$1.663,98","15977","R$15,00","204302","R$6,00","1150636","R$3,00","R$0,00","R$19.903.134,00","R$1.700.000,00","R$44.512.100,82",""
"1070","18/06/2014","4","9","10","11","12","13","16","18","19","20","21","22","23","24","25","1","SÃO JOSÉ DO RIO PRETO/SP","R$1.563.785,03","446","R$1.541,20","13763","R$15,00","182171","R$6,00","946984","R$3,00","R$0,00","R$17.213.679,00","R$1.500.000,00","R$44.872.974,29",""
"1071","20/06/2014","2","3","4","5","6","10","11","12","13","14","16","17","21","22","24","2","VITÓRIA/ES; SÃO PAULO/SP","R$709.026,20","372","R$1.675,59","13805","R$15,00","176088","R$6,00","946178","R$3,00","R$0,00","R$16.399.084,50","R$1.700.000,00","R$45.200.217,16","Sorteio realizado em Estúdio de TV."
"1072","23/06/2014","1","2","3","4","5","7","9","13","14","15","17","20","22","23","25","5","CAPETINGA/MG; ANANINDEUA/PA; SÃO GABRIEL/RS; OSASCO/SP; SÃO PAULO/SP","R$204.871,68","440","R$1.023,33","17225","R$15,00","223743","R$6,00","1059395","R$3,00","R$0,00","R$15.971.133,00","R$1.700.000,00","R$45.436.607,57","SORTEIO REALIZADO EM ESTÚDIO DE TV"
"1073","25/06/2014","1","3","4","5","6","7","13","16","17","19","20","21","22","23","24","0","","R$0,00","281","R$1.823,63","10753","R$15,00","165239","R$6,00","942582","R$3,00","R$1.665.431,86","R$17.357.824,50","R$4.000.000,00","R$45.820.938,01",""
"1074","27/06/2014","1","4","7","8","9","10","11","13","17","20","21","22","23","24","25","2","LINHARES/ES; BARRA DO GARÇAS/MT","R$1.843.775,56","1067","R$833,03","22038","R$15,00","295885","R$6,00","1604599","R$3,00","R$0,00","R$25.815.805,50","R$1.700.000,00","R$46.287.580,92",""
"1075","30/06/2014","1","2","6","9","10","12","15","16","17","18","21","22","23","24","25","1","Florianópolis/SC","R$1.956.340,53","463","R$1.300,11","11267","R$15,00","162575","R$6,00","978847","R$3,00","R$0,00","R$19.038.640,50","R$1.700.000,00","R$46.739.044,13",""
"1076","02/07/2014","4","9","10","11","12","13","14","15","16","17","18","20","21","22","25","3","COLATINA/ES; BELÉM/PA; SÃO PAULO/SP","R$623.595,11","420","R$1.370,54","14168","R$15,00","200497","R$6,00","1029069","R$3,00","R$0,00","R$19.569.499,50","R$1.700.000,00","R$47.170.763,82",""
"1077","04/07/2014","1","2","5","6","7","8","10","12","13","14","15","19","20","21","24","3","JEQUIÉ/BA; SALVADOR/BA; BRASÍLIA/DF","R$532.018,11","549","R$1.277,89","15166","R$15,00","178761","R$6,00","1020398","R$3,00","R$0,00","R$17.876.455,50","R$1.700.000,00","R$47.539.084,06",""
"1078","07/07/2014","2","4","5","6","7","9","10","11","13","17","18","21","23","24","25","2","BELO HORIZONTE/MG; CAMPINA GRANDE/PB","R$740.655,16","583","R$1.116,85","21071","R$15,00","243726","R$6,00","1269257","R$3,00","R$0,00","R$20.086.306,50","R$1.700.000,00","R$47.880.924,91",""
"1079","09/07/2014","5","6","7","8","11","13","14","15","16","17","19","20","21","22","24","4","FEIRA DE SANTANA/BA; BRASÍLIA/DF; SÃO MATEUS/ES; JUNDIAÍ/SP","R$336.289,73","342","R$1.728,88","12621","R$15,00","162490","R$6,00","890341","R$3,00","R$0,00","R$15.428.905,50","R$1.700.000,00","R$48.191.346,20",""
"1080","11/07/2014","2","3","5","6","10","11","12","14","15","16","17","21","22","23","25","2","Três Lagoas/MS; SÃO GONÇALO/RJ","R$977.364,19","376","R$1.599,62","15540","R$15,00","216713","R$6,00","1183330","R$3,00","R$0,00","R$21.307.719,00","R$1.700.000,00","R$48.642.437,37","SORTEIO REALIZADO EM ESTÚDIO DE TV"
"1081","14/07/2014","1","5","6","7","10","12","13","14","15","16","18","19","21","22","23","2","Aracaju/SE; TAUBATÉ/SP","R$940.950,46","398","R$1.454,89","15915","R$15,00","184400","R$6,00","1055715","R$3,00","R$0,00","R$19.646.718,00","R$1.700.000,00","R$49.076.722,21","SORTEIO REALIZADO EM ESTÚDIO DE TV"
"1082","16/07/2014","3","7","9","10","11","13","15","16","17","18","19","21","22","23","24","2","BELO HORIZONTE/MG; DIVINÓPOLIS/MG","R$654.156,58","558","R$1.030,61","21671","R$15,00","260355","R$6,00","1300852","R$3,00","R$0,00","R$19.684.993,50","R$1.700.000,00","R$49.378.640,64",""
"1083","18/07/2014","1","2","3","4","6","11","13","16","17","18","20","21","22","23","24","1","UMUARAMA/PR","R$1.787.391,37","344","R$1.598,74","13615","R$15,00","217109","R$6,00","1133008","R$3,00","R$0,00","R$20.069.079,00","R$1.700.000,00","R$49.791.115,57","Sorteio realizado em Estúdio de TV."
"1084","21/07/2014","1","2","3","4","5","6","7","9","10","13","17","18","21","24","25","4","BRASÍLIA/DF; TRÊS DE MAIO/RS; TAGUAÍ/SP","R$429.868,18","611","R$1.237,00","25029","R$15,00","214235","R$6,00","1163531","R$3,00","R$0,00","R$20.287.764,00","R$1.700.000,00","R$50.187.916,98","SORTEIO REALIZADO EM ESTÚDIO DE TV."
"1085","23/07/2014","3","6","7","8","9","10","14","16","18","19","21","22","23","24","25","4","FORTALEZA/CE; GOIÂNIA/GO; BUENÓPOLIS/MG; JARDIM/MS","R$494.269,81","384","R$1.584,20","17836","R$15,00","170952","R$6,00","1024860","R$3,00","R$0,00","R$19.793.802,00","R$1.700.000,00","R$50.644.166,05",""
"1086","25/07/2014","2","4","5","7","10","12","13","15","17","18","19","21","22","23","24","6","MORRINHOS/GO; CONSELHEIRO LAFAIETE/MG; ARAUCÁRIA/PR; JOINVILLE/SC; PIRACICABA/SP; SÃO PAULO/SP","R$207.042,29","859","R$635,67","26010","R$15,00","267172","R$6,00","1349851","R$3,00","R$0,00","R$19.929.883,50","R$1.700.000,00","R$50.930.839,99","Sorteio realizado em Estúdio de TV."
"1087","28/07/2014","2","3","4","6","9","12","13","16","17","18","19","20","21","23","24","3","GOIÂNIA/GO; GUARULHOS/SP; MONGAGUÁ/SP","R$554.888,77","466","R$1.570,21","17654","R$15,00","221277","R$6,00","1146365","R$3,00","R$0,00","R$19.741.809,00","R$1.700.000,00","R$51.314.993,76","Sorteio realizado em Estúdio de TV."
"1088","30/07/2014","1","2","3","5","6","7","9","10","12","13","18","19","20","22","23","3","GUARATINGUETA/SP; SÃO JOSÉ DOS CAMPOS/SP; PALMAS/TO","R$526.328,49","539","R$1.287,68","18869","R$15,00","229484","R$6,00","1160548","R$3,00","R$0,00","R$19.563.946,50","R$1.700.000,00","R$51.679.375,02",""
"1089","01/08/2014","2","3","4","6","8","12","13","14","15","16","19","21","22","23","24","6","GOIÂNIA/GO; UBERLÂNDIA/MG; JOÃO PESSOA/PB; RIO DE JANEIRO/RJ; SUMARÉ/SP; TABOÃO DA SERRA/SP","R$268.869,96","706","R$1.004,40","21119","R$15,00","260662","R$6,00","1316282","R$3,00","R$0,00","R$21.297.874,50","R$1.700.000,00","R$52.051.656,50","SORTEIO REALIZADO EM ESTÚDIO DE TV."
"1090","04/08/2014","3","5","8","9","10","11","13","14","15","17","18","20","21","22","24","6","ITAPETINGA/BA; SANTANÓPOLIS/BA; SOBRAL/CE; UBERABA/MG; SÃO LOURENÇO DO OESTE/SC; ARARAS/SP","R$268.469,06","710","R$997,25","22999","R$15,00","259637","R$6,00","1319016","R$3,00","R$0,00","R$21.354.589,50","R$1.700.000,00","R$52.423.382,90",""
"1091","06/08/2014","2","4","5","6","7","9","10","12","13","14","16","20","23","24","25","1","BELO HORIZONTE/MG","R$1.741.767,42","515","R$1.486,62","19097","R$15,00","242520","R$6,00","1260300","R$3,00","R$0,00","R$21.241.977,00","R$1.700.000,00","R$52.825.329,23",""
"1092","08/08/2014","4","5","8","9","11","12","13","14","15","18","19","20","22","24","25","0","","R$0,00","515","R$1.635,41","17302","R$15,00","220281","R$6,00","1260018","R$3,00","R$1.916.090,73","R$21.746.128,50","R$4.500.000,00","R$53.267.504,02","Sorteio realizado em Estúdio de TV."
"1093","11/08/2014","1","2","4","5","6","9","10","11","13","18","21","22","23","24","25","6","PALMÁCIA/CE; BELÉM/PA; RECIFE/PE; Ribeirão Preto/SP; SÃO JOSÉ DOS CAMPOS/SP; SÃO SEBASTIÃO DA GRAMA/SP","R$681.475,69","791","R$1.207,40","33037","R$15,00","314914","R$6,00","1666212","R$3,00","R$0,00","R$27.622.029,00","R$1.700.000,00","R$53.768.910,97","Sorteio realizado em Estúdio de TV."
"1094","13/08/2014","1","2","3","4","5","6","8","9","10","12","14","16","19","22","25","1","CAMPO LIMPO PAULISTA/SP","R$1.904.616,90","495","R$1.691,30","16620","R$15,00","209370","R$6,00","1146233","R$3,00","R$0,00","R$20.741.410,50","R$1.700.000,00","R$54.208.437,95",""
"1095","15/08/2014","2","3","5","6","7","9","15","16","17","18","21","22","23","24","25","5","SALVADOR/BA; BRASÍLIA/DF; ALTA FLORESTA D OESTE/RO; SÃO PAULO/SP","R$330.935,28","429","R$1.695,40","17340","R$15,00","214567","R$6,00","1219979","R$3,00","R$0,00","R$20.091.466,50","R$1.700.000,00","R$54.590.286,35","SORTEIO REALIZADO EM ESTÚDIO DE TV."
"1096","18/08/2014","1","2","4","7","8","10","12","13","14","15","20","21","22","23","25","1","VARGINHA/MG","R$1.748.819,90","387","R$1.390,44","16631","R$15,00","224796","R$6,00","1244102","R$3,00","R$0,00","R$20.841.178,50","R$1.700.000,00","R$54.993.860,18","SORTEIO REALIZADO EM ESTÚDIO DE TV"
"1097","20/08/2014","4","5","6","9","10","12","14","15","16","18","19","20","23","24","25","2","ARAPONGAS/PR; BRUSQUE/SC","R$857.449,65","558","R$1.350,89","18004","R$15,00","228483","R$6,00","1143605","R$3,00","R$0,00","R$20.083.951,50","R$1.700.000,00","R$55.389.606,17",""
"1098","22/08/2014","3","4","5","7","8","10","11","12","14","15","16","18","23","24","25","6","APARECIDA DE GOIÂNIA/GO; BRASILIA DE MINAS/MG; CAPANEMA/PA; CANOAS/RS; PALHOÇA/SC; PERUÍBE/SP","R$298.311,84","501","R$1.570,37","17499","R$15,00","221545","R$6,00","1172307","R$3,00","R$0,00","R$20.542.107,00","R$1.700.000,00","R$55.802.653,34","SORTEIO REALIZADO EM ESTÚDIO DE TV"
"1099","25/08/2014","2","3","6","7","8","11","12","13","14","16","21","22","23","24","25","0","","R$0,00","445","R$1.278,83","13926","R$15,00","204099","R$6,00","1108572","R$3,00","R$1.849.509,79","R$20.045.955,00","R$4.500.000,00","R$56.229.463,30","SORTEIO REALIZADO EM ESTÚDIO DE TV"
"1100","27/08/2014","5","6","7","9","10","11","12","14","15","16","18","19","20","23","24","6","SALVADOR/BA; LINHARES/ES; TRACUATEUA/PA; RIO DE JANEIRO/RJ; SÃO PEDRO DA ALDEIA/RJ; PALMAS/TO","R$672.700,14","606","R$1.586,11","32047","R$15,00","252092","R$6,00","1357968","R$3,00","R$0,00","R$24.700.791,00","R$1.700.000,00","R$56.734.084,31",""
"1101","29/08/2014","1","2","3","6","9","10","11","13","15","17","18","19","23","24","25","4","SALVADOR/BA; BRASÍLIA/DF; BLUMENAU/SC; GUARIBA/SP","R$332.700,25","705","R$829,74","20531","R$15,00","233817","R$6,00","1204560","R$3,00","R$0,00","R$18.740.449,50","R$80.000.000,00","R$57.041.192,25",""
"1102","07/09/2014","2","3","5","6","8","12","14","15","18","19","20","21","22","23","24","43","AM; BA; DF; GO; MG; MT; PA; PE; PR; RJ; RS; SC; SP","R$1.821.021,77","5889","R$1.289,49","208949","R$15,00","2486760","R$6,00","12497682","R$3,00","R$0,00","R$212.446.288,50","R$1.500.000,00","R$0,00","Sorteio transmitido ao vivo por emissora de TV."
"1103","08/09/2014","2","4","5","7","9","10","11","12","14","16","18","20","21","22","25","21","GO; MS; MT; PA; PB; RJ; SP","R$56.657,37","1252","R$417,72","23708","R$15,00","210230","R$6,00","959977","R$3,00","R$0,00","R$16.156.351,50","R$1.700.000,00","R$274.570,36",""
"1104","10/09/2014","2","5","6","8","9","11","13","14","15","16","18","19","21","22","23","6","BRASÍLIA/DF; BETIM/MG; MONTALVÂNIA/MG; RIO DE JANEIRO/RJ; BLUMENAU/SC","R$310.070,39","1109","R$737,39","29131","R$15,00","284124","R$6,00","1444711","R$3,00","R$0,00","R$24.000.202,50","R$1.700.000,00","R$703.898,61",""
"1105","12/09/2014","1","2","4","6","7","9","11","13","15","17","18","20","23","24","25","15","CHORROCHO/BA; SOBRAL/CE; GOIÂNIA/GO; AÇAILÂNDIA/MA; GUIRATINGA/MT; JOÃO PESSOA/PB; NOVA FRIBURGO/RJ; RIO DE JANEIRO/RJ; SÃO GONÇALO/RJ; CAXIAS DO SUL/RS; AMPARO/SP; AVARE/SP; CAMPINAS/SP; GUAIMBÊ/SP; ORINDIUVA/SP","R$117.156,05","1386","R$557,32","31837","R$15,00","316512","R$6,00","1481403","R$3,00","R$0,00","R$24.269.269,50","R$1.800.000,00","R$1.109.438,78",""
"1106","15/09/2014","2","3","4","9","10","11","12","13","14","15","16","19","21","23","24","4","MANAUS/AM; ELOI MENDES/MG; PALOTINA/PR; LARANJAL PAULISTA/SP","R$478.100,64","488","R$1.722,57","18020","R$15,00","243860","R$6,00","1357085","R$3,00","R$0,00","R$22.735.105,50","R$1.700.000,00","R$1.550.762,46",""
"1107","17/09/2014","1","2","4","8","9","10","11","12","14","16","18","19","20","21","24","7","MORRO DO CHAPÉU/BA; SÃO LUIS/MA; JOÃO PINHEIRO/MG; SANTA MARGARIDA/MG; SANTO ANTÔNIO DO LEVERGER/MT; RIO DE JANEIRO/RJ; IGARAPAVA/SP","R$273.352,05","721","R$1.166,55","22091","R$15,00","247818","R$6,00","1293942","R$3,00","R$0,00","R$22.502.746,50","R$1.700.000,00","R$1.992.331,16",""
"1108","19/09/2014","1","2","4","5","7","8","9","12","13","14","17","21","22","24","25","4","MURICI/AL; BARBACENA/MG; GAROPABA/SC; IMBITUBA/SC","R$442.633,42","1120","R$694,87","22953","R$15,00","259520","R$6,00","1398354","R$3,00","R$0,00","R$22.689.585,00","R$1.700.000,00","R$2.400.915,86",""
"1109","22/09/2014","1","4","5","6","7","8","9","10","11","17","18","19","20","21","25","2","SÃO GONÇALO/RJ; CAMPINAS/SP","R$1.186.674,68","380","R$1.921,74","12936","R$15,00","172203","R$6,00","1098560","R$3,00","R$0,00","R$22.124.673,00","R$1.700.000,00","R$2.948.611,88",""
"1110","24/09/2014","1","2","3","4","6","9","10","15","17","18","19","20","22","24","25","0","","R$0,00","315","R$2.079,24","13016","R$15,00","193906","R$6,00","1136223","R$3,00","R$2.128.615,68","R$21.457.987,50","R$5.000.000,00","R$3.439.830,89",""
"1111","26/09/2014","2","3","4","6","9","11","12","13","14","15","16","22","23","24","25","4","MACEIÓ/AL; MOGI DAS CRUZES/SP; SÃO PAULO/SP","R$1.139.732,18","991","R$1.077,97","31566","R$15,00","377791","R$6,00","1816230","R$3,00","R$0,00","R$30.737.251,50","R$1.700.000,00","R$4.000.672,37",""
"1112","29/09/2014","1","2","3","6","7","8","12","13","15","16","17","18","20","22","24","5","VALPARAÍSO DE GOIÁS/GO; CANOINHAS/SC; AMERICANA/SP; BERTIOGA/SP; SUZANO/SP","R$388.932,47","512","R$1.669,52","18787","R$15,00","237649","R$6,00","1228639","R$3,00","R$0,00","R$21.962.263,50","R$1.700.000,00","R$4.449.440,61",""
"1113","01/10/2014","1","3","6","7","9","12","13","14","15","17","19","20","22","24","25","4","BELA VISTA DE MINAS/MG; Teresina/PI; VOLTA REDONDA/RJ; SÃO PAULO/SP","R$409.143,59","1021","R$704,57","27300","R$15,00","262213","R$6,00","1296047","R$3,00","R$0,00","R$21.508.339,50","R$1.700.000,00","R$4.827.111,62",""
"1114","03/10/2014","1","2","3","4","5","6","8","10","11","12","15","18","19","20","22","4","CAMAÇARI/BA; ITABERABA/BA; COSTA RICA/MS; SÃO PAULO/SP","R$501.959,52","475","R$1.300,63","18773","R$15,00","225065","R$6,00","1357920","R$3,00","R$0,00","R$22.986.765,00","R$1.700.000,00","R$5.290.458,87","SORTEIO REALIZADO EM ESTÚDIO DE TV."
"1115","06/10/2014","2","3","7","8","9","10","11","12","17","18","20","22","23","24","25","3","PORTO ALEGRE/RS; CAMPINAS/SP; SANTO ANDRÉ/SP","R$556.188,99","793","R$924,88","22959","R$15,00","256981","R$6,00","1311089","R$3,00","R$0,00","R$21.551.349,00","R$1.700.000,00","R$5.675.512,79",""
"1116","08/10/2014","1","2","3","4","5","6","9","12","15","17","18","21","22","24","25","4","NANUQUE/MG; SANTA LUZIA/MG; BARUERI/SP; SÃO PAULO/SP","R$458.691,55","658","R$1.225,66","21399","R$15,00","260290","R$6,00","1291171","R$3,00","R$0,00","R$22.237.353,00","R$1.700.000,00","R$6.098.920,38",""
"1117","10/10/2014","1","2","3","5","7","8","11","12","13","14","15","16","19","21","23","3","PITANGA/PR; CONCÓRDIA/SC; SÃO PAULO/SP","R$580.834,29","602","R$1.272,31","20503","R$15,00","257019","R$6,00","1432100","R$3,00","R$0,00","R$22.662.042,00","R$1.700.000,00","R$6.501.036,44",""
"1118","13/10/2014","1","2","5","6","8","10","11","13","14","15","20","21","23","24","25","7","BRASÍLIA/DF; ALFENAS/MG; SÃO PAULO/SP; ARAGUACEMA/TO; ARAGUATINS/TO","R$227.454,00","605","R$1.156,79","23163","R$15,00","296624","R$6,00","1309570","R$3,00","R$0,00","R$21.706.902,00","R$1.700.000,00","R$6.868.462,13",""
"1119","15/10/2014","1","2","3","5","6","7","8","10","12","14","15","17","18","20","23","6","CANDEIAS/BA; PELOTAS/RS; JOINVILLE/SC; PALMEIRA DO OESTE/SP; POÁ/SP; RIO GRANDE DA SERRA/SP","R$275.733,74","662","R$1.098,50","21209","R$15,00","244545","R$6,00","1295689","R$3,00","R$0,00","R$21.146.532,00","R$1.700.000,00","R$7.250.247,30",""
"1120","17/10/2014","2","4","5","6","8","9","10","12","13","14","16","17","18","19","24","2","Curitiba/PR; MASSARANDUBA/SC","R$837.318,77","557","R$1.321,55","22063","R$15,00","255913","R$6,00","1334951","R$3,00","R$0,00","R$21.699.193,50","R$1.700.000,00","R$7.636.702,12",""
"1121","20/10/2014","1","2","4","5","6","8","9","11","12","17","18","20","22","23","25","3","JUIZ DE FORA/MG; SUMARÉ/SP; SÃO PAULO/SP","R$576.039,22","692","R$1.097,70","18930","R$15,00","210069","R$6,00","1150063","R$3,00","R$0,00","R$19.974.525,00","R$1.700.000,00","R$8.035.498,51",""
"1122","22/10/2014","2","3","7","10","11","12","13","14","16","19","20","21","23","24","25","4","BURITI ALEGRE/GO; CORONEL VIVIDA/PR; PORTO ALEGRE/RS; SÃO JOSÉ DOS CAMPOS/SP","R$428.378,51","507","R$1.485,58","19267","R$15,00","242287","R$6,00","1252543","R$3,00","R$0,00","R$21.050.664,00","R$1.700.000,00","R$8.430.924,84",""
"1123","24/10/2014","2","4","6","7","8","10","11","13","15","16","17","19","22","23","24","7","SALVADOR/BA; CARLÓPOLIS/PR; BLUMENAU/SC; INDAIATUBA/SP; LORENA/SP; MOGI GUAÇU/SP; SÃO PAULO/SP","R$241.613,08","1268","R$586,29","26968","R$15,00","251413","R$6,00","1211834","R$3,00","R$0,00","R$21.049.081,50","R$1.700.000,00","R$8.821.222,90",""
"1124","27/10/2014","1","3","4","5","6","8","10","12","13","15","19","21","22","24","25","3","SALVADOR/BA; LINS/SP","R$537.749,69","633","R$1.120,25","21008","R$15,00","237375","R$6,00","1251168","R$3,00","R$0,00","R$20.533.060,50","R$1.700.000,00","R$9.193.511,15",""
"1125","29/10/2014","1","3","4","6","9","11","12","13","15","16","17","18","21","22","25","3","PONTALINA/GO; NITEROI/RJ; PIRACICABA/SP","R$634.432,42","433","R$1.352,50","15578","R$15,00","200219","R$6,00","1104391","R$3,00","R$0,00","R$20.289.420,00","R$1.700.000,00","R$9.632.733,60",""
"1126","31/10/2014","3","5","6","7","8","12","13","16","17","18","19","22","23","24","25","2","ITUMBIARA/GO; CAMBORIÚ/SC","R$849.924,12","605","R$1.235,01","21231","R$15,00","250946","R$6,00","1291504","R$3,00","R$0,00","R$21.432.912,00","R$1.700.000,00","R$10.025.006,27",""
"1127","03/11/2014","1","3","4","6","8","9","11","13","14","15","16","17","22","23","24","1","BRUSQUE/SC","R$1.805.531,45","676","R$1.174,02","19989","R$15,00","232294","R$6,00","1174606","R$3,00","R$0,00","R$20.867.328,00","R$1.700.000,00","R$10.441.667,38",""
"1128","05/11/2014","1","2","3","4","6","7","10","11","12","14","16","17","20","24","25","1","BELÉM/PA","R$2.119.600,42","454","R$1.436,53","16553","R$15,00","193920","R$6,00","1097782","R$3,00","R$0,00","R$21.271.710,00","R$1.700.000,00","R$10.930.805,95",""
"1129","07/11/2014","2","3","4","5","7","8","12","13","16","17","18","19","21","22","23","5","ITIUBA/BA; BRAGANÇA/PA; LAGES/SC; BARUERI/SP; SÃO BERNARDO DO CAMPO/SP","R$281.337,78","787","R$785,67","25979","R$15,00","292972","R$6,00","1269964","R$3,00","R$0,00","R$20.557.042,50","R$1.700.000,00","R$11.255.426,47",""
"1130","10/11/2014","1","2","5","8","10","11","12","13","14","15","17","20","22","24","25","3","ITABORAI/RJ; PORTO VELHO/RO; SÃO JOSÉ DO RIO PRETO/SP","R$546.804,58","605","R$1.191,83","20445","R$15,00","244226","R$6,00","1265877","R$3,00","R$0,00","R$20.843.131,50","R$1.700.000,00","R$11.633.983,48",""
"1131","12/11/2014","2","3","4","6","12","14","15","16","17","19","20","21","22","24","25","2","RIO TINTO/PB; NATAL/RN","R$955.752,26","2117","R$396,89","16081","R$15,00","214646","R$6,00","1236658","R$3,00","R$0,00","R$21.445.612,50","R$1.700.000,00","R$12.075.099,92",""
"1132","14/11/2014","1","2","6","7","8","9","11","12","13","14","17","21","22","23","24","2","NOVA ERA/MG; PORTEL/PA","R$916.916,68","402","R$1.403,62","16714","R$15,00","248052","R$6,00","1289600","R$3,00","R$0,00","R$21.895.533,00","R$1.700.000,00","R$12.498.292,24",""
"1133","17/11/2014","2","4","5","6","7","8","9","10","12","13","14","16","18","24","25","2","JOÃO PESSOA/PB; OSASCO/SP","R$663.160,43","453","R$1.286,97","22944","R$15,00","210142","R$6,00","1105535","R$3,00","R$0,00","R$17.802.729,00","R$1.700.000,00","R$12.804.366,29",""
"1134","19/11/2014","1","2","4","8","10","11","12","13","14","15","17","18","20","23","25","5","POÇÕES/BA; NITEROI/RJ; SÃO JOSÉ/SC; PIRACICABA/SP; SÃO PAULO/SP","R$326.065,77","554","R$1.293,55","20193","R$15,00","253694","R$6,00","1279332","R$3,00","R$0,00","R$21.004.944,00","R$1.700.000,00","R$13.180.596,03",""
"1135","21/11/2014","3","4","5","8","9","10","12","15","16","17","18","19","23","24","25","4","FEIRA DE SANTANA/BA; IPATINGA/MG; PASSO FUNDO/RS; Florianópolis/SC","R$438.011,49","539","R$1.428,81","17046","R$15,00","211764","R$6,00","1140612","R$3,00","R$0,00","R$19.988.488,50","R$1.700.000,00","R$13.584.914,33",""
"1136","24/11/2014","1","2","5","6","7","9","10","11","15","17","18","19","21","22","24","4","IGARAPÉ GRANDE/MA; GUAÍBA/RS; COTIA/SP","R$466.867,51","504","R$1.628,70","17203","R$15,00","213223","R$6,00","1189269","R$3,00","R$0,00","R$20.921.626,50","R$1.700.000,00","R$14.015.868,96",""
"1137","26/11/2014","2","4","5","7","8","9","10","11","12","15","19","20","21","23","25","2","SEABRA/BA; SÃO PAULO/SP","R$827.881,58","560","R$1.299,65","19417","R$15,00","232427","R$6,00","1200513","R$3,00","R$0,00","R$20.278.443,00","R$1.700.000,00","R$14.397.968,16",""
"1138","28/11/2014","1","2","3","5","6","7","10","11","13","15","16","18","20","21","22","4","BETIM/MG; Curitiba/PR; SANTOS/SP; SÃO VICENTE/SP","R$384.620,32","1076","R$628,49","31382","R$15,00","310119","R$6,00","1257078","R$3,00","R$0,00","R$21.545.073,00","R$1.700.000,00","R$14.753.002,30",""
"1139","01/12/2014","1","2","3","6","11","13","14","15","16","17","18","19","21","22","25","1","SÃO VICENTE/SP","R$2.201.111,46","303","R$2.235,20","12072","R$15,00","181076","R$6,00","1177788","R$3,00","R$0,00","R$21.896.175,00","R$1.700.000,00","R$15.260.951,11",""
"1140","03/12/2014","3","4","5","6","7","8","10","15","18","19","20","21","23","24","25","0","","R$0,00","386","R$1.554,60","15516","R$15,00","209836","R$6,00","1298920","R$3,00","R$1.950.242,52","R$21.978.538,50","R$5.000.000,00","R$15.711.007,08",""
"1141","05/12/2014","5","6","9","10","11","12","13","15","16","17","18","22","23","24","25","4","BRASÍLIA/DF; ITAPECURU-MIRIM/MA; CAMPINAS/SP; SANTOS/SP","R$1.190.925,71","592","R$1.462,30","23206","R$15,00","314532","R$6,00","1920172","R$3,00","R$0,00","R$32.211.505,50","R$1.700.000,00","R$16.360.267,16",""
"1142","08/12/2014","2","4","7","8","9","10","12","13","15","16","19","20","22","23","24","2","RIO DE JANEIRO/RJ; SÃO PAULO/SP","R$747.916,43","836","R$786,49","23198","R$15,00","256342","R$6,00","1263713","R$3,00","R$0,00","R$20.365.473,00","R$1.700.000,00","R$16.705.459,36",""
"1143","10/12/2014","1","3","4","6","10","11","12","13","14","16","17","18","23","24","25","4","RIO BRANCO/AC; MACAPÁ/AP; BRASÍLIA/DF; SÃO BERNARDO DO CAMPO/SP","R$460.903,92","571","R$1.419,23","18883","R$15,00","239090","R$6,00","1289297","R$3,00","R$0,00","R$21.894.064,50","R$1.700.000,00","R$17.130.909,14",""
"1144","12/12/2014","2","3","4","6","7","8","10","13","14","17","18","19","23","24","25","6","UBERLÂNDIA/MG; ITAPERUNA/RJ; JOINVILLE/SC; CARMÓPOLIS/SE; GUARULHOS/SP; SÃO PAULO/SP","R$241.841,41","1236","R$516,03","29640","R$15,00","315854","R$6,00","1451025","R$3,00","R$0,00","R$22.449.136,50","R$1.700.000,00","R$17.465.766,48",""
"1145","15/12/2014","3","4","5","6","8","9","11","13","14","15","16","17","18","23","24","6","FEIRA GRANDE/AL; TRÊS PONTAS/MG; JI-PARANÁ/RO; Aracaju/SE; ITAPIRA/SP; MOGI GUAÇU/SP","R$271.763,87","746","R$960,77","37952","R$15,00","252358","R$6,00","1308997","R$3,00","R$0,00","R$21.795.334,50","R$1.700.000,00","R$17.842.054,93",""
"1146","17/12/2014","2","3","4","5","7","11","13","15","17","18","19","21","22","24","25","4","VARJÃO DE MINAS/MG; GOIANA/PE; IPOJUCA/PE; SÃO PAULO/SP","R$360.410,22","651","R$973,40","23815","R$15,00","279365","R$6,00","1411948","R$3,00","R$0,00","R$21.439.993,50","R$1.700.000,00","R$18.174.741,28",""
"1147","19/12/2014","1","6","7","8","9","11","12","14","15","16","18","19","20","22","25","1","MARINGÁ/PR","R$2.369.438,83","301","R$2.422,12","12821","R$15,00","190465","R$6,00","1092199","R$3,00","R$0,00","R$22.306.797,00","R$1.700.000,00","R$18.721.534,86",""
"1148","22/12/2014","1","3","4","5","6","9","10","13","14","16","17","18","19","20","24","2","RIO DE JANEIRO/RJ; BALNEÁRIO PIÇARRAS/SC","R$1.079.807,50","322","R$2.063,65","12633","R$15,00","187656","R$6,00","1130100","R$3,00","R$0,00","R$21.472.791,00","R$1.700.000,00","R$19.219.907,56",""
"1149","24/12/2014","1","2","3","6","7","8","10","12","15","17","18","19","21","22","23","2","GOIÂNIA/GO; PALMEIRA DAS MISSÕES/RS","R$719.185,53","429","R$1.473,77","14289","R$15,00","186969","R$6,00","984735","R$3,00","R$0,00","R$16.928.112,00","R$1.500.000,00","R$19.551.839,34",""
"1150","26/12/2014","5","7","8","9","11","12","13","14","15","17","18","20","22","23","24","2","LIMOEIRO/PE; FOZ DO IGUAÇU/PR","R$604.238,68","482","R$1.102,07","16197","R$15,00","195615","R$6,00","1064448","R$3,00","R$0,00","R$16.506.418,50","R$1.700.000,00","R$19.830.718,74",""
"1151","29/12/2014","1","3","7","9","10","11","12","14","15","16","20","21","22","24","25","4","Curitiba/PR; MANGARATIBA/RJ; IPIRANGA DO SUL/RS; SÃO PAULO/SP","R$459.987,86","460","R$1.758,19","17742","R$15,00","209598","R$6,00","1093353","R$3,00","R$0,00","R$20.099.499,00","R$1.500.000,00","R$20.255.322,92",""
"1152","31/12/2014","3","4","5","7","8","9","10","12","16","18","19","20","21","22","25","2","SALVADOR/BA; ARACRUZ/ES","R$778.768,69","259","R$1.850,36","9757","R$15,00","135337","R$6,00","836435","R$3,00","R$0,00","R$15.654.193,50","R$1.500.000,00","R$20.614.754,63",""
"1153","02/01/2015","1","2","3","5","6","8","9","12","13","15","18","19","20","24","25","3","UBERLÂNDIA/MG; SEARA/SC; ARAÇATUBA/SP","R$392.949,95","522","R$992,67","15414","R$15,00","174490","R$6,00","910818","R$3,00","R$0,00","R$14.996.847,00","R$1.500.000,00","R$20.886.796,91",""
"1154","05/01/2015","1","3","4","5","10","11","13","15","16","17","19","21","23","24","25","0","","R$0,00","702","R$754,55","31672","R$15,00","294190","R$6,00","1344456","R$3,00","R$1.205.065,17","R$20.268.645,00","R$3.500.000,00","R$21.164.888,89",""
"1155","07/01/2015","1","2","3","4","8","9","12","13","15","16","18","19","22","24","25","8","MALHADA DE PEDRAS/BA; SALVADOR/BA; FORTALEZA/CE; ASSIS CHATEAUBRIAND/PR; TRÊS PASSOS/RS; ITU/SP; SUZANO/SP; DIANÓPOLIS/TO","R$410.025,11","1349","R$676,16","37110","R$15,00","378572","R$6,00","1808028","R$3,00","R$0,00","R$29.107.575,00","R$1.700.000,00","R$21.643.766,36",""
"1156","09/01/2015","1","3","4","6","7","11","12","13","14","15","17","21","22","24","25","0","","R$0,00","420","R$1.527,33","16951","R$15,00","252050","R$6,00","1362970","R$3,00","R$2.084.801,18","R$23.711.176,50","R$3.500.000,00","R$22.124.874,34",""
"1157","12/01/2015","2","4","5","6","7","8","11","12","13","15","16","18","21","22","24","6","CHAPADÃO DO SUL/MS; Curitiba/PR; LONDRINA/PR; ARAÇATUBA/SP; Sorocaba/SP","R$738.515,95","937","R$1.100,68","30766","R$15,00","346838","R$6,00","1789798","R$3,00","R$0,00","R$29.688.457,50","R$1.700.000,00","R$22.666.326,93",""
"1158","14/01/2015","2","3","5","7","10","13","14","15","16","17","19","20","22","24","25","9","Eunápolis/BA; ANÁPOLIS/GO; Curvelândia/MT; JI-PARANÁ/RO; SANTOS/SP; SERTÃOZINHO/SP; ARAGUAÍNA/TO; Monte Santo do Tocantins/TO; PALMAS/TO","R$201.672,54","724","R$1.101,96","24208","R$15,00","270149","R$6,00","1353881","R$3,00","R$0,00","R$22.796.412,00","R$1.700.000,00","R$23.085.185,29",""
"1159","16/01/2015","1","2","3","4","6","8","9","14","15","16","17","22","23","24","25","3","RONDONÓPOLIS/MT; MARINGÁ/PR; RIBEIRÃO PIRES/SP","R$696.391,36","562","R$1.634,01","22730","R$15,00","231018","R$6,00","1275540","R$3,00","R$0,00","R$23.047.405,50","R$1.700.000,00","R$23.567.302,39",""
"1160","19/01/2015","2","4","5","6","7","8","10","11","15","16","17","18","21","22","25","3","BELÉM/PA; SANTA INÊS/PR; OSÓRIO/RS","R$688.006,87","424","R$1.497,84","16434","R$15,00","222231","R$6,00","1185333","R$3,00","R$0,00","R$21.972.724,50","R$1.700.000,00","R$24.043.614,84",""
"1161","21/01/2015","1","2","4","5","6","8","10","11","15","17","18","19","22","24","25","5","BELO HORIZONTE/MG; UBERLÂNDIA/MG; MAMBORÊ/PR; JARAGUÁ DO SUL/SC; Aracaju/SE","R$310.457,21","1035","R$659,24","26534","R$15,00","280113","R$6,00","1247330","R$3,00","R$0,00","R$20.973.367,50","R$1.700.000,00","R$24.401.834,70",""
"1162","23/01/2015","1","3","4","7","9","11","13","15","18","19","20","21","23","24","25","11","CAMAÇARI/BA; SALVADOR/BA; VILA VELHA/ES; JOÃO PINHEIRO/MG; RIO DE JANEIRO/RJ; BAURU/SP; CAMPINAS/SP; GUARULHOS/SP; PINDORAMA/SP; SANTOS/SP; SÃO PAULO/SP","R$102.077,86","1440","R$342,75","40577","R$15,00","363592","R$6,00","1479490","R$3,00","R$0,00","R$22.027.903,50","R$1.700.000,00","R$24.660.955,42",""
"1163","26/01/2015","2","6","7","9","11","12","13","14","16","17","19","20","21","23","24","1","Teresina/PI","R$1.867.921,45","576","R$1.425,45","20836","R$15,00","242672","R$6,00","1236105","R$3,00","R$0,00","R$21.768.279,00","R$1.700.000,00","R$25.092.014,22",""
"1164","28/01/2015","3","4","5","8","10","11","13","15","17","20","21","22","23","24","25","7","MORRINHOS/GO; ALFENAS/MG; CORINTO/MG; DOURADOS/MS; SÃO GONÇALO/RJ; MOJI MIRIM/SP; SÃO PAULO/SP","R$189.144,37","713","R$816,24","24177","R$15,00","291098","R$6,00","1433864","R$3,00","R$0,00","R$21.174.309,00","R$1.700.000,00","R$25.397.555,14",""
"1165","30/01/2015","1","2","3","5","8","9","10","12","15","17","18","19","21","22","25","2","ANÁPOLIS/GO; CAMPINAS/SP","R$877.464,49","589","R$1.309,67","20036","R$15,00","251573","R$6,00","1397441","R$3,00","R$0,00","R$22.397.730,00","R$1.700.000,00","R$25.802.538,76",""
"1166","02/02/2015","2","4","5","6","9","10","12","14","15","17","18","19","20","21","24","3","SALVADOR/BA; ANÁPOLIS/GO; BELÉM/PA","R$616.486,15","686","R$1.185,05","22016","R$15,00","246471","R$6,00","1245506","R$3,00","R$0,00","R$21.832.158,00","R$1.700.000,00","R$26.229.336,87",""
"1167","04/02/2015","1","2","4","5","7","8","9","11","12","14","15","16","18","21","23","4","ITUMBIARA/GO; DIVINÓPOLIS/MG; CAMPO GRANDE/MS; PRAIA GRANDE/SP","R$473.836,81","640","R$1.301,74","20502","R$15,00","232789","R$6,00","1234202","R$3,00","R$0,00","R$21.746.151,00","R$1.700.000,00","R$26.666.724,69",""
"1168","06/02/2015","1","3","4","5","7","8","9","10","11","13","16","19","23","24","25","5","MANAUS/AM; ANÁPOLIS/GO; RIO DE JANEIRO/RJ; BOA VISTA/RR; GURUPI/TO","R$311.311,55","595","R$1.149,91","22091","R$15,00","291652","R$6,00","1460421","R$3,00","R$0,00","R$22.452.838,50","R$1.700.000,00","R$27.025.930,33",""
"1169","09/02/2015","2","3","4","7","8","9","12","15","16","17","18","21","22","24","25","4","BRASÍLIA/DF; DIAMANTINA/MG; MARINGÁ/PR; SÃO PAULO/SP","R$400.866,58","699","R$1.008,32","21979","R$15,00","258006","R$6,00","1351133","R$3,00","R$0,00","R$21.479.797,50","R$1.700.000,00","R$27.395.961,02",""
"1170","11/02/2015","1","2","4","7","8","10","13","15","16","18","19","20","21","22","25","3","BRASÍLIA/DF; Curitiba/PR; INDAIATUBA/SP","R$647.596,70","634","R$1.346,96","20663","R$15,00","233917","R$6,00","1240784","R$3,00","R$0,00","R$22.048.744,50","R$1.700.000,00","R$27.844.297,21",""
"1171","13/02/2015","1","7","8","11","12","13","14","15","16","17","18","20","21","22","23","1","Florianópolis/SC","R$2.300.961,79","355","R$1.994,33","13902","R$15,00","224453","R$6,00","1173519","R$3,00","R$0,00","R$23.019.223,50","R$1.700.000,00","R$28.375.288,39",""
"1172","18/02/2015","2","6","8","9","10","11","12","13","14","16","19","20","23","24","25","1","VARGEM GRANDE PAULISTA/SP","R$1.744.500,41","705","R$1.087,67","14069","R$15,00","198218","R$6,00","1099818","R$3,00","R$0,00","R$19.386.712,50","R$1.700.000,00","R$28.777.865,41",""
"1173","20/02/2015","1","2","4","5","7","8","9","11","14","16","18","19","20","21","22","1","PALMEIRA DOESTE/SP","R$2.163.456,64","413","R$1.611,82","17120","R$15,00","221866","R$6,00","1181935","R$3,00","R$0,00","R$22.464.435,00","R$1.700.000,00","R$29.277.124,64",""
"1174","23/02/2015","1","2","3","5","6","8","9","10","11","13","15","17","18","19","23","7","SERRA/ES; VILA VELHA/ES; SÃO LUIS/MA; MARACAJU/MS; PARAUAPEBAS/PA; BAURU/SP; SÃO PAULO/SP","R$178.710,18","811","R$678,02","28183","R$15,00","303396","R$6,00","1514567","R$3,00","R$0,00","R$21.663.780,00","R$1.700.000,00","R$29.565.810,31",""
"1175","25/02/2015","1","3","4","8","10","12","13","14","15","19","20","21","23","24","25","1","LAGOA FORMOSA/MG","R$1.595.985,68","512","R$1.370,18","19620","R$15,00","247783","R$6,00","1296485","R$3,00","R$0,00","R$20.850.280,50","R$1.700.000,00","R$29.934.114,71",""
"1176","27/02/2015","2","3","5","7","10","11","12","13","15","16","18","19","20","23","25","3","SALVADOR/BA; ESTEIO/RS; SANTA MARIA/RS","R$510.552,33","698","R$964,54","25478","R$15,00","279317","R$6,00","1403735","R$3,00","R$0,00","R$21.889.470,00","R$1.700.000,00","R$30.287.574,02",""
"1177","02/03/2015","2","3","5","6","8","9","10","11","12","16","17","20","22","23","25","3","BRASÍLIA/DF; ITAPOÃ/SC; SANTO ANDRÉ/SP","R$701.474,06","587","R$1.575,84","19019","R$15,00","221344","R$6,00","1197839","R$3,00","R$0,00","R$22.335.670,50","R$1.700.000,00","R$30.773.209,92",""
"1178","04/03/2015","1","4","7","8","9","11","12","16","17","18","19","20","21","23","24","3","CRATO/CE; CASCAVEL/PR; CANOAS/RS","R$690.246,30","326","R$1.954,45","15255","R$15,00","206292","R$6,00","1222447","R$3,00","R$0,00","R$22.001.776,50","R$1.700.000,00","R$31.251.072,75",""
"1179","06/03/2015","1","2","3","5","6","7","8","9","13","15","18","19","20","21","25","3","JIJOCA DE JERICOACOARA/CE; CONTAGEM/MG; SERRA TALHADA/PE","R$578.249,52","496","R$1.537,35","22763","R$15,00","271836","R$6,00","1490266","R$3,00","R$0,00","R$23.298.714,00","R$1.700.000,00","R$31.651.399,34",""
"1180","09/03/2015","1","2","6","7","8","9","10","11","13","14","15","19","20","22","23","0","","R$0,00","299","R$2.246,23","13637","R$15,00","185213","R$6,00","1223802","R$3,00","R$2.182.774,65","R$22.227.936,00","R$5.000.000,00","R$32.155.116,58","VALOR ACUMULADO DO PRÓXIMO CONCURSO: R$ 2.182.774,65."
"1181","11/03/2015","3","4","5","6","7","8","9","11","13","14","20","21","22","23","24","3","RIO DE JANEIRO/RJ; SÃO FIDÉLIS/RJ; LORENA/SP","R$1.757.452,83","541","R$1.757,19","19932","R$15,00","283733","R$6,00","1694528","R$3,00","R$0,00","R$31.520.962,50","R$1.700.000,00","R$32.868.097,47",""
"1182","13/03/2015","3","6","7","8","10","12","13","16","18","19","20","21","22","24","25","3","BRASÍLIA/DF; BELÉM/PA; ATIBAIA/SP","R$709.341,60","646","R$1.447,98","17244","R$15,00","241549","R$6,00","1308110","R$3,00","R$0,00","R$23.419.953,00","R$1.700.000,00","R$33.359.180,12",""
"1183","16/03/2015","1","3","4","9","11","13","14","15","16","18","19","20","22","24","25","3","VOLTA REDONDA/RJ; Aracaju/SE","R$622.023,76","699","R$1.173,46","20572","R$15,00","245877","R$6,00","1289743","R$3,00","R$0,00","R$22.159.285,50","R$1.700.000,00","R$33.789.811,96",""
"1184","18/03/2015","2","4","6","7","10","11","12","14","16","17","18","19","20","21","25","1","GOIÂNIA/GO","R$2.133.412,26","358","R$1.833,62","14636","R$15,00","196640","R$6,00","1121789","R$3,00","R$0,00","R$21.476.034,00","R$1.700.000,00","R$34.282.137,87",""
"1185","20/03/2015","3","5","6","7","9","13","14","16","18","19","21","22","23","24","25","3","Teresina/PI; LIMEIRA/SP; SÃO PAULO/SP","R$559.158,61","602","R$1.224,83","22422","R$15,00","251471","R$6,00","1332381","R$3,00","R$0,00","R$21.647.536,50","R$1.700.000,00","R$34.669.247,68",""
"1186","23/03/2015","1","2","4","5","6","9","11","14","15","16","18","20","22","23","24","4","URBERLÂNDIA/MG; BELÉM/PA; RIO DE JANEIRO/RJ; SÃO PAULO/SP","R$489.607,29","525","R$1.639,71","18439","R$15,00","215732","R$6,00","1171676","R$3,00","R$0,00","R$21.332.187,00","R$1.700.000,00","R$35.121.192,88",""
"1187","25/03/2015","1","2","4","7","8","10","11","12","14","16","19","21","22","23","25","9","TIMBIRAS/MA; UBERLÂNDIA/MG; COLNIZA/MT; Teresina/PI; CASCAVEL/PR; RIO DE JANEIRO/RJ; LAGOINHA/SP; PRAIA GRANDE/SP; ZACARIAS/SP","R$192.823,52","899","R$848,51","21820","R$15,00","228077","R$6,00","1163799","R$3,00","R$0,00","R$20.448.493,50","R$1.700.000,00","R$35.521.672,51",""
"1188","27/03/2015","1","2","4","5","6","8","10","12","13","14","18","20","22","23","24","4","GOIÂNIA/GO; SÃO DOMINGOS/SC; SÃO PAULO/SP; TABOÃO DA SERRA/SP","R$370.853,61","1810","R$360,24","37375","R$15,00","282671","R$6,00","1281067","R$3,00","R$0,00","R$21.263.713,50","R$1.700.000,00","R$35.863.998,92",""
"1189","30/03/2015","3","4","5","8","9","12","13","14","15","17","18","19","20","21","25","6","MANAUS/AM; Curitiba/PR; RIO DE JANEIRO/RJ; PORTO ALEGRE/RS; Ribeirão Preto/SP; SÃO PAULO/SP","R$288.381,73","479","R$1.587,82","17172","R$15,00","226268","R$6,00","1251233","R$3,00","R$0,00","R$20.835.762,00","R$1.700.000,00","R$36.263.296,70",""
"1190","01/04/2015","2","3","4","6","9","10","11","14","15","16","17","21","22","23","25","1","SÃO JOSÉ DOS CAMPOS/SP","R$2.136.248,97","475","R$1.383,81","15338","R$15,00","184727","R$6,00","1058979","R$3,00","R$0,00","R$20.923.675,50","R$1.700.000,00","R$36.756.277,23",""
"1191","04/04/2015","1","2","3","5","7","10","12","13","14","16","17","18","22","24","25","1","CANDIDO GODOI/RS","R$1.252.095,70","411","R$1.339,10","15298","R$15,00","183368","R$6,00","938082","R$3,00","R$0,00","R$15.665.419,50","R$1.700.000,00","R$37.045.222,41",""
"1192","06/04/2015","1","2","3","4","5","6","9","11","12","13","15","16","19","20","21","1","GOIÂNIA/GO","R$1.466.301,62","321","R$1.405,51","12037","R$15,00","159639","R$6,00","924064","R$3,00","R$0,00","R$16.204.819,50","R$1.700.000,00","R$37.383.599,71",""
"1193","08/04/2015","1","4","7","8","9","10","13","14","15","18","19","20","22","23","25","1","SANTO ÂNGELO/RS","R$1.542.823,69","616","R$1.100,91","21309","R$15,00","262626","R$6,00","1256782","R$3,00","R$0,00","R$20.574.138,00","R$1.700.000,00","R$37.739.635,95",""
"1194","10/04/2015","2","4","8","9","10","12","15","16","17","18","19","22","23","24","25","1","SÃO BERNARDO DO CAMPO/SP","R$1.566.231,31","522","R$1.318,87","21582","R$15,00","260475","R$6,00","1318828","R$3,00","R$0,00","R$21.093.849,00","R$1.700.000,00","R$38.101.073,95",""
"1195","13/04/2015","1","5","6","9","10","11","12","14","15","17","18","19","20","22","25","2","Curitiba/PR; SÃO PAULO/SP","R$1.032.629,25","348","R$1.826,05","14838","R$15,00","198939","R$6,00","1148531","R$3,00","R$0,00","R$21.356.226,00","R$1.700.000,00","R$38.577.672,08",""
"1196","15/04/2015","1","2","4","6","7","8","9","11","12","16","17","18","19","20","23","3","BETIM/MG; SÃO LEOPOLDO/RS; SÃO PAULO/SP","R$696.392,77","354","R$1.815,89","15957","R$15,00","176143","R$6,00","1056763","R$3,00","R$0,00","R$20.577.646,50","R$1.700.000,00","R$39.059.790,16",""
"1197","17/04/2015","1","4","5","6","7","8","11","13","14","16","17","18","20","24","25","3","APARECIDA DO RIO DOCE/GO; URBANO SANTOS/MA; Curitiba/PR","R$691.984,93","387","R$1.650,53","14561","R$15,00","203302","R$6,00","1124707","R$3,00","R$0,00","R$21.297.295,50","R$1.700.000,00","R$39.538.856,66","Rateio em processamento. Tente mais tarde."
"1198","20/04/2015","1","3","4","6","7","9","10","11","15","17","20","21","22","23","25","1","FORTALEZA/CE","R$1.723.524,11","438","R$1.729,66","17570","R$15,00","227127","R$6,00","1151587","R$3,00","R$0,00","R$20.148.141,00","R$1.700.000,00","R$39.936.592,99",""
"1199","22/04/2015","1","2","3","4","5","6","10","14","15","16","19","21","22","24","25","2","AÇAILÂNDIA/MA; SÃO PAULO/SP","R$814.375,76","521","R$1.374,15","11269","R$15,00","152319","R$6,00","892622","R$3,00","R$0,00","R$16.675.675,50","R$1.700.000,00","R$40.312.458,74",""
"1200","24/04/2015","3","4","5","6","7","8","10","11","12","14","15","16","22","24","25","2","CAMPO GRANDE/MS; CUIABÁ/MT","R$967.752,48","350","R$1.701,54","14640","R$15,00","195461","R$6,00","1175668","R$3,00","R$0,00","R$20.839.179,00","R$1.700.000,00","R$40.759.113,74",""
"1201","27/04/2015","5","6","9","10","11","14","16","18","19","20","21","22","23","24","25","2","ALAGOINHAS/BA; CAROLINA/MA","R$988.362,39","406","R$1.498,09","14855","R$15,00","200625","R$6,00","1107123","R$3,00","R$0,00","R$20.655.547,50","R$1.700.000,00","R$41.215.280,99",""
"1202","29/04/2015","2","3","4","8","10","13","14","16","17","18","19","20","23","24","25","5","MACEIÓ/AL; FORTALEZA/CE; SANTA JULIANA/MG; CARUARU/PE; SÃO PAULO/SP","R$332.119,02","430","R$1.697,51","17761","R$15,00","226483","R$6,00","1210941","R$3,00","R$0,00","R$20.236.188,00","R$1.700.000,00","R$41.598.495,25",""
"1203","02/05/2015","1","2","3","5","6","11","12","13","14","15","17","22","23","24","25","4","BAYEUX/PB; PORTO ALEGRE/RS; SÃO PAULO/SP","R$373.757,42","351","R$1.310,57","23666","R$15,00","164273","R$6,00","962740","R$3,00","R$0,00","R$17.071.273,50","R$1.500.000,00","R$41.943.502,10",""
"1204","04/05/2015","1","2","5","7","8","9","12","13","15","16","19","20","21","22","23","8","SALVADOR/BA; CAMPO GRANDE/MS; CAMPO LARGO/PR; Curitiba/PR; GRAVATAÍ/RS; Florianópolis/SC; ENGENHEIRO COELHO/SP; MOGI GUAÇU/SP","R$174.068,07","658","R$930,25","17103","R$15,00","191301","R$6,00","1011166","R$3,00","R$0,00","R$17.034.378,00","R$1.700.000,00","R$42.264.858,54",""
"1205","06/05/2015","1","3","6","8","9","11","12","14","17","18","20","21","22","24","25","2","SALVADOR/BA; LONDRINA/PR","R$893.289,14","841","R$933,78","22569","R$15,00","231468","R$6,00","1163523","R$3,00","R$0,00","R$20.773.822,50","R$1.700.000,00","R$42.677.145,84",""
"1206","08/05/2015","1","3","5","7","10","11","13","14","15","18","21","22","23","24","25","7","MANACAPURU/AM; BRASÍLIA/DF; PIRAPORA/MG; ITAPEVI/SP; SÃO JOSÉ DOS CAMPOS/SP; SÃO PAULO/SP","R$204.215,72","706","R$890,02","22936","R$15,00","294203","R$6,00","1452786","R$3,00","R$0,00","R$21.830.041,50","R$1.700.000,00","R$43.007.032,77",""
"1207","11/05/2015","1","3","4","7","9","10","11","12","13","14","15","18","19","21","24","2","BRASÍLIA/DF; GOIÂNIA/GO","R$817.265,12","499","R$1.439,82","19145","R$15,00","234741","R$6,00","1288012","R$3,00","R$0,00","R$20.791.027,50","R$1.700.000,00","R$43.384.232,07",""
"1208","13/05/2015","1","2","3","4","5","10","11","14","15","18","19","20","22","24","25","1","BEBEDOURO/SP","R$1.800.550,78","501","R$1.579,74","17461","R$15,00","224909","R$6,00","1247198","R$3,00","R$0,00","R$21.150.385,50","R$1.700.000,00","R$43.799.743,80",""
"1209","15/05/2015","3","4","5","7","8","9","10","11","14","15","16","18","19","20","24","3","RIBEIRÃO DAS NEVES/MG; RIO DE JANEIRO/RJ; SÃO JOSÉ DOS CAMPOS/SP","R$627.419,15","435","R$1.331,40","16677","R$15,00","224890","R$6,00","1262525","R$3,00","R$0,00","R$21.635.815,50","R$1.700.000,00","R$44.234.110,91",""
"1210","18/05/2015","1","2","4","8","10","11","13","15","16","18","19","20","21","22","25","13","MACEIÓ/AL; GOIÂNIA/GO; BELO HORIZONTE/MG; CABO DE SANTO AGOSTINHO/PE; JATAIZINHO/PR; Aracaju/SE; ARUJÁ/SP; JACAREÍ/SP; SÃO PAULO/SP; TABOÃO DA SERRA/SP","R$117.138,10","3318","R$201,73","28040","R$15,00","262558","R$6,00","1310830","R$3,00","R$0,00","R$21.070.927,50","R$1.700.000,00","R$44.585.525,21",""
"1211","20/05/2015","1","2","3","5","7","10","11","12","13","15","16","17","20","23","24","2","BELÉM/PA; Curitiba/PR","R$832.743,80","456","R$1.605,44","17973","R$15,00","219018","R$6,00","1209692","R$3,00","R$0,00","R$20.157.576,00","R$1.700.000,00","R$44.969.868,50",""
"1212","22/05/2015","1","2","3","5","6","7","8","9","10","15","16","17","18","20","24","4","MARECHAL CÂNDIDO RONDON/PR; PETRÓPOLIS/RJ; CAMPINAS/SP; SANTOS/SP","R$521.682,66","372","R$1.726,00","16205","R$15,00","165259","R$6,00","1050365","R$3,00","R$0,00","R$20.381.919,00","R$1.700.000,00","R$45.451.421,73",""
"1213","25/05/2015","2","3","5","6","7","8","9","10","14","17","18","20","23","24","25","6","SALVADOR/BA; RIO DE JANEIRO/RJ; JUNDIAÍ/SP; SANTANA DE PARNAÍBA/SP","R$319.755,76","296","R$1.994,32","14256","R$20,00","195972","R$8,00","1017995","R$4,00","R$0,00","R$23.038.696,00","R$1.700.000,00","R$45.894.160,48",""
"1214","27/05/2015","1","2","3","4","5","7","8","9","13","14","18","19","20","21","23","2","NOVA RUSSAS/CE; BAIXO GUANDU/ES","R$775.596,57","475","R$1.435,45","15762","R$20,00","189378","R$8,00","989378","R$4,00","R$0,00","R$20.893.166,00","R$1.700.000,00","R$46.252.128,13",""
"1215","29/05/2015","3","7","9","11","12","13","14","15","16","17","18","20","21","22","24","2","JACOBINA/BA; CUIABÁ/MT","R$925.164,99","395","R$1.441,35","13594","R$20,00","192678","R$8,00","932594","R$4,00","R$0,00","R$21.832.184,00","R$1.700.000,00","R$46.679.127,36",""
"1216","01/06/2015","1","2","3","7","10","12","14","15","17","18","20","21","22","23","24","1","ANANINDEUA/PA","R$1.791.538,06","427","R$1.844,23","15077","R$20,00","183099","R$8,00","976241","R$4,00","R$0,00","R$21.828.556,00","R$1.700.000,00","R$47.092.559,23",""
"1217","03/06/2015","1","3","6","7","8","9","10","11","12","13","17","19","20","24","25","1","SANTO CRISTO/RS","R$1.984.077,81","255","R$2.394,06","11493","R$20,00","158349","R$8,00","951456","R$4,00","R$0,00","R$21.952.012,00","R$1.700.000,00","R$47.550.423,34",""
"1218","05/06/2015","1","2","3","4","5","7","9","10","11","13","14","18","20","21","23","1","UBATUBA/SP","R$1.052.205,73","621","R$744,77","24018","R$20,00","187786","R$8,00","928005","R$4,00","R$0,00","R$18.190.288,00","R$1.700.000,00","R$47.793.240,06",""
"1219","08/06/2015","2","3","4","5","6","8","9","10","14","16","19","20","22","23","25","0","","R$0,00","238","R$2.584,10","12527","R$20,00","159601","R$8,00","918817","R$4,00","R$1.998.795,67","R$21.798.640,00","R$4.500.000,00","R$48.254.500,61",""
"1220","10/06/2015","2","3","4","5","6","7","9","13","14","17","18","19","20","23","25","4","SALVADOR/BA; FORTALEZA/CE; BRASÍLIA/DF; SANTO ANDRÉ/SP","R$1.026.828,47","473","R$1.371,62","20133","R$20,00","266061","R$8,00","1364338","R$4,00","R$0,00","R$28.675.268,00","R$1.700.000,00","R$48.741.081,74",""
"1221","12/06/2015","2","3","4","6","9","10","12","14","15","18","19","21","22","23","24","2","INDEPENDENCIA/RS; Sorocaba/SP","R$896.752,87","565","R$1.395,31","17566","R$20,00","198564","R$8,00","1024426","R$4,00","R$0,00","R$22.670.382,00","R$1.700.000,00","R$49.154.967,68",""
"1222","15/06/2015","1","2","3","4","5","8","9","10","11","13","15","17","20","22","24","5","GOIÂNIA/GO; PATOS DE MINAS/MG; MARINGÁ/PR; BLUMENAU/SC; GUARULHOS/SP","R$290.026,29","523","R$1.218,77","18306","R$20,00","207989","R$8,00","1062637","R$4,00","R$0,00","R$21.508.104,00","R$1.700.000,00","R$49.489.613,41",""
"1223","17/06/2015","2","6","7","8","9","10","13","14","16","17","18","20","21","22","23","1","SALTO/SP","R$2.121.040,55","247","R$2.642,22","10152","R$20,00","146636","R$8,00","871691","R$4,00","R$0,00","R$21.637.224,00","R$1.700.000,00","R$49.979.084,31",""
"1224","19/06/2015","1","2","4","5","6","8","9","11","12","14","15","16","17","18","19","4","FEIRA DE SANTANA/BA; BRASÍLIA/DF; CONCÓRDIA/SC; PENÁPOLIS/SP","R$524.104,00","486","R$1.327,27","11599","R$20,00","147382","R$8,00","845017","R$4,00","R$0,00","R$21.351.194,00","R$1.700.000,00","R$50.462.872,62",""
"1225","22/06/2015","2","3","5","7","11","13","14","15","17","18","20","21","23","24","25","2","SALVADOR/BA; SÃO PAULO/SP","R$503.805,02","693","R$639,11","22558","R$20,00","235272","R$8,00","1141021","R$4,00","R$0,00","R$20.699.968,00","R$1.700.000,00","R$50.695.398,02",""
"1226","24/06/2015","1","3","5","7","8","10","11","14","15","17","19","21","22","23","24","3","CATU/BA; BELO HORIZONTE/MG; JUNDIAÍ/SP","R$423.954,14","645","R$866,76","17883","R$20,00","183335","R$8,00","851407","R$4,00","R$0,00","R$18.231.320,00","R$1.700.000,00","R$50.988.904,73",""
"1227","26/06/2015","1","2","7","8","9","10","11","12","13","14","17","19","21","22","25","2","Curitiba/PR; JABOTICABAL/SP","R$875.663,02","319","R$1.689,24","12279","R$20,00","163631","R$8,00","893202","R$4,00","R$0,00","R$20.392.276,00","R$1.700.000,00","R$51.393.056,90",""
"1228","29/06/2015","1","2","3","4","6","7","9","10","12","13","17","20","22","23","24","2","MACEIÓ/AL; GOIÂNIA/GO","R$766.948,00","388","R$1.737,73","15319","R$20,00","176317","R$8,00","943283","R$4,00","R$0,00","R$20.130.444,00","R$1.700.000,00","R$51.747.032,91",""
"1229","01/07/2015","1","2","3","5","6","7","8","13","14","17","19","20","22","24","25","4","RIO DE JANEIRO/RJ; SANTIAGO/RS; CAMPINAS/SP; JUNDIAÍ/SP","R$430.153,05","478","R$1.582,24","14740","R$20,00","178924","R$8,00","940954","R$4,00","R$0,00","R$21.062.596,00","R$1.700.000,00","R$52.144.097,28",""
"1230","03/07/2015","1","2","3","5","6","7","8","10","11","12","13","17","18","19","21","1","MEDIANEIRA/PR","R$1.664.045,97","404","R$1.810,51","14404","R$20,00","185410","R$8,00","1012230","R$4,00","R$0,00","R$21.530.462,00","R$1.700.000,00","R$52.528.107,89",""
"1231","06/07/2015","1","3","4","5","7","8","12","13","15","16","18","20","21","22","25","2","BALNEÁRIO CAMBORIÚ/SC; GUARUJÁ/SP","R$876.511,07","634","R$1.215,39","17632","R$20,00","191333","R$8,00","982907","R$4,00","R$0,00","R$21.962.556,00","R$1.700.000,00","R$52.932.651,47",""
"1232","08/07/2015","2","3","5","6","9","10","13","14","15","16","19","21","23","24","25","1","BELO HORIZONTE/MG","R$1.730.536,94","547","R$1.390,63","16521","R$20,00","192970","R$8,00","1001460","R$4,00","R$0,00","R$21.998.154,00","R$1.700.000,00","R$53.332.006,15",""
"1233","10/07/2015","1","4","5","9","10","13","14","15","16","17","18","19","22","23","25","3","MARITUBA/PA; VACARIA/RS; SÃO PAULO/SP","R$668.188,71","336","R$1.835,68","11052","R$20,00","143522","R$8,00","849020","R$4,00","R$0,00","R$20.833.974,00","R$1.700.000,00","R$53.794.598,34",""
"1234","13/07/2015","1","2","5","8","9","10","14","16","17","18","19","20","21","24","25","1","SÃO PAULO/SP","R$2.249.837,46","241","R$2.872,44","9362","R$20,00","126274","R$8,00","811077","R$4,00","R$0,00","R$21.323.538,00","R$1.700.000,00","R$54.313.791,60",""
"1235","15/07/2015","1","2","3","4","6","9","10","11","12","13","15","17","18","20","24","1","VILA VELHA/ES","R$1.592.534,98","383","R$1.827,71","14044","R$20,00","181557","R$8,00","955029","R$4,00","R$0,00","R$20.567.256,00","R$1.700.000,00","R$54.681.299,68",""
"1236","17/07/2015","1","2","3","5","6","7","9","10","11","12","13","17","19","23","25","9","CANDEIAS/BA; VITÓRIA DA CONQUISTA/BA; BRASÍLIA/DF; Curitiba/PR; SANTANA DO ITARARÉ/PR; ARRAIAL DO CABO/RJ; PORTO ALEGRE/RS; PRESIDENTE PRUDENTE/SP; SÃO BERNARDO DO CAMPO/SP","R$115.640,66","783","R$584,26","27094","R$20,00","274509","R$8,00","1148788","R$4,00","R$0,00","R$21.855.270,00","R$1.700.000,00","R$54.921.476,43",""
"1237","20/07/2015","3","5","6","7","8","9","10","12","13","14","18","21","22","24","25","1","SÃO PAULO/SP","R$1.937.958,14","279","R$2.137,26","10894","R$20,00","158272","R$8,00","930832","R$4,00","R$0,00","R$21.505.720,00","R$1.700.000,00","R$55.368.697,54",""
"1238","22/07/2015","2","3","5","7","8","9","11","13","14","15","16","17","18","21","25","2","MACAÉ/RJ; Sorocaba/SP","R$749.682,40","464","R$1.420,39","15927","R$20,00","200742","R$8,00","982100","R$4,00","R$0,00","R$20.782.286,00","R$1.700.000,00","R$55.714.704,81",""
"1239","24/07/2015","5","6","8","9","10","11","12","13","14","15","16","18","20","22","24","2","POÇOS DE CALDAS/MG; Curitiba/PR","R$875.384,91","395","R$1.363,79","15556","R$20,00","190547","R$8,00","892606","R$4,00","R$0,00","R$21.022.142,00","R$1.700.000,00","R$56.118.728,63",""
"1240","27/07/2015","1","2","3","4","5","6","9","12","13","16","18","19","20","22","24","3","BELO HORIZONTE/MG; Aracaju/SE; ILHABELA/SP","R$590.817,28","348","R$1.567,16","12563","R$20,00","167553","R$8,00","897961","R$4,00","R$0,00","R$20.625.180,00","R$1.700.000,00","R$56.527.755,98",""
"1241","29/07/2015","1","4","5","8","9","10","11","12","13","15","17","20","22","24","25","1","SALVADOR/BA","R$1.546.030,95","432","R$1.573,08","18042","R$20,00","177847","R$8,00","916606","R$4,00","R$0,00","R$20.100.144,00","R$1.700.000,00","R$56.884.532,36",""
"1242","31/07/2015","1","2","4","5","7","11","14","15","16","19","20","21","23","24","25","0","","R$0,00","347","R$1.742,36","11868","R$20,00","156146","R$8,00","883027","R$4,00","R$1.964.948,47","R$21.211.692,00","R$4.500.000,00","R$57.337.982,01",""
"1243","03/08/2015","1","2","4","5","6","8","12","13","14","15","16","17","22","24","25","2","Aracaju/SE; JACAREÍ/SP","R$2.217.441,97","527","R$1.442,09","18709","R$20,00","237141","R$8,00","1277542","R$4,00","R$0,00","R$29.100.764,00","R$1.700.000,00","R$57.907.967,12",""
"1244","05/08/2015","1","3","5","7","9","10","11","12","13","16","17","19","21","23","25","37","AM; BA; GO; MG; MS; PA; PR; RJ; RN; RS; SC; SP; TO","R$22.561,88","5503","R$66,68","61942","R$20,00","299525","R$8,00","1066597","R$4,00","R$0,00","R$22.117.948,00","R$1.700.000,00","R$58.100.610,85",""
"1245","07/08/2015","2","3","4","5","6","8","9","11","15","16","17","18","19","21","25","0","","R$0,00","294","R$2.346,10","11311","R$20,00","161088","R$8,00","926795","R$4,00","R$2.241.694,31","R$23.055.664,00","R$4.500.000,00","R$58.617.924,93",""
"1246","10/08/2015","1","4","7","8","9","10","12","13","16","17","18","19","22","24","25","2","SERRA/ES; PATOS/PB","R$2.270.432,38","427","R$1.656,76","19415","R$20,00","242849","R$8,00","1302608","R$4,00","R$0,00","R$28.611.750,00","R$1.700.000,00","R$59.148.502,73",""
"1247","12/08/2015","2","3","7","8","9","11","15","16","17","18","19","20","23","24","25","1","Ribeirão Preto/SP","R$2.046.541,05","382","R$1.648,44","12027","R$20,00","162180","R$8,00","984772","R$4,00","R$0,00","R$22.660.508,00","R$1.700.000,00","R$59.620.781,43",""
"1248","14/08/2015","1","3","5","10","11","12","13","15","16","17","19","20","22","24","25","1","GOIÂNIA/GO","R$1.590.460,75","455","R$1.536,49","20424","R$20,00","220776","R$8,00","1070198","R$4,00","R$0,00","R$22.606.072,00","R$1.700.000,00","R$59.987.810,85",""
"1249","17/08/2015","3","4","5","6","9","12","13","14","15","18","19","20","22","24","25","2","IMBITUBA/SC; GUARARAPES/SP","R$837.088,20","472","R$1.559,11","16553","R$20,00","199064","R$8,00","989845","R$4,00","R$0,00","R$21.723.416,00","R$1.700.000,00","R$60.374.159,26",""
"1250","19/08/2015","2","3","4","5","7","9","10","14","15","17","18","19","20","24","25","3","SALVADOR/BA; TAPIRAÍ/MG; VOLTA REDONDA/RJ","R$493.800,98","510","R$1.276,79","19444","R$20,00","209582","R$8,00","1002547","R$4,00","R$0,00","R$21.198.858,00","R$1.700.000,00","R$60.716.021,48",""
"1251","21/08/2015","2","6","7","8","9","10","14","15","16","17","19","20","21","23","25","1","ALAGOINHAS/BA","R$2.219.990,67","224","R$3.049,44","9577","R$20,00","141185","R$8,00","837669","R$4,00","R$0,00","R$21.696.918,00","R$1.700.000,00","R$61.228.327,02",""
"1252","24/08/2015","1","3","4","5","6","8","9","10","11","12","15","20","21","23","24","1","GUARULHOS/SP","R$1.847.950,49","375","R$1.516,27","11175","R$20,00","152089","R$8,00","929122","R$4,00","R$0,00","R$20.941.186,00","R$1.700.000,00","R$61.654.777,15",""
"1253","26/08/2015","1","2","3","5","6","7","11","15","16","18","20","22","23","24","25","0","","R$0,00","253","R$2.076,67","12239","R$20,00","164580","R$8,00","894846","R$4,00","R$1.707.536,35","R$20.204.010,00","R$4.500.000,00","R$62.048.824,00",""
"1254","28/08/2015","2","3","8","9","11","12","14","15","16","17","18","20","21","22","23","3","BRASÍLIA/DF; JOAO MONLEVADE/MG; MANGA/MG","R$1.382.797,68","367","R$2.046,41","14308","R$20,00","182896","R$8,00","1053314","R$4,00","R$0,00","R$25.732.226,00","R$85.000.000,00","R$62.612.098,62",""
"1255","08/09/2015","1","2","4","6","7","9","10","13","14","16","18","20","21","23","25","51","AL; AM; BA; CE; DF; ES; GO; MA; MG; MS; MT; PA; PR; RJ; RS; SC; SE; SP","R$1.757.073,66","9354","R$1.030,82","222527","R$20,00","2225323","R$8,00","10900909","R$4,00","R$0,00","R$259.134.214,00","R$2.000.000,00","R$0,00",""
"1256","09/09/2015","1","2","6","8","10","11","12","13","14","15","16","18","19","22","23","0","","R$0,00","223","R$1.890,78","8037","R$20,00","105232","R$8,00","618173","R$4,00","R$1.370.342,19","R$14.736.838,00","R$4.000.000,00","R$316.232,83",""
"1257","11/09/2015","1","2","5","6","8","10","11","12","13","14","16","19","20","22","25","4","LAURO DE FREITAS/BA; UBERLÂNDIA/MG; LONDRINA/PR; RIO DE JANEIRO/RJ","R$1.000.838,63","634","R$1.825,50","21929","R$20,00","273385","R$8,00","1328846","R$4,00","R$0,00","R$31.186.172,00","R$1.700.000,00","R$923.851,07",""
"1258","14/09/2015","2","3","4","5","6","8","9","10","12","13","14","20","21","23","25","3","RIO DE JANEIRO/RJ; MACHADINHO DOESTE/RO; SÃO PAULO/SP","R$626.024,08","386","R$1.497,07","16797","R$20,00","209024","R$8,00","1186826","R$4,00","R$0,00","R$24.723.490,00","R$1.700.000,00","R$1.357.252,36",""
"1259","16/09/2015","2","5","8","9","10","13","14","16","17","18","19","20","22","23","25","2","BRASÍLIA/DF; IBIRITÉ/MG","R$980.616,91","363","R$1.662,41","15235","R$20,00","201614","R$8,00","1088500","R$4,00","R$0,00","R$24.039.580,00","R$1.700.000,00","R$1.809.844,78",""
"1260","18/09/2015","1","2","3","4","5","6","7","11","14","15","17","18","20","22","24","3","SANTA ROSA/RS; Ribeirão Preto/SP; ARAGUAÍNA/TO","R$742.189,80","334","R$2.051,19","13269","R$20,00","183007","R$8,00","1004074","R$4,00","R$0,00","R$24.169.694,00","R$1.700.000,00","R$2.323.668,48",""
"1261","21/09/2015","1","4","5","7","10","12","15","16","17","18","19","20","21","22","25","1","SALVADOR/BA","R$2.287.918,58","272","R$2.588,14","11056","R$20,00","151109","R$8,00","891056","R$4,00","R$0,00","R$22.768.752,00","R$1.700.000,00","R$2.851.649,70",""
"1262","23/09/2015","1","3","4","6","8","11","12","13","16","17","20","21","22","23","24","2","OLINDA/PE; OSASCO/SP","R$1.056.296,15","337","R$1.928,87","12770","R$20,00","157691","R$8,00","842398","R$4,00","R$0,00","R$21.648.720,00","R$1.700.000,00","R$3.339.171,01",""
"1263","25/09/2015","3","4","5","8","9","10","11","12","13","16","18","20","22","23","25","5","BELÉM/PA; NOVO HAMBURGO/RS; PORTO ALEGRE/RS; SÃO PAULO/SP","R$310.462,61","643","R$1.061,17","17315","R$20,00","194684","R$8,00","1073068","R$4,00","R$0,00","R$21.826.236,00","R$1.700.000,00","R$3.697.397,11",""
"1264","28/09/2015","1","4","5","8","10","11","12","14","17","18","21","22","23","24","25","3","SINOP/MT; ITAGUAÍ/RJ; MARÍLIA/SP","R$672.705,95","378","R$1.642,75","12578","R$20,00","162749","R$8,00","924533","R$4,00","R$0,00","R$22.006.582,00","R$1.700.000,00","R$4.163.116,61",""
"1265","30/09/2015","1","2","3","4","7","11","13","14","15","16","19","22","23","24","25","1","BRASÍLIA/DF","R$1.827.729,94","297","R$1.893,53","11910","R$20,00","184095","R$8,00","959356","R$4,00","R$0,00","R$21.730.032,00","R$1.700.000,00","R$4.584.900,45",""
"1266","02/10/2015","1","2","3","5","6","8","9","10","11","13","14","15","20","23","24","2","ITUVERAVA/SP; SÃO PAULO/SP","R$821.651,87","454","R$1.591,03","16170","R$20,00","238824","R$8,00","1116837","R$4,00","R$0,00","R$23.428.438,00","R$1.700.000,00","R$4.964.124,39",""
"1267","05/10/2015","2","3","5","6","7","9","11","12","13","15","16","17","18","22","25","2","SENADOR CANEDO/GO; ITAPIRA/SP","R$877.825,08","533","R$1.447,86","19030","R$20,00","208706","R$8,00","1064610","R$4,00","R$0,00","R$23.097.362,00","R$1.700.000,00","R$5.369.274,43",""
"1268","07/10/2015","1","2","3","6","7","8","11","12","13","15","17","18","21","22","24","7","SERRA/ES; NOVA FRIBURGO/RJ; ENCANTADO/RS; BRAGANÇA PAULISTA/SP; SANTA BARBARA DO OESTE/SP; SÃO BERNARDO DO CAMPO/SP; SÃO PAULO/SP","R$270.747,41","621","R$1.341,49","24660","R$20,00","187595","R$8,00","985666","R$4,00","R$0,00","R$22.949.038,00","R$1.700.000,00","R$5.806.635,65",""
"1269","09/10/2015","1","4","5","7","8","11","13","14","16","17","18","20","21","22","23","1","BELO HORIZONTE/MG","R$2.122.133,58","469","R$1.392,25","15880","R$20,00","176812","R$8,00","969283","R$4,00","R$0,00","R$23.338.162,00","R$1.700.000,00","R$6.296.358,79",""
"1270","13/10/2015","1","2","3","4","5","6","8","9","10","11","13","20","21","23","25","1","APARECIDA DE GOIÂNIA/GO","R$936.238,41","459","R$896,58","18700","R$20,00","205601","R$8,00","869796","R$4,00","R$0,00","R$17.164.486,00","R$1.000.000,00","R$6.512.413,81",""
"1271","14/10/2015","1","2","4","6","8","9","11","12","13","14","17","18","23","24","25","4","PRIMAVERA DO LESTE/MT; MARÍLIA/SP; SÃO PAULO/SP","R$303.052,99","439","R$1.213,75","12582","R$20,00","142019","R$8,00","728852","R$4,00","R$0,00","R$15.828.120,00","R$1.700.000,00","R$6.792.155,04",""
"1272","16/10/2015","1","4","7","9","10","14","15","17","18","19","20","21","23","24","25","2","FRAIBURGO/SC; SÃO JOÃO DA BOA VISTA/SP","R$893.135,20","440","R$1.784,48","16416","R$20,00","190731","R$8,00","1001427","R$4,00","R$0,00","R$22.230.660,00","R$1.700.000,00","R$7.204.371,29",""
"1273","19/10/2015","1","3","5","6","8","11","12","13","14","15","18","19","20","22","24","2","Montes Claros/MG; UBERLÂNDIA/MG","R$770.928,17","404","R$1.677,57","14558","R$20,00","182126","R$8,00","916304","R$4,00","R$0,00","R$19.996.028,00","R$1.700.000,00","R$7.560.184,30",""
"1274","21/10/2015","1","3","7","8","10","11","12","13","14","15","18","19","20","22","25","0","","R$0,00","323","R$1.545,66","13275","R$20,00","185789","R$8,00","985133","R$4,00","R$1.622.554,33","R$21.032.664,00","R$4.500.000,00","R$7.934.619,92",""
"1275","23/10/2015","3","6","7","8","10","11","13","14","15","16","17","18","20","23","25","3","ALTA FLORESTA/MT; TUBARÃO/SC; TAQUARITUBA/SP","R$1.239.696,36","525","R$1.755,34","18024","R$20,00","280524","R$8,00","1258389","R$4,00","R$0,00","R$27.819.710,00","R$1.700.000,00","R$8.418.435,64",""
"1276","26/10/2015","1","3","5","7","10","12","14","15","16","18","19","21","22","23","24","6","MANAUS/AM; MACHADO/MG; MONTE ALEGRE DOS CAMPOS/RS; EMBU DAS ARTES/SP; GUARULHOS/SP; SÃO PAULO/SP","R$305.237,62","700","R$1.150,03","17743","R$20,00","178183","R$8,00","873576","R$4,00","R$0,00","R$21.126.582,00","R$1.700.000,00","R$8.841.072,34",""
"1277","28/10/2015","1","2","3","4","6","9","10","12","13","15","17","18","21","22","25","3","BRASÍLIA/DF; TOMAZINA/PR; VOLTA REDONDA/RJ","R$615.929,93","436","R$1.862,87","14412","R$20,00","161841","R$8,00","889803","R$4,00","R$0,00","R$20.907.398,00","R$1.700.000,00","R$9.267.485,38",""
"1278","30/10/2015","4","6","7","9","10","12","15","16","17","18","19","20","21","22","24","2","DIVINÓPOLIS/MG; CUIABÁ/MT","R$1.097.709,98","235","R$2.874,53","10251","R$20,00","147529","R$8,00","825699","R$4,00","R$0,00","R$21.611.388,00","R$1.700.000,00","R$9.774.120,75",""
"1279","03/11/2015","1","3","4","7","8","9","11","12","13","14","16","18","19","21","23","2","GUARAPUAVA/PR; SÃO PAULO/SP","R$640.594,52","602","R$935,48","16860","R$20,00","166190","R$8,00","815035","R$4,00","R$0,00","R$17.589.304,00","R$1.700.000,00","R$10.069.779,77",""
"1280","04/11/2015","1","3","4","5","7","9","11","14","15","17","19","22","23","24","25","3","DIAMANTINA/MG; RIO DAS OSTRAS/RJ; Aracaju/SE","R$282.214,73","732","R$508,40","22053","R$20,00","185161","R$8,00","788629","R$4,00","R$0,00","R$15.760.464,00","R$1.700.000,00","R$10.265.159,20",""
"1281","06/11/2015","1","3","5","6","8","9","12","13","15","19","21","22","23","24","25","3","MANAUS/AM; ARUJÁ/SP; BRAGANÇA PAULISTA/SP","R$539.833,86","574","R$1.240,18","18293","R$20,00","211250","R$8,00","1095099","R$4,00","R$0,00","R$22.707.396,00","R$1.700.000,00","R$10.638.890,34",""
"1282","09/11/2015","5","6","7","9","10","11","12","14","17","19","20","21","22","23","25","1","CUIABÁ/MT","R$1.975.430,80","325","R$1.870,23","12960","R$20,00","156471","R$8,00","867838","R$4,00","R$0,00","R$21.181.528,00","R$1.700.000,00","R$11.094.758,99",""
"1283","11/11/2015","2","6","7","8","9","10","11","12","13","15","16","17","18","22","23","1","BELO HORIZONTE/MG","R$2.020.727,99","266","R$2.337,45","10748","R$20,00","172498","R$8,00","916702","R$4,00","R$0,00","R$22.042.486,00","R$1.700.000,00","R$11.561.080,84",""
"1284","13/11/2015","2","4","5","7","8","10","11","13","16","17","18","20","22","23","25","8","BELO HORIZONTE/MG; DIVINÓPOLIS/MG; SARZEDO/MG; PRIMAVERA/PA; Curitiba/PR; TOLEDO/PR; TIJUCAS/SC; SANTOS/SP","R$194.951,87","1162","R$589,96","24794","R$20,00","233378","R$8,00","1040955","R$4,00","R$0,00","R$22.613.912,00","R$1.700.000,00","R$11.920.992,00",""
"1285","16/11/2015","1","2","6","7","10","11","12","15","16","17","18","20","22","24","25","2","ITAPIRA/SP; SANTA FE DO SUL/SP","R$961.810,09","449","R$1.883,17","15313","R$20,00","163114","R$8,00","886921","R$4,00","R$0,00","R$21.323.890,00","R$1.700.000,00","R$12.364.904,35",""
"1286","18/11/2015","1","3","4","5","7","10","11","12","16","17","19","20","21","23","25","3","PORTO ALEGRE/RS; PRAIA GRANDE/SP; SÃO PAULO/SP","R$563.141,69","409","R$1.815,65","16971","R$20,00","191442","R$8,00","945015","R$4,00","R$0,00","R$21.272.652,00","R$1.700.000,00","R$12.754.771,68",""
"1287","20/11/2015","3","4","5","6","9","11","13","17","18","19","21","22","23","24","25","1","BARÃO DO TRIUNFO/RS","R$1.435.915,05","334","R$1.889,73","11588","R$20,00","157399","R$8,00","860308","R$4,00","R$0,00","R$18.373.920,00","R$1.700.000,00","R$13.086.136,70",""
"1288","23/11/2015","1","2","5","9","10","13","15","16","17","18","19","20","23","24","25","1","COTIA/SP","R$1.791.535,79","414","R$1.902,14","12290","R$20,00","162657","R$8,00","963605","R$4,00","R$0,00","R$21.215.584,00","R$1.700.000,00","R$13.499.568,05",""
"1289","25/11/2015","1","2","5","7","8","11","13","15","16","17","18","20","22","24","25","10","GUARAPARI/ES; IMPERATRIZ/MA; UBERABA/MG; CORUMBÁ/MS; COSTA RICA/MS; RESERVA DO IGUAÇU/PR; CHAPECÓ/SC; ARARAQUARA/SP; BIRIGUI/SP; SÃO PAULO/SP","R$125.897,56","997","R$555,06","25859","R$20,00","242801","R$8,00","1040478","R$4,00","R$0,00","R$21.328.176,00","R$1.700.000,00","R$13.790.100,88",""
"1290","27/11/2015","1","3","4","5","6","11","13","14","16","19","20","21","22","23","25","0","","R$0,00","255","R$2.186,98","11112","R$20,00","147112","R$8,00","892183","R$4,00","R$1.812.456,23","R$20.334.992,00","R$4.500.000,00","R$14.208.360,02",""
"1291","30/11/2015","1","6","7","8","10","11","12","13","15","16","18","19","20","21","24","0","","R$0,00","360","R$2.132,72","14360","R$20,00","208756","R$8,00","1175327","R$4,00","R$4.307.743,98","R$27.585.058,00","R$7.500.000,00","R$14.784.195,65",""
"1292","02/12/2015","1","2","3","7","8","10","11","14","15","17","19","22","23","24","25","5","CORRENTINA/BA; VILA VELHA/ES; GOIÂNIA/GO; BELO HORIZONTE/MG; CARANGOLA/MG","R$1.421.825,26","981","R$1.255,22","31464","R$20,00","350049","R$8,00","1780845","R$4,00","R$0,00","R$37.960.616,00","R$1.700.000,00","R$15.430.668,50",""
"1293","04/12/2015","1","2","7","8","9","10","11","12","13","15","17","18","20","22","24","5","SALVADOR/BA; RECIFE/PE; BARRA MANSA/RJ; RIO DE JANEIRO/RJ; BAURU/SP","R$295.302,17","835","R$777,26","24797","R$20,00","278959","R$8,00","1225827","R$4,00","R$0,00","R$24.707.432,00","R$1.700.000,00","R$15.771.401,76",""
"1294","07/12/2015","2","5","6","7","8","10","11","12","13","14","16","18","20","23","25","2","IBITIRAMA/ES; MARINGÁ/PR","R$785.901,18","499","R$1.384,57","20787","R$20,00","233089","R$8,00","1109506","R$4,00","R$0,00","R$23.110.372,00","R$1.700.000,00","R$16.134.125,38",""
"1295","09/12/2015","3","6","9","10","11","12","13","14","15","17","18","19","23","24","25","2","PALMEIRAS DE GOIÁS/GO; RIFAINA/SP","R$932.778,76","362","R$1.585,69","13635","R$20,00","171675","R$8,00","1048874","R$4,00","R$0,00","R$22.585.000,00","R$1.700.000,00","R$16.564.638,66",""
"1296","11/12/2015","5","7","9","10","11","14","15","16","17","18","19","20","21","23","25","1","Curitiba/PR","R$1.638.944,19","415","R$1.735,93","16444","R$20,00","226130","R$8,00","1115664","R$4,00","R$0,00","R$23.177.762,00","R$1.700.000,00","R$16.942.856,56",""
"1297","14/12/2015","1","2","5","6","7","8","9","10","11","12","16","17","18","19","22","4","BRASÍLIA/DF; SÃO GABRIEL DA PALHA/ES; CUIABÁ/MT; RIO DE JANEIRO/RJ","R$559.760,88","302","R$2.281,25","9936","R$20,00","145129","R$8,00","863204","R$4,00","R$0,00","R$22.112.070,00","R$1.700.000,00","R$17.459.558,91",""
"1298","16/12/2015","2","3","4","6","7","9","12","17","18","20","21","22","23","24","25","2","PORTO VELHO/RO; RIO NEGRINHO/SC","R$1.002.996,03","355","R$1.738,67","13576","R$20,00","168410","R$8,00","938535","R$4,00","R$0,00","R$22.221.502,00","R$1.700.000,00","R$17.922.480,16",""
"1299","18/12/2015","1","3","5","7","8","11","13","17","18","19","20","21","22","23","25","2","MARINGÁ/PR; GUARULHOS/SP","R$461.287,61","736","R$550,98","35627","R$20,00","277123","R$8,00","1211505","R$4,00","R$0,00","R$22.270.272,00","R$1.700.000,00","R$18.135.382,14",""
"1300","21/12/2015","2","6","7","9","10","11","12","13","14","15","18","20","23","24","25","2","FORTALEZA/CE; TABOÃO DA SERRA/SP","R$877.972,18","335","R$1.612,81","13345","R$20,00","188431","R$8,00","1025521","R$4,00","R$0,00","R$22.116.858,00","R$1.700.000,00","R$18.540.600,08",""
"1301","23/12/2015","1","2","3","4","6","7","9","10","14","16","17","19","22","24","25","1","SÃO PAULO/SP","R$2.116.913,81","282","R$2.309,78","13355","R$20,00","165552","R$8,00","892009","R$4,00","R$0,00","R$22.290.554,00","R$1.700.000,00","R$19.029.118,65",""
"1302","26/12/2015","3","4","6","9","11","12","13","14","15","16","17","18","20","22","25","2","SÃO JOÃO DEL REI/MG; TUPÃ/SP","R$604.196,01","127","R$2.927,66","5639","R$20,00","80419","R$8,00","501657","R$4,00","R$0,00","R$12.309.570,00","R$1.500.000,00","R$19.307.978,36",""
"1303","28/12/2015","1","5","8","9","10","11","13","14","15","16","18","19","20","22","23","3","LÁBREA/AM; LAVRAS/MG; BELÉM/PA","R$426.530,54","334","R$1.684,00","11666","R$20,00","150905","R$8,00","831540","R$4,00","R$0,00","R$17.217.532,00","R$1.700.000,00","R$19.603.268,74",""
"1304","30/12/2015","1","2","3","7","8","10","11","13","14","17","18","19","20","21","25","3","JOÃO PINHEIRO/MG; COSMÓPOLIS/SP; SÃO PAULO/SP","R$503.584,09","500","R$1.328,13","17101","R$20,00","208067","R$8,00","1032067","R$4,00","R$0,00","R$21.479.654,00","R$1.700.000,00","R$19.951.903,89",""
"1305","02/01/2016","2","3","4","5","6","7","8","11","12","13","15","17","20","23","25","0","","R$0,00","151","R$1.480,97","5886","R$20,00","80509","R$8,00","468054","R$4,00","R$726.785,50","R$9.612.498,00","R$2.000.000,00","R$20.119.623,62",""
"1306","04/01/2016","1","2","5","6","7","9","12","13","14","15","18","19","20","22","23","0","","R$0,00","341","R$1.404,83","11700","R$20,00","139163","R$8,00","788411","R$4,00","R$2.283.685,56","R$18.276.442,00","R$4.000.000,00","R$20.478.908,25",""
"1307","06/01/2016","3","4","6","8","9","10","12","13","14","15","16","18","20","21","23","1","CANELA/RS","R$4.555.976,78","654","R$1.527,23","22954","R$20,00","262771","R$8,00","1349431","R$4,00","R$0,00","R$29.880.584,00","R$1.700.000,00","R$21.003.283,15",""
"1308","08/01/2016","3","5","6","7","8","9","11","14","16","17","19","20","22","23","25","1","RIO DE JANEIRO/RJ","R$2.044.927,03","385","R$1.634,31","13798","R$20,00","174497","R$8,00","965452","R$4,00","R$0,00","R$23.133.230,00","R$1.700.000,00","R$21.475.189,39",""
"1309","11/01/2016","2","4","5","6","8","10","12","13","14","16","18","19","20","24","25","4","PAULO AFONSO/BA; BRASÍLIA/DF; BELO HORIZONTE/MG; Curitiba/PR","R$363.000,04","1688","R$378,10","30175","R$20,00","222792","R$8,00","942705","R$4,00","R$0,00","R$21.564.060,00","R$1.700.000,00","R$21.810.266,36",""
"1310","13/01/2016","1","2","3","4","5","7","8","10","11","15","17","18","19","21","23","2","CONTAGEM/MG; TRÊS PASSOS/RS","R$758.990,85","391","R$1.706,50","17284","R$20,00","220783","R$8,00","1084752","R$4,00","R$0,00","R$22.577.480,00","R$1.500.000,00","R$22.160.569,83",""
"1311","15/01/2016","2","3","5","6","8","10","11","12","14","15","17","18","20","23","25","9","CÂNDIDO SALES/BA; CAXIAS/MA; CAMPO GRANDE/MS; CHAPADÃO DO SUL/MS; CUIABÁ/MT; Curitiba/PR; JARAGUÁ DO SUL/SC; VIDEIRA/SC; SÃO PAULO/SP","R$138.854,57","1343","R$409,02","27888","R$20,00","254533","R$8,00","1100353","R$4,00","R$0,00","R$22.473.290,00","R$1.700.000,00","R$22.448.960,09",""
"1312","18/01/2016","1","2","4","5","6","7","9","11","13","18","19","20","23","24","25","5","SALVADOR/BA; PINHEIRO PRETO/SC; CÂNDIDO MOTA/SP; SÃO PAULO/SP","R$324.262,22","484","R$1.472,44","15880","R$20,00","192710","R$8,00","1046100","R$4,00","R$0,00","R$22.161.846,00","R$1.500.000,00","R$22.823.108,82",""
"1313","20/01/2016","1","4","8","10","11","13","15","16","17","20","21","22","23","24","25","4","BRASÍLIA/DF; JATAÍ/GO; JOÃO ALFREDO/PE; LAGUNA/SC","R$403.720,52","518","R$1.370,34","16303","R$20,00","182920","R$8,00","969011","R$4,00","R$0,00","R$21.256.766,00","R$1.700.000,00","R$23.195.773,93",""
"1314","22/01/2016","3","5","8","9","10","11","14","15","16","18","19","21","22","24","25","2","BRASÍLIA/DF; SÃO PAULO/SP","R$940.485,57","464","R$1.781,89","15387","R$20,00","178274","R$8,00","973988","R$4,00","R$0,00","R$22.523.756,00","R$1.700.000,00","R$23.629.844,20",""
"1315","25/01/2016","1","2","3","4","5","8","10","11","12","14","16","18","19","23","25","5","LAURO DE FREITAS/BA; PARÁ DE MINAS/MG; CAMPO GRANDE/MS; BAYEUX/PB; SANTOS/SP","R$310.723,62","453","R$1.507,52","14800","R$20,00","171672","R$8,00","917120","R$4,00","R$0,00","R$20.190.418,00","R$1.700.000,00","R$23.988.371,46",""
"1316","27/01/2016","1","2","3","4","5","6","11","12","15","17","19","20","23","24","25","2","CANOAS/RS; PORTO ALEGRE/RS","R$905.082,28","298","R$1.869,04","11061","R$20,00","151994","R$8,00","903039","R$4,00","R$0,00","R$20.825.516,00","R$1.700.000,00","R$24.406.101,75",""
"1317","29/01/2016","1","3","5","7","8","9","10","11","14","16","20","22","23","24","25","3","WENCESLAU GUIMARÃES/BA; PIRES DO RIO/GO; BELO HORIZONTE/MG","R$571.820,42","352","R$1.499,53","14678","R$20,00","189962","R$8,00","1003541","R$4,00","R$0,00","R$22.140.308,00","R$1.500.000,00","R$24.801.977,43",""
"1318","01/02/2016","1","2","3","4","6","7","8","9","12","13","14","15","17","20","23","4","SALVADOR/BA; SELVÍRIA/MS; NOVA IGUAÇU/RJ; SÃO JOSÉ DO RIO PRETO/SP","R$440.233,11","349","R$1.552,51","12941","R$20,00","195443","R$8,00","937575","R$4,00","R$0,00","R$21.783.164,00","R$1.700.000,00","R$25.208.346,46",""
"1319","03/02/2016","3","5","6","8","9","10","11","13","14","15","17","19","22","23","25","12","NANUQUE/MG; PADRE PARAÍSO/MG; MARABÁ/PA; IMBITUVA/PR; PARELHAS/RN; IMBITUBA/SC; BAURU/SP; CEDRAL/SP; JAÚ/SP; PIRAPORA DO BOM JESUS/SP; SÃO BERNARDO DO CAMPO/SP; SÃO PAULO/SP","R$95.885,50","1044","R$484,45","25624","R$20,00","248998","R$8,00","1149055","R$4,00","R$0,00","R$22.213.822,00","R$1.700.000,00","R$25.473.875,54",""
"1320","05/02/2016","2","3","4","5","9","11","12","13","15","16","17","21","22","23","25","3","QUEIMADOS/RJ; SANTO ANASTÁCIO/SP; SÃO PAULO/SP","R$666.899,87","235","R$2.619,57","11172","R$20,00","180873","R$8,00","992435","R$4,00","R$0,00","R$23.154.492,00","R$1.700.000,00","R$25.935.575,47",""
"1321","10/02/2016","2","3","4","6","7","9","10","11","13","14","18","19","20","23","24","3","GOIÂNIA/GO; IRANI/SC; MONDAÍ/SC","R$462.091,45","466","R$1.307,62","14949","R$20,00","178223","R$8,00","875280","R$4,00","R$0,00","R$19.083.686,00","R$1.700.000,00","R$26.255.484,95",""
"1322","12/02/2016","1","2","6","7","8","9","11","13","15","16","17","18","21","24","25","3","FORTALEZA/CE; SÃO PAULO/SP; TAUBATÉ/SP","R$665.937,46","421","R$1.460,12","12926","R$20,00","169900","R$8,00","976924","R$4,00","R$0,00","R$22.875.148,00","R$1.700.000,00","R$26.716.518,57",""
"1323","15/02/2016","1","4","5","6","9","10","11","13","14","17","19","20","21","22","23","7","BARREIRAS/BA; CAXIAS DO SUL/RS; SÃO JOSÉ/SC; ELDORADO/SP; SERTÃOZINHO/SP; SÃO JOSÉ DO RIO PRETO/SP; SÃO PAULO/SP","R$250.058,34","497","R$1.548,10","14238","R$20,00","171286","R$8,00","905305","R$4,00","R$0,00","R$21.046.068,00","R$1.600.000,00","R$27.120.458,97",""
"1324","17/02/2016","1","4","5","6","7","8","10","11","13","17","18","19","21","24","25","2","BALNEÁRIO CAMBORIÚ/SC; SÃO PAULO/SP","R$833.678,89","381","R$1.346,55","13771","R$20,00","169561","R$8,00","951848","R$4,00","R$0,00","R$21.001.092,00","R$1.700.000,00","R$27.505.233,85",""
"1325","19/02/2016","2","3","5","6","7","9","10","14","15","16","18","19","20","21","25","1","PEREIRAS/SP","R$1.841.784,96","289","R$1.960,91","12989","R$20,00","170153","R$8,00","911362","R$4,00","R$0,00","R$21.486.702,00","R$1.700.000,00","R$27.930.261,15",""
"1326","22/02/2016","1","3","4","6","8","9","10","17","18","19","20","21","22","24","25","0","","R$0,00","193","R$3.466,84","8671","R$20,00","125305","R$8,00","800309","R$4,00","R$2.174.575,46","R$21.122.340,00","R$4.800.000,00","R$28.432.086,27",""
"1327","24/02/2016","1","3","4","5","7","10","13","14","16","17","18","20","22","23","25","3","BRASÍLIA/DF; NOVA ANDRADINA/MS; PASSO FUNDO/RS","R$1.436.716,31","658","R$1.426,61","21376","R$20,00","248368","R$8,00","1276329","R$4,00","R$0,00","R$28.174.280,00","R$1.700.000,00","R$28.924.910,92",""
"1328","26/02/2016","2","5","6","8","9","10","13","15","16","17","21","22","23","24","25","1","TOLEDO/PR","R$1.858.266,84","319","R$1.792,40","11217","R$20,00","155678","R$8,00","927499","R$4,00","R$0,00","R$21.370.280,00","R$1.700.000,00","R$29.353.741,74",""
"1329","29/02/2016","2","3","4","5","7","10","11","13","15","16","18","22","23","24","25","4","FORTALEZA/CE; MAFRA/SC; GUARAREMA/SP; SÃO PAULO/SP","R$324.452,68","451","R$1.264,89","19474","R$20,00","213125","R$8,00","1041507","R$4,00","R$0,00","R$21.021.892,00","R$1.700.000,00","R$29.653.236,52",""
"1330","02/03/2016","4","5","7","10","12","13","16","17","18","19","20","22","23","24","25","0","","R$0,00","311","R$1.760,46","11888","R$20,00","176864","R$8,00","974352","R$4,00","R$1.779.389,64","R$21.824.644,00","R$4.500.000,00","R$30.063.864,91",""
"1331","04/03/2016","1","2","3","5","6","7","10","11","14","15","16","18","23","24","25","6","CAMAÇARI/BA; LAURO DE FREITAS/BA; SALVADOR/BA; PASSO FUNDO/RS; BARUERI/SP; LOUVEIRA/SP","R$648.857,16","657","R$1.414,18","22922","R$20,00","261924","R$8,00","1382391","R$4,00","R$0,00","R$29.363.826,00","R$1.700.000,00","R$30.551.654,14",""
"1332","07/03/2016","1","4","5","6","8","11","12","13","14","15","16","18","20","21","24","1","Curitiba/PR","R$1.937.850,89","345","R$1.728,30","13581","R$20,00","175074","R$8,00","934638","R$4,00","R$0,00","R$22.306.660,00","R$1.700.000,00","R$30.998.850,51",""
"1333","09/03/2016","3","4","5","7","8","9","10","11","12","14","17","18","20","22","24","3","CAMPO GRANDE/MS; GAROPABA/SC; SÃO JOSÉ DOS CAMPOS/SP","R$553.000,59","638","R$1.142,99","19203","R$20,00","201852","R$8,00","1013563","R$4,00","R$0,00","R$22.374.732,00","R$1.700.000,00","R$31.381.697,07",""
"1334","11/03/2016","3","4","6","7","9","10","11","13","15","16","17","18","19","21","22","1","LIMEIRA/SP","R$2.034.557,16","380","R$1.647,41","14411","R$20,00","174810","R$8,00","963437","R$4,00","R$0,00","R$23.096.120,00","R$1.700.000,00","R$31.851.210,27",""
"1335","14/03/2016","1","3","4","6","7","9","10","11","13","16","17","18","23","24","25","10","MANAUS/AM; SALVADOR/BA; BRASÍLIA/DF; BELO HORIZONTE/MG; ITANHANDU/MG; JUIZ DE FORA/MG; COLORADO DO OESTE/RO; CAPÃO BONITO/SP; DIADEMA/SP; RIO CLARO/SP","R$139.326,27","914","R$670,04","20428","R$20,00","209721","R$8,00","1089847","R$4,00","R$0,00","R$21.933.078,00","R$1.700.000,00","R$32.172.732,44",""
"1336","16/03/2016","6","8","9","10","11","12","13","14","15","17","18","19","20","22","24","1","CUIABÁ/MT","R$1.877.886,70","410","R$1.409,29","20608","R$20,00","152330","R$8,00","892353","R$4,00","R$0,00","R$21.516.932,00","R$1.700.000,00","R$32.606.090,92",""
"1337","18/03/2016","1","3","5","6","8","9","10","12","13","15","16","19","21","23","25","22","JUAZEIRO/BA; BELO HORIZONTE/MG; CONGONHAS/MG; TRÊS PONTAS/MG; CUIABÁ/MT; RECIFE/PE; BARBOSA FERRAZ/PR; CIANORTE/PR; PONTA GROSSA/PR; TOLEDO/PR; RIO DE JANEIRO/RJ; PALMEIRA DAS MISSÕES/RS; PELOTAS/RS; CAMBORIÚ/SC; JANDIRA/SP; PINDAMONHANGABA/SP; SANTOS/SP; SÃO PAULO/SP","R$52.214,17","2099","R$240,55","32325","R$20,00","268595","R$8,00","1042702","R$4,00","R$0,00","R$21.893.578,00","R$1.700.000,00","R$32.871.178,22",""
"1338","21/03/2016","1","2","3","4","6","7","10","11","12","13","14","15","16","17","19","2","TELEMACO BORBA/PR; BARIRI/SP","R$1.005.069,51","379","R$1.631,94","11675","R$20,00","159727","R$8,00","796478","R$4,00","R$0,00","R$21.027.144,00","R$1.700.000,00","R$33.335.056,46",""
"1339","23/03/2016","2","3","4","5","6","7","8","11","13","14","16","20","21","23","24","0","","R$0,00","260","R$2.237,51","11804","R$20,00","148640","R$8,00","872706","R$4,00","R$1.890.696,83","R$20.926.302,00","R$4.500.000,00","R$33.771.371,12",""
"1340","26/03/2016","1","2","4","5","7","9","10","12","13","14","16","17","18","19","22","3","CAITITÉ/BA; ITABIRA/MG; BARRA MANSA/RJ","R$1.193.709,44","408","R$1.821,19","15710","R$20,00","184855","R$8,00","974772","R$4,00","R$0,00","R$21.701.310,00","R$1.700.000,00","R$34.161.470,70",""
"1341","28/03/2016","1","3","4","8","9","10","13","14","15","16","17","20","21","23","24","2","JUAZEIRO DO NORTE/CE; BLUMENAU/SC","R$759.613,22","325","R$1.438,32","9960","R$20,00","125066","R$8,00","684496","R$4,00","R$0,00","R$16.786.140,00","R$1.700.000,00","R$34.512.061,42",""
"1342","30/03/2016","1","2","3","5","9","10","11","12","13","15","20","21","23","24","25","1","ESTÂNCIA VELHA/RS","R$1.135.172,01","457","R$1.091,85","15279","R$20,00","214667","R$8,00","1050535","R$4,00","R$0,00","R$20.115.534,00","R$1.700.000,00","R$34.774.024,20",""
"1343","01/04/2016","2","4","5","9","10","11","13","14","15","16","17","19","21","23","24","2","RIO DE JANEIRO/RJ; SÃO BERNARDO DO CAMPO/SP","R$833.864,22","694","R$1.056,29","18630","R$20,00","194539","R$8,00","989795","R$4,00","R$0,00","R$22.038.264,00","R$1.700.000,00","R$35.158.884,61",""
"1344","04/04/2016","2","4","6","7","8","10","11","12","13","17","18","21","23","24","25","4","ESTREITO/MA; MONTE AZUL/MG; CAJAZEIRAS/PB; IPOJUCA/PE","R$407.494,12","396","R$1.809,27","15962","R$20,00","190307","R$8,00","986811","R$4,00","R$0,00","R$21.618.134,00","R$1.700.000,00","R$35.535.033,03",""
"1345","06/04/2016","1","3","7","8","9","10","11","14","15","17","19","21","22","24","25","2","RIBEIRÃO DAS NEVES/MG; BELÉM/PA","R$801.675,99","439","R$1.605,39","18907","R$20,00","204196","R$8,00","1020974","R$4,00","R$0,00","R$22.190.574,00","R$1.700.000,00","R$35.905.037,34",""
"1346","08/04/2016","2","3","5","7","8","10","11","14","15","18","19","20","21","23","25","8","UBERLÂNDIA/MG; BARBOSA FERRAZ/PR; DIAMANTE DO OESTE/PR; RIO DE JANEIRO/RJ; VOLTA REDONDA/RJ; JOINVILLE/SC; SÃO CAETANO DO SUL/SP","R$168.503,79","856","R$692,22","23217","R$20,00","243097","R$8,00","1158977","R$4,00","R$0,00","R$23.086.260,00","R$1.700.000,00","R$36.216.121,26",""
"1347","11/04/2016","1","3","5","6","7","8","10","12","13","14","17","18","20","23","24","2","JUNDIAÍ/SP; SÃO PAULO/SP","R$736.262,22","638","R$1.014,51","19581","R$20,00","203590","R$8,00","1021405","R$4,00","R$0,00","R$21.551.170,00","R$1.700.000,00","R$36.555.934,59",""
"1348","13/04/2016","1","2","6","7","8","9","10","14","15","18","20","21","22","24","25","2","BRAGANÇA PAULISTA/SP; SANTO ANDRÉ/SP","R$1.126.117,01","218","R$3.178,88","8405","R$20,00","127862","R$8,00","842578","R$4,00","R$0,00","R$21.941.016,00","R$1.700.000,00","R$37.075.680,92",""
"1349","15/04/2016","2","3","4","5","6","7","8","12","14","16","18","19","21","24","25","3","Três Lagoas/MS; CASCAVEL/PR; SÃO PAULO/SP","R$646.480,17","389","R$1.534,07","12988","R$20,00","161542","R$8,00","876018","R$4,00","R$0,00","R$21.496.722,00","R$1.700.000,00","R$37.523.244,13",""
"1350","18/04/2016","1","5","6","8","9","11","12","13","14","16","18","19","20","21","23","1","SANTA MARIA/RS","R$1.681.533,40","335","R$1.544,46","12967","R$20,00","162153","R$8,00","883131","R$4,00","R$0,00","R$20.265.078,00","R$1.700.000,00","R$37.911.290,30",""
"1351","20/04/2016","2","4","6","7","10","11","13","17","19","20","21","22","23","24","25","3","CAMAÇARI/BA; BRASÍLIA/DF; FRANCISCO BELTRÃO/PR","R$480.671,98","550","R$1.152,46","17889","R$20,00","197896","R$8,00","948466","R$4,00","R$0,00","R$20.540.312,00","R$1.500.000,00","R$38.244.063,20",""
"1352","22/04/2016","6","8","10","11","12","13","14","15","16","19","20","21","23","24","25","2","CANOAS/RS; BAURU/SP","R$696.639,39","283","R$1.514,85","9882","R$20,00","138706","R$8,00","744154","R$4,00","R$0,00","R$16.946.198,00","R$1.700.000,00","R$38.565.589,08",""
"1353","25/04/2016","3","5","7","8","9","10","11","12","14","18","21","22","23","24","25","1","CIANORTE/PR","R$1.589.007,19","284","R$1.721,57","12573","R$20,00","169011","R$8,00","912056","R$4,00","R$0,00","R$20.171.258,00","R$1.700.000,00","R$38.932.283,05",""
"1354","27/04/2016","1","2","3","5","7","9","11","12","13","14","15","18","20","21","24","1","BARRETOS/SP","R$1.351.856,57","398","R$1.493,02","14350","R$20,00","177710","R$8,00","938810","R$4,00","R$0,00","R$19.458.300,00","R$1.700.000,00","R$39.244.249,96",""
"1355","29/04/2016","1","2","3","4","6","7","8","11","15","16","18","20","21","22","24","0","","R$0,00","267","R$2.299,49","11480","R$20,00","150557","R$8,00","823633","R$4,00","R$1.995.383,43","R$21.024.676,00","R$5.000.000,00","R$39.704.723,07",""
"1356","02/05/2016","3","4","6","8","9","10","11","12","13","14","15","16","17","19","20","2","BELO HORIZONTE/MG; BELÉM/PA","R$2.307.596,13","703","R$1.638,07","30330","R$20,00","219973","R$8,00","1206589","R$4,00","R$0,00","R$29.874.916,00","R$1.700.000,00","R$40.309.294,34",""
"1357","04/05/2016","3","7","8","9","10","11","12","13","15","17","18","20","21","22","23","4","SALVADOR/BA; GOIÂNIA/GO; RIO DE JANEIRO/RJ","R$360.584,96","489","R$1.296,51","16907","R$20,00","221212","R$8,00","1112080","R$4,00","R$0,00","R$22.436.666,00","R$1.700.000,00","R$40.642.141,99",""
"1358","06/05/2016","1","2","3","4","6","8","9","13","15","17","18","19","20","22","23","0","","R$0,00","324","R$1.872,29","14569","R$20,00","181256","R$8,00","1006184","R$4,00","R$1.971.528,68","R$23.297.258,00","R$5.000.000,00","R$41.097.110,16",""
"1359","09/05/2016","3","5","7","8","9","11","13","14","15","16","17","18","20","21","23","11","BELO HORIZONTE/MG; OURO PRETO/MG; Curitiba/PR; FIGUEIRA/PR; RIO DE JANEIRO/RJ; Aracaju/SE; FRANCA/SP; ITATIBA/SP; SÃO PAULO/SP","R$306.894,18","1007","R$612,98","32025","R$20,00","348930","R$8,00","1521253","R$4,00","R$0,00","R$29.073.934,00","R$1.700.000,00","R$41.421.181,08",""
"1360","11/05/2016","1","2","3","4","5","6","8","10","11","12","14","18","20","23","24","2","MARACAJU/MS; SÃO PAULO/SP","R$770.643,35","481","R$1.408,50","20039","R$20,00","221298","R$8,00","1083809","R$4,00","R$0,00","R$22.823.546,00","R$1.700.000,00","R$41.776.862,63",""
"1361","13/05/2016","1","4","5","11","12","13","14","15","16","17","18","19","20","23","25","5","ITAPIPOCA/CE; BRASÍLIA/DF; RIO BRILHANTE/MS; Florianópolis/SC; MONTE MOR/SP","R$486.538,18","319","R$2.346,46","11848","R$20,00","140601","R$8,00","841540","R$4,00","R$0,00","R$23.240.296,00","R$1.700.000,00","R$42.338.252,85",""
"1362","16/05/2016","1","3","4","6","9","10","11","12","13","16","21","22","23","24","25","2","TANGARÁ DA SERRA/MT; BARRA FUNDA/RS","R$1.041.679,46","325","R$1.972,41","11719","R$20,00","155593","R$8,00","884422","R$4,00","R$0,00","R$22.135.598,00","R$1.700.000,00","R$42.819.027,99",""
"1363","18/05/2016","5","7","9","10","12","13","14","15","16","17","19","20","21","22","23","3","BRASÍLIA/DF; TEOFILO OTONI/MG; ITAPERUNA/RJ","R$520.736,17","421","R$1.631,08","15246","R$20,00","180410","R$8,00","977211","R$4,00","R$0,00","R$20.970.288,00","R$1.700.000,00","R$43.179.537,65",""
"1364","20/05/2016","1","6","9","10","11","12","13","15","16","17","18","20","22","24","25","3","SALVADOR/BA; GUARAPARI/ES; VITÓRIA/ES","R$587.109,21","320","R$1.693,58","13872","R$20,00","176891","R$8,00","983528","R$4,00","R$0,00","R$21.909.774,00","R$1.700.000,00","R$43.585.997,88",""
"1365","23/05/2016","2","3","6","9","10","12","14","15","19","20","21","22","23","24","25","1","INDAIATUBA/SP","R$1.904.525,91","419","R$1.398,59","13246","R$20,00","155263","R$8,00","882556","R$4,00","R$0,00","R$21.276.060,00","R$1.700.000,00","R$44.025.503,87",""
"1366","25/05/2016","4","8","9","10","11","12","13","14","15","16","17","21","22","24","25","2","PIRACURUCA/PI; FOZ DO IGUAÇU/PR","R$974.026,17","327","R$1.833,03","10541","R$20,00","135701","R$8,00","841569","R$4,00","R$0,00","R$20.632.724,00","R$1.200.000,00","R$44.475.054,41",""
"1367","27/05/2016","2","3","4","5","6","7","9","14","15","16","17","18","20","23","24","0","","R$0,00","245","R$1.938,42","9616","R$20,00","130964","R$8,00","704946","R$4,00","R$1.543.470,51","R$17.190.732,00","R$4.200.000,00","R$44.831.239,92",""
"1368","30/05/2016","5","7","8","10","11","12","14","16","18","19","20","22","23","24","25","6","BARREIRAS/BA; ANÁPOLIS/GO; ITABIRA/MG; CUIABÁ/MT; PONTA GROSSA/PR","R$575.167,87","597","R$1.404,48","19780","R$20,00","239981","R$8,00","1224623","R$4,00","R$0,00","R$26.312.612,00","R$1.700.000,00","R$45.271.440,71",""
"1369","01/06/2016","3","4","5","9","10","11","12","13","14","16","17","18","21","22","24","2","TELÊMACO BORBA/PR; JOINVILLE/SC","R$977.595,28","354","R$1.699,43","12730","R$20,00","162960","R$8,00","898567","R$4,00","R$0,00","R$21.798.908,00","R$1.700.000,00","R$45.722.638,53",""
"1370","03/06/2016","2","4","5","7","8","11","13","14","17","18","20","21","22","24","25","10","JARDIM/MS; JACUNDÁ/PA; PALMARES/PE; CURIÚVA/PR; SÃO JOSÉ DOS PINHAIS/PR; RIO DE JANEIRO/RJ; LAGES/SC; LUCÉLIA/SP; OSASCO/SP; SÃO PAULO/SP","R$173.084,30","967","R$786,77","20770","R$20,00","202339","R$8,00","987659","R$4,00","R$0,00","R$22.581.224,00","R$1.700.000,00","R$46.122.063,84",""
"1371","06/06/2016","3","4","5","7","13","15","17","18","19","20","21","22","23","24","25","1","SÃO PAULO/SP","R$1.479.264,70","457","R$1.422,81","14999","R$20,00","196143","R$8,00","1062956","R$4,00","R$0,00","R$21.619.918,00","R$1.700.000,00","R$46.463.432,62",""
"1372","08/06/2016","1","2","3","5","7","9","10","13","15","16","17","18","21","23","25","8","MANAUS/AM; CARIACICA/ES; UBERLÂNDIA/MG; Curitiba/PR; MATELANDIA/PR; NOVA ESPERANÇA/PR; RIBERÃO PIRES/SP; SÃO PAULO/SP","R$123.580,02","827","R$525,47","33136","R$20,00","283116","R$8,00","1161896","R$4,00","R$0,00","R$22.487.264,00","R$1.700.000,00","R$46.691.580,36",""
"1373","10/06/2016","1","2","3","4","5","6","7","8","12","17","18","20","21","23","24","1","CAMPINAS/SP","R$2.060.113,87","299","R$2.120,00","11758","R$20,00","159675","R$8,00","910610","R$4,00","R$0,00","R$22.336.524,00","R$1.700.000,00","R$47.166.991,26",""
"1374","13/06/2016","2","3","4","5","6","9","10","14","15","16","19","20","21","23","25","4","MANAUS/AM; SALVADOR/BA; APARECIDA DE GOIÂNIA/GO; IRATI/PR","R$445.683,10","415","R$1.888,23","15294","R$20,00","164357","R$8,00","867983","R$4,00","R$0,00","R$20.786.414,00","R$1.700.000,00","R$47.578.391,05",""
"1375","15/06/2016","1","5","6","9","10","11","14","15","16","18","20","22","23","24","25","4","Itarana/ES; ESTÂNCIA/SE; GUARARAPES/SP; Luzinopolis/TO","R$391.002,59","547","R$1.256,81","16358","R$20,00","194314","R$8,00","945561","R$4,00","R$0,00","R$20.995.276,00","R$1.700.000,00","R$47.939.316,52",""
"1376","17/06/2016","1","3","4","5","6","12","13","14","15","16","18","19","20","22","24","1","SÃO GONÇALO/RJ","R$2.003.207,53","283","R$2.177,99","11980","R$20,00","151311","R$8,00","848045","R$4,00","R$0,00","R$21.326.586,00","R$1.700.000,00","R$48.401.595,18",""
"1377","20/06/2016","1","5","6","8","9","10","12","13","15","17","19","20","21","22","25","4","CONSELHEIRO LAFAIETE/MG; JOAO MONLEVADE/MG; RESENDE/RJ; SERRANA/SP","R$407.193,15","526","R$1.361,11","16628","R$20,00","183159","R$8,00","930239","R$4,00","R$0,00","R$20.988.832,00","R$1.700.000,00","R$48.777.465,78",""
"1378","22/06/2016","1","2","3","6","8","10","12","13","17","19","20","21","23","24","25","2","BELÉM/PA; BARUERI/SP","R$709.072,19","533","R$1.169,53","16161","R$20,00","181979","R$8,00","930839","R$4,00","R$0,00","R$19.883.164,00","R$1.700.000,00","R$49.104.729,88",""
"1379","24/06/2016","1","2","4","5","7","8","9","10","12","14","15","17","18","21","22","1","SÃO PAULO/SP","R$1.560.287,63","327","R$1.468,16","11826","R$20,00","141029","R$8,00","773085","R$4,00","R$0,00","R$18.192.448,00","R$1.700.000,00","R$49.464.796,26",""
"1380","27/06/2016","3","4","5","6","8","11","12","14","15","16","17","21","22","24","25","0","","R$0,00","313","R$1.899,54","9843","R$20,00","130028","R$8,00","758455","R$4,00","R$1.932.301,44","R$19.649.046,00","R$3.700.000,00","R$49.910.711,98",""
"1381","29/06/2016","1","4","6","8","9","10","12","13","14","16","17","18","19","21","25","0","","R$0,00","337","R$2.250,91","14696","R$20,00","187918","R$8,00","1087939","R$4,00","R$4.397.613,26","R$26.683.920,00","R$7.000.000,00","R$50.479.630,10",""
"1382","01/07/2016","1","6","10","12","13","14","15","16","17","18","19","20","21","22","24","3","GUARATINGUETA/SP; JAGUARIUNA/SP; PALMAS/TO","R$2.605.655,27","528","R$1.992,63","22525","R$20,00","311719","R$8,00","1565243","R$4,00","R$0,00","R$38.571.076,00","R$1.700.000,00","R$51.268.711,46",""
"1383","04/07/2016","2","6","7","8","9","13","14","15","16","17","20","21","22","24","25","2","FOZ DO IGUAÇU/PR; SÃO PAULO/SP","R$1.119.973,17","275","R$2.506,24","10838","R$20,00","149604","R$8,00","896966","R$4,00","R$0,00","R$22.894.070,00","R$1.700.000,00","R$51.785.622,16",""
"1384","06/07/2016","3","4","6","8","9","11","12","13","15","18","19","20","22","24","25","2","FORTALEZA/CE; BURITIS/MG","R$889.883,09","536","R$1.459,54","17737","R$20,00","198608","R$8,00","1029985","R$4,00","R$0,00","R$23.011.034,00","R$1.700.000,00","R$52.196.337,44",""
"1385","08/07/2016","4","5","8","9","10","11","12","13","14","15","17","18","19","20","23","2","SALVADOR/BA; BAURU/SP","R$827.349,85","686","R$1.060,26","20764","R$20,00","228927","R$8,00","1084765","R$4,00","R$0,00","R$23.581.610,00","R$1.700.000,00","R$52.578.191,22",""
"1386","11/07/2016","1","2","3","4","7","9","13","16","17","18","19","21","22","24","25","4","MANAUS/AM; SALVADOR/BA; SETE LAGOAS/MG; PARANAGUÁ/PR","R$456.959,02","304","R$1.850,03","12853","R$20,00","168118","R$8,00","912891","R$4,00","R$0,00","R$21.386.260,00","R$1.700.000,00","R$52.999.999,55",""
"1387","13/07/2016","1","3","4","5","6","7","9","11","12","13","14","15","16","18","24","2","UBERLÂNDIA/MG; SÃO PAULO/SP","R$913.791,09","344","R$1.634,69","13735","R$20,00","209059","R$8,00","948576","R$4,00","R$0,00","R$22.510.500,00","R$1.700.000,00","R$53.421.749,29",""
"1388","15/07/2016","1","3","5","7","8","10","11","12","15","18","19","20","21","23","25","13","ITABUNA/BA; SALVADOR/BA; COROMANDEL/MG; Curitiba/PR; Florianópolis/SC; LAGARTO/SE; CAMPINAS/SP; GUARAREMA/SP; IGARAPAVA/SP; Ribeirão Preto/SP; SERTÃOZINHO/SP; SÃO JOSÉ DOS CAMPOS/SP; SÃO PAULO/SP","R$79.406,89","1252","R$362,42","32128","R$20,00","300963","R$8,00","1144718","R$4,00","R$0,00","R$22.832.914,00","R$1.700.000,00","R$53.659.969,97",""
"1389","18/07/2016","1","2","4","5","6","8","10","12","14","15","16","17","18","20","21","7","MANAUS/AM; IPAMERI/GO; BELO HORIZONTE/MG; ARAPONGAS/PR; PIRACICABA/SP; SÃO PAULO/SP; TABOÃO DA SERRA/SP","R$240.726,74","597","R$1.240,69","18816","R$20,00","195278","R$8,00","914592","R$4,00","R$0,00","R$21.454.566,00","R$1.700.000,00","R$54.048.836,25",""
"1390","20/07/2016","3","5","6","7","8","11","13","14","15","16","17","18","20","21","23","2","IBIPITANGA/BA; AMERICANA/SP","R$616.220,46","2519","R$215,05","20791","R$20,00","247393","R$8,00","1046971","R$4,00","R$0,00","R$21.434.056,00","R$1.700.000,00","R$54.333.245,71",""
"1391","22/07/2016","1","3","5","6","10","11","12","15","16","17","19","20","21","24","25","4","BRASÍLIA/DF; URBELÂNDIA/MG; VILHENA/RO; OSASCO/SP","R$408.525,42","647","R$1.110,17","18464","R$20,00","199698","R$8,00","1018676","R$4,00","R$0,00","R$22.221.822,00","R$1.700.000,00","R$54.710.346,10",""
"1392","25/07/2016","1","2","3","4","8","9","14","15","16","17","18","20","21","22","25","1","RONDONÓPOLIS/MT","R$2.165.677,53","180","R$3.702,01","8931","R$20,00","122749","R$8,00","783720","R$4,00","R$0,00","R$20.888.980,00","R$1.700.000,00","R$55.210.117,85",""
"1393","27/07/2016","3","4","5","7","9","10","11","12","13","14","17","18","20","22","23","7","EUCLIDES DA CUNHA/BA; CAMPINAS/SP; GUARULHOS/SP; MOGI DAS CRUZES/SP; SÃO JOSÉ DOS CAMPOS/SP; SÃO PAULO/SP","R$178.061,80","652","R$840,31","20524","R$20,00","214954","R$8,00","1008300","R$4,00","R$0,00","R$20.537.190,00","R$1.700.000,00","R$55.497.756,16",""
"1394","29/07/2016","3","4","5","6","9","10","11","14","15","16","18","19","21","22","23","4","SALVADOR/BA; CANGUÇU/RS; XANXERE/SC; SÃO PAULO/SP","R$519.998,22","502","R$1.821,28","13429","R$20,00","156810","R$8,00","866193","R$4,00","R$0,00","R$22.051.680,00","R$1.700.000,00","R$55.977.754,52",""
"1395","01/08/2016","5","6","7","8","11","12","13","14","16","17","18","19","22","23","25","2","BRASÍLIA/DF; VALINHOS/SP","R$951.455,03","356","R$1.644,70","12497","R$20,00","160436","R$8,00","938497","R$4,00","R$0,00","R$21.844.966,00","R$1.700.000,00","R$56.416.887,62",""
"1396","03/08/2016","3","5","6","7","10","12","13","17","18","19","20","22","23","24","25","5","CAMACAN/BA; ANANINDEUA/PA; JOINVILLE/SC; PORTO BELO/SC; SANTA BARBARA DO OESTE/SP","R$303.788,58","505","R$1.322,11","19274","R$20,00","207754","R$8,00","1063594","R$4,00","R$0,00","R$22.238.486,00","R$1.700.000,00","R$56.767.412,90",""
"1397","05/08/2016","1","3","4","5","6","8","9","11","12","13","14","18","21","22","25","1","SÃO PAULO/SP","R$1.956.783,83","343","R$1.755,36","12085","R$20,00","162152","R$8,00","1005030","R$4,00","R$0,00","R$22.744.690,00","R$1.700.000,00","R$57.218.978,40",""
"1398","08/08/2016","1","4","5","6","7","8","11","14","15","16","19","20","21","24","25","5","GOIÂNIA/GO; CONTAGEM/MG; CAMPINA GRANDE/PB; SANTO ÂNGELO/RS; SÃO PAULO/SP","R$425.975,85","507","R$1.846,56","15784","R$20,00","145559","R$8,00","810338","R$4,00","R$0,00","R$21.690.226,00","R$1.700.000,00","R$57.710.489,00",""
"1399","10/08/2016","4","5","6","8","9","12","13","14","15","17","19","21","22","24","25","2","NITEROI/RJ; GUARULHOS/SP","R$809.306,65","572","R$1.243,84","18664","R$20,00","203881","R$8,00","974033","R$4,00","R$0,00","R$21.817.782,00","R$1.700.000,00","R$58.084.015,15",""
"1400","12/08/2016","1","2","3","5","6","9","10","12","16","19","21","22","23","24","25","4","MANAUS/AM; SIMÕES FILHO/BA; BALNEÁRIO CAMBORIÚ/SC","R$539.239,99","296","R$2.242,16","10909","R$20,00","158507","R$8,00","872145","R$4,00","R$0,00","R$22.411.876,00","R$1.700.000,00","R$58.581.775,14",""
"1401","15/08/2016","1","3","4","5","6","7","8","14","15","18","19","21","22","24","25","4","SALVADOR/BA; SÃO PEDRO DOS CRENTES/MA; CUIABÁ/MT; AMERICANA/SP","R$422.732,64","296","R$1.757,73","11707","R$20,00","149711","R$8,00","802097","R$4,00","R$0,00","R$19.277.244,00","R$1.700.000,00","R$58.971.989,89",""
"1402","17/08/2016","2","3","4","5","8","9","11","12","14","15","16","19","20","21","23","1","ARAXÁ/MG","R$1.811.406,15","351","R$1.587,91","11707","R$20,00","149536","R$8,00","839885","R$4,00","R$0,00","R$20.233.508,00","R$1.700.000,00","R$59.390.006,71",""
"1403","19/08/2016","3","4","5","8","9","10","11","12","13","15","16","17","21","23","25","1","MARABÁ/PA","R$1.330.195,71","392","R$1.491,58","14945","R$20,00","188912","R$8,00","1033178","R$4,00","R$0,00","R$20.453.430,00","R$1.700.000,00","R$59.696.974,96",""
"1404","22/08/2016","1","2","3","4","8","10","11","13","15","16","18","19","21","22","25","0","","R$0,00","829","R$844,76","14065","R$20,00","159685","R$8,00","865433","R$4,00","R$1.593.201,80","R$19.659.044,00","R$4.500.000,00","R$60.064.636,92",""
"1405","24/08/2016","2","3","4","7","9","10","11","14","15","16","18","19","20","23","24","4","BELO HORIZONTE/MG; FREI INOCENCIO/MG; CAMBÉ/PR; CAMPINAS/SP","R$946.197,34","670","R$1.437,81","19218","R$20,00","212074","R$8,00","1121207","R$4,00","R$0,00","R$26.257.542,00","R$1.700.000,00","R$60.570.387,90",""
"1406","26/08/2016","2","3","4","5","6","9","11","13","15","19","20","21","22","24","25","3","BELO HORIZONTE/MG; NOVA IGUAÇU/RJ; PEDRO AFONSO/TO","R$519.337,65","370","R$1.850,92","14477","R$20,00","176196","R$8,00","945787","R$4,00","R$0,00","R$20.545.808,00","R$1.700.000,00","R$60.929.929,34",""
"1407","29/08/2016","1","2","4","5","6","7","10","12","13","20","21","22","23","24","25","0","","R$0,00","301","R$1.812,66","11682","R$20,00","145150","R$8,00","806240","R$4,00","R$63.112.374,39","R$19.647.438,00","R$85.000.000,00","R$63.112.374,39",""
"1408","06/09/2016","1","3","5","8","10","11","12","13","14","19","21","22","23","24","25","10","PALMEIRA DOS INDIOS/AL; ASTOLFO DUTRA/MG; PONTE NOVA/MG; CAMPO GRANDE/MS; PONTA GROSSA/PR; SÃO JOSÉ DOS PINHAIS/PR; PIRACICABA/SP; SÃO PAULO/SP; VÁRZEA PAULISTA/SP","R$8.227.506,94","4120","R$1.661,12","141813","R$20,00","1857700","R$8,00","9732743","R$4,00","R$0,00","R$209.571.936,00","R$1.700.000,00","R$0,00",""
"1409","09/09/2016","1","2","4","6","7","8","11","12","14","16","17","19","22","24","25","10","BUERAREMA/BA; FEIRA DE SANTANA/BA; VENDA NOVA DO IMIGRANTE/ES; CARMO DO PARANAÍBA/MG; CASSILÂNDIA/MS; RONDONÓPOLIS/MT; NOVA IGUAÇU/RJ; XANXERE/SC; ANGATUBA/SP; OSASCO/SP","R$234.987,40","864","R$1.195,49","21432","R$20,00","195835","R$8,00","986387","R$4,00","R$0,00","R$25.618.478,00","R$1.700.000,00","R$542.278,63",""
"1410","12/09/2016","2","3","4","5","6","7","9","10","14","15","16","17","20","21","23","1","ROLIM DE MOURA/RO","R$1.917.825,68","628","R$1.342,35","19893","R$20,00","180444","R$8,00","963967","R$4,00","R$0,00","R$22.866.080,00","R$1.700.000,00","R$984.853,79",""
"1411","14/09/2016","1","5","6","7","8","9","10","12","13","14","15","16","17","21","23","2","CONDE/BA; RIO DE JANEIRO/RJ","R$974.404,53","373","R$1.607,60","10672","R$20,00","156394","R$8,00","1002188","R$4,00","R$0,00","R$22.506.580,00","R$1.700.000,00","R$1.434.578,97",""
"1412","16/09/2016","5","6","7","9","11","13","15","16","18","19","21","22","23","24","25","5","MACEIÓ/AL; GOVERNADOR LINDENBERG/ES; CUIABÁ/MT; BOA VISTA/RR; SÃO PAULO/SP","R$306.562,41","618","R$1.090,23","19484","R$20,00","220522","R$8,00","1119773","R$4,00","R$0,00","R$23.072.506,00","R$1.700.000,00","R$1.788.304,84",""
"1413","19/09/2016","2","3","4","5","6","7","8","9","10","13","16","17","18","21","25","3","FORTALEZA/CE; LAVRAS/MG; RIO DE JANEIRO/RJ","R$698.777,25","273","R$2.362,73","10133","R$20,00","140893","R$8,00","873320","R$4,00","R$0,00","R$21.754.470,00","R$1.700.000,00","R$2.272.073,71",""
"1414","21/09/2016","2","3","4","5","7","9","10","11","13","14","16","17","20","21","23","4","JUAZEIRO/BA; NOVO BRASIL/GO; PARAIBA DO SUL/RJ; SANTA BARBARA DO OESTE/SP","R$347.118,94","761","R$801,99","28439","R$20,00","215104","R$8,00","1044773","R$4,00","R$0,00","R$21.961.838,00","R$1.700.000,00","R$2.592.491,20",""
"1415","23/09/2016","2","4","5","6","10","12","13","15","17","18","19","22","23","24","25","5","CASA NOVA/BA; SALVADOR/BA; MACAÉ/RJ; BAURU/SP; SÃO PAULO/SP","R$324.543,43","739","R$965,19","18866","R$20,00","204629","R$8,00","1030278","R$4,00","R$0,00","R$22.380.706,00","R$1.700.000,00","R$2.966.964,40",""
"1416","26/09/2016","3","4","5","7","8","9","10","12","14","15","17","18","19","20","24","1","SERRA/ES","R$1.551.298,05","573","R$1.190,03","17732","R$20,00","195424","R$8,00","985629","R$4,00","R$0,00","R$21.384.424,00","R$1.700.000,00","R$3.324.956,26",""
"1417","28/09/2016","1","2","3","4","6","7","9","11","13","14","15","18","19","22","23","4","IBICOARA/BA; SEBERI/RS; SÃO JOSÉ DO RIO PRETO/SP; SÃO PAULO/SP","R$408.409,14","401","R$1.790,72","14140","R$20,00","172836","R$8,00","956173","R$4,00","R$0,00","R$20.947.498,00","R$1.700.000,00","R$3.701.949,31",""
"1418","30/09/2016","2","4","6","9","10","11","13","14","15","17","18","20","21","22","23","4","MACAPÁ/AP; BELÉM/PA; SEARA/SC; SÃO PAULO/SP","R$444.300,08","590","R$1.324,04","16008","R$20,00","185448","R$8,00","993010","R$4,00","R$0,00","R$22.334.208,00","R$1.700.000,00","R$4.112.072,47",""
"1419","03/10/2016","2","3","6","7","11","12","15","16","17","18","19","20","21","23","24","4","PINHAIS/PR; CAMPINAS/SP; Ribeirão Preto/SP; SÃO CARLOS/SP","R$542.070,72","256","R$2.606,11","9284","R$20,00","128845","R$8,00","811681","R$4,00","R$0,00","R$21.288.982,00","R$1.700.000,00","R$4.612.445,44",""
"1420","05/10/2016","1","4","6","7","8","10","13","14","15","16","17","20","22","23","25","3","JOÃO PESSOA/PB; RIO DE JANEIRO/RJ; SÃO CARLOS/SP","R$670.831,75","381","R$1.625,27","12458","R$20,00","157155","R$8,00","886653","R$4,00","R$0,00","R$21.859.828,00","R$1.700.000,00","R$5.076.867,43",""
"1421","07/10/2016","3","5","6","7","8","9","11","12","14","17","18","19","20","23","24","5","FARROUPILHA/RS; EMBU DAS ARTES/SP; SANTO ANDRÉ/SP; SÃO JOSÉ DOS CAMPOS/SP; SÃO PAULO/SP","R$345.607,73","441","R$1.722,39","17061","R$20,00","214784","R$8,00","1103637","R$4,00","R$0,00","R$23.695.726,00","R$1.700.000,00","R$5.475.645,58",""
"1422","10/10/2016","1","4","5","7","10","11","13","14","15","16","17","19","22","23","24","3","BAIXO GUANDÚ/ES; Três Lagoas/MS; CARAGUATATUBA/SP","R$581.744,73","441","R$1.739,53","15035","R$20,00","177266","R$8,00","944591","R$4,00","R$0,00","R$21.529.472,00","R$1.700.000,00","R$5.878.391,94",""
"1423","14/10/2016","1","2","4","5","7","8","11","12","13","14","15","16","19","22","23","1","ITAPIRA/SP","R$2.503.550,17","441","R$1.746,76","16270","R$20,00","223775","R$8,00","1235621","R$4,00","R$0,00","R$28.974.856,00","R$1.700.000,00","R$6.456.134,29",""
"1424","17/10/2016","2","4","5","6","8","9","10","11","13","17","18","20","21","23","25","8","FORTALEZA/CE; CASCAVEL/PR; GUAPOREMA/PR; RIO DE JANEIRO/RJ; CAMPOS NOVOS/SC; CUNHA PORÃ/SC; SUZANO/SP","R$143.695,63","1253","R$403,27","26506","R$20,00","233466","R$8,00","1021794","R$4,00","R$0,00","R$20.788.212,00","R$1.700.000,00","R$6.721.418,55",""
"1425","19/10/2016","1","3","4","5","8","9","11","12","13","14","16","19","20","21","25","0","","R$0,00","328","R$1.810,27","11280","R$20,00","154433","R$8,00","891211","R$4,00","R$1.929.752,74","R$21.377.800,00","R$4.500.000,00","R$7.166.746,10",""
"1426","21/10/2016","2","3","4","7","8","10","12","14","15","16","18","22","23","24","25","11","FORTALEZA/CE; ARAPUTANGA/MT; NOVA FRIBURGO/RJ; QUATIS/RJ; RIO DE JANEIRO/RJ; BAURU/SP; PIRACICABA/SP; SÃO PAULO/SP; ARAGUAÍNA/TO","R$365.219,34","1037","R$884,91","28478","R$20,00","294329","R$8,00","1377035","R$4,00","R$0,00","R$30.036.474,00","R$1.700.000,00","R$7.648.513,81",""
"1427","24/10/2016","1","2","7","10","11","12","14","15","16","17","18","19","20","22","25","2","SALVADOR/BA; SARANDI/RS","R$1.030.986,64","194","R$3.270,38","9485","R$20,00","132255","R$8,00","829941","R$4,00","R$0,00","R$20.990.690,00","R$1.700.000,00","R$8.124.353,81",""
"1428","26/10/2016","2","3","4","5","6","8","9","13","17","18","19","20","21","22","25","0","","R$0,00","297","R$1.813,59","11583","R$20,00","169506","R$8,00","904542","R$4,00","R$1.750.562,48","R$20.884.466,00","R$4.000.000,00","R$8.528.329,77",""
"1429","28/10/2016","5","7","8","9","10","12","13","14","15","16","18","19","20","21","25","3","SÃO MIGUEL DOS CAMPOS/AL; ALFENAS/MG; ITUIUTABA/MG","R$1.288.976,27","572","R$1.626,34","19724","R$20,00","245731","R$8,00","1296262","R$4,00","R$0,00","R$28.135.946,00","R$1.700.000,00","R$9.016.722,01",""
"1430","31/10/2016","1","3","4","5","7","8","9","13","15","16","20","21","22","23","25","2","CASSILÂNDIA/MS","R$778.316,52","385","R$1.777,23","14778","R$20,00","186966","R$8,00","1025736","R$4,00","R$0,00","R$21.489.176,00","R$1.700.000,00","R$9.375.945,02",""
"1431","04/11/2016","1","2","7","8","9","10","12","14","15","16","17","19","20","23","25","1","BLUMENAU/SC","R$2.554.180,29","469","R$1.675,70","17725","R$20,00","224459","R$8,00","1227154","R$4,00","R$0,00","R$29.233.174,00","R$1.700.000,00","R$9.965.371,25",""
"1432","07/11/2016","1","3","4","5","10","11","12","16","17","18","20","21","23","24","25","5","GOIÂNIA/GO; CAMPOS DOS GOYTACAZES/RJ; CATANDUVA/SP; MOGI DAS CRUZES/SP; SÃO PAULO/SP","R$408.084,66","331","R$1.896,75","11035","R$20,00","160425","R$8,00","949655","R$4,00","R$0,00","R$22.577.460,00","R$1.700.000,00","R$10.436.238,17",""
"1433","09/11/2016","3","6","7","9","10","12","14","15","16","18","20","22","23","24","25","3","MANAUS/AM; CARAPICUIBA/SP; TAQUARITINGA/SP","R$574.057,40","505","R$1.499,00","18120","R$20,00","203594","R$8,00","990252","R$4,00","R$0,00","R$22.462.088,00","R$1.700.000,00","R$10.833.662,53",""
"1434","11/11/2016","3","4","5","6","7","9","10","12","13","15","18","19","22","23","24","4","BELO HORIZONTE/MG; MESQUITA/RJ; HOLAMBRA/SP; SÃO PAULO/SP","R$384.540,92","668","R$1.012,14","20015","R$20,00","223402","R$8,00","1119694","R$4,00","R$0,00","R$23.176.558,00","R$1.700.000,00","R$11.188.623,38",""
"1435","14/11/2016","1","2","3","4","5","6","9","10","12","16","17","19","20","21","23","0","","R$0,00","239","R$2.708,34","10060","R$20,00","150104","R$8,00","855059","R$4,00","R$2.103.702,67","R$21.789.958,00","R$3.500.000,00","R$11.674.093,23",""
"1436","16/11/2016","1","2","3","5","6","8","11","12","15","17","18","19","22","23","24","1","COLOMBO/PR","R$4.193.218,85","404","R$1.591,41","14803","R$20,00","178046","R$8,00","962902","R$4,00","R$0,00","R$23.447.630,00","R$1.700.000,00","R$12.156.289,28",""
"1437","18/11/2016","2","4","5","6","7","8","9","11","13","14","17","19","20","23","25","3","CARBONITA/MG; VÁRZEA GRANDE/MT; SCHROEDER/SC","R$507.086,59","840","R$796,05","22165","R$20,00","223860","R$8,00","1071078","R$4,00","R$0,00","R$22.749.904,00","R$1.700.000,00","R$12.507.349,23",""
"1438","21/11/2016","1","4","7","8","9","10","11","12","14","15","17","20","21","22","24","0","","R$0,00","337","R$1.762,37","14018","R$20,00","166183","R$8,00","879250","R$4,00","R$1.930.238,45","R$21.613.060,00","R$4.700.000,00","R$12.952.788,88",""
"1439","23/11/2016","1","2","3","5","11","12","13","14","15","16","17","18","19","22","24","5","MANAUS/AM; CONSELHEIRO LAFAIETE/MG; SÃO MIGUEL DO IGUAÇU/PR; RIO DE JANEIRO/RJ; SÃO PAULO/SP","R$943.702,11","369","R$2.325,01","15188","R$20,00","184161","R$8,00","1158942","R$4,00","R$0,00","R$28.929.860,00","R$1.700.000,00","R$13.596.236,30",""
"1440","25/11/2016","2","3","8","10","12","13","14","16","17","18","20","21","22","24","25","1","SÃO JOÃO DO PIAUÍ/PI","R$1.795.194,85","410","R$1.347,24","15562","R$20,00","183211","R$8,00","957678","R$4,00","R$0,00","R$22.037.558,00","R$1.700.000,00","R$14.010.512,04",""
"1441","28/11/2016","1","3","4","5","6","7","9","10","11","13","16","19","22","23","25","2","Curitiba/PR; INDAIATUBA/SP","R$668.097,10","682","R$861,19","20382","R$20,00","209250","R$8,00","991858","R$4,00","R$0,00","R$20.728.746,00","R$1.700.000,00","R$14.318.864,55",""
"1442","30/11/2016","1","2","3","4","7","9","11","12","13","15","16","17","19","20","21","2","RIO DE JANEIRO/RJ; ANDRADINA/SP","R$852.233,93","318","R$1.649,22","12537","R$20,00","165425","R$8,00","896706","R$4,00","R$0,00","R$20.547.162,00","R$1.700.000,00","R$14.712.203,29",""
"1443","02/12/2016","1","2","3","5","7","8","9","10","11","12","14","15","16","17","24","2","JOINVILLE/SC; CAMPINAS/SP","R$985.648,09","378","R$1.604,64","13835","R$20,00","200595","R$8,00","973818","R$4,00","R$0,00","R$23.320.458,00","R$1.700.000,00","R$15.167.117,80",""
"1444","05/12/2016","1","2","4","5","6","9","10","11","14","15","17","18","20","21","24","3","SURUBIM/PE; TOLEDO/PR; SANTOS/SP","R$677.563,37","435","R$1.437,80","14685","R$20,00","171577","R$8,00","907008","R$4,00","R$0,00","R$22.518.940,00","R$1.700.000,00","R$15.636.200,14",""
"1445","07/12/2016","1","4","5","6","8","10","13","15","16","17","18","20","22","23","25","3","UBERLÂNDIA/MG; Teresina/PI; IRETAMA/PR","R$503.879,56","709","R$937,17","24490","R$20,00","239746","R$8,00","1026831","R$4,00","R$0,00","R$22.693.282,00","R$1.700.000,00","R$15.985.039,84",""
"1446","09/12/2016","1","4","6","7","8","12","13","16","17","20","21","22","23","24","25","0","","R$0,00","315","R$2.203,84","10994","R$20,00","149113","R$8,00","869786","R$4,00","R$2.256.177,93","R$22.723.700,00","R$5.200.000,00","R$16.505.696,29",""
"1447","12/12/2016","1","3","4","5","8","11","12","13","17","18","19","21","22","24","25","5","VILA VELHA/ES; PEDREIRAS/MA; BELO HORIZONTE/MG; PASSO FUNDO/RS; SÃO PAULO/SP","R$914.001,43","604","R$1.683,88","19821","R$20,00","245596","R$8,00","1323641","R$4,00","R$0,00","R$29.391.700,00","R$1.700.000,00","R$17.039.656,88",""
"1448","14/12/2016","1","3","4","5","6","8","12","13","16","18","19","21","22","23","24","2","CUIABÁ/MT; CASCAVEL/PR","R$862.868,40","433","R$1.751,88","15901","R$20,00","199502","R$8,00","976377","R$4,00","R$0,00","R$22.174.236,00","R$1.700.000,00","R$17.437.903,84",""
"1449","16/12/2016","1","3","4","5","6","7","8","9","11","15","16","20","22","23","24","4","NEPOMUCENO/MG; PORTO ALEGRE/RS; JUNDIAÍ/SP; SÃO PAULO/SP","R$562.072,22","428","R$1.616,31","11622","R$20,00","152640","R$8,00","881720","R$4,00","R$0,00","R$22.887.886,00","R$1.700.000,00","R$17.956.739,74",""
"1450","19/12/2016","1","2","4","5","8","9","10","13","14","16","17","19","20","22","24","1","ILHÉUS/BA","R$1.992.328,20","376","R$1.630,38","13762","R$20,00","163988","R$8,00","902248","R$4,00","R$0,00","R$22.087.746,00","R$1.700.000,00","R$18.416.507,80",""
"1451","21/12/2016","1","2","3","5","10","12","13","14","15","19","20","21","23","24","25","2","BETIM/MG; RECIFE/PE","R$808.904,67","350","R$1.422,25","15053","R$20,00","206333","R$8,00","1043488","R$4,00","R$0,00","R$22.333.244,00","R$1.700.000,00","R$18.789.848,42",""
"1452","23/12/2016","2","5","7","8","10","11","13","14","15","17","20","21","23","24","25","8","SALVADOR/BA; BRASÍLIA/DF; SANTA BÁRBARA/MG; Curitiba/PR; CANAS/SP; MARÍLIA/SP; SÃO PAULO/SP; ANANÁS/TO","R$166.632,69","1021","R$573,90","25464","R$20,00","241290","R$8,00","1136397","R$4,00","R$0,00","R$22.872.336,00","R$1.700.000,00","R$19.097.478,01",""
"1453","26/12/2016","1","2","5","8","9","10","13","14","15","16","19","21","23","24","25","5","SANTA LUZIA/MG; GUARULHOS/SP; SÃO PAULO/SP","R$297.695,33","462","R$1.416,18","14502","R$20,00","171217","R$8,00","904123","R$4,00","R$0,00","R$19.718.078,00","R$1.700.000,00","R$19.440.972,63",""
"1454","28/12/2016","1","3","4","7","10","12","13","14","18","19","20","21","22","23","25","1","GOIÂNIA/GO","R$1.592.697,16","422","R$1.658,97","15263","R$20,00","183501","R$8,00","984525","R$4,00","R$0,00","R$21.250.182,00","R$1.700.000,00","R$19.808.518,13",""
"1455","30/12/2016","2","5","7","8","14","15","16","17","18","19","20","21","22","23","25","4","GOIÂNIA/GO; ATIBAIA/SP; PIRASSUNUNGA/SP; SÃO PAULO/SP","R$514.662,04","280","R$2.262,25","10990","R$20,00","150147","R$8,00","938591","R$4,00","R$0,00","R$22.376.014,00","R$1.700.000,00","R$20.283.590,79",""
"1456","02/01/2017","1","2","6","7","8","9","12","13","14","15","19","20","21","24","25","2","VITÓRIA/ES; JUNDIAÍ/SP","R$874.324,31","338","R$1.591,85","10449","R$20,00","124986","R$8,00","732159","R$4,00","R$0,00","R$18.410.196,00","R$1.700.000,00","R$20.687.125,09",""
"1457","04/01/2017","1","2","3","4","7","8","9","10","11","13","14","15","18","23","24","1","RIO DE JANEIRO/RJ","R$1.504.968,43","376","R$1.759,37","14583","R$20,00","214624","R$8,00","986330","R$4,00","R$0,00","R$21.365.048,00","R$1.700.000,00","R$21.034.425,50",""
"1458","06/01/2017","1","2","3","5","7","9","11","14","17","18","19","20","22","23","24","5","BRASÍLIA/DF; LUZIÂNIA/GO; IPATINGA/MG; SANTARÉM/PA; SÃO JOSÉ DE UBÁ/RJ","R$356.213,76","465","R$1.683,62","17307","R$20,00","204837","R$8,00","1070579","R$4,00","R$0,00","R$23.487.330,00","R$1.700.000,00","R$21.445.441,39",""
"1459","09/01/2017","1","4","6","9","10","12","13","14","16","17","18","19","20","24","25","2","NITEROI/RJ; CACEQUI/RS","R$1.025.074,08","250","R$2.523,26","11377","R$20,00","143543","R$8,00","852116","R$4,00","R$0,00","R$21.430.962,00","R$1.700.000,00","R$21.918.552,51",""
"1460","11/01/2017","1","3","5","7","11","14","15","16","17","18","19","20","21","24","25","1","PONTAL/SP","R$1.679.366,25","284","R$1.819,47","12260","R$20,00","173748","R$8,00","1012009","R$4,00","R$0,00","R$21.624.660,00","R$1.700.000,00","R$22.306.098,57",""
"1461","13/01/2017","2","4","5","6","9","10","11","15","17","18","19","21","23","24","25","3","GOIÂNIA/GO; AFONSO CUNHA/MA; SÃO PAULO/SP","R$625.164,78","477","R$1.728,28","16714","R$20,00","198211","R$8,00","1006791","R$4,00","R$0,00","R$23.227.830,00","R$1.700.000,00","R$22.738.904,96",""
"1462","16/01/2017","1","3","4","5","7","9","12","13","14","16","17","20","21","24","25","7","ALAGOINHAS/BA; SALVADOR/BA; SÃO LUIS/MA; FORMIGA/MG; SORRISO/MT; SÃO GONÇALO/RJ; NATAL/RN","R$216.778,01","539","R$1.237,49","17085","R$20,00","194056","R$8,00","991886","R$4,00","R$0,00","R$21.215.434,00","R$1.700.000,00","R$23.089.084,83",""
"1463","18/01/2017","3","4","6","7","10","11","13","14","15","17","19","20","22","23","24","8","VILA VELHA/ES; GOIÂNIA/GO; CANAA DOS CARAJAS/PA; JOÃO PESSOA/PB; MARINGÁ/PR; MACAÉ/RJ; BRAGANÇA PAULISTA/SP; SÃO ROQUE/SP","R$207.383,64","627","R$1.163,09","16771","R$20,00","180964","R$8,00","927889","R$4,00","R$0,00","R$21.086.840,00","R$1.700.000,00","R$23.471.946,94",""
"1464","20/01/2017","1","4","9","10","11","12","13","14","15","16","17","18","22","23","24","1","MACAÉ/RJ","R$2.016.298,04","292","R$2.124,66","10246","R$20,00","141550","R$8,00","866787","R$4,00","R$0,00","R$21.305.756,00","R$1.700.000,00","R$23.937.246,49",""
"1465","23/01/2017","2","5","7","8","9","10","12","14","16","19","20","21","22","23","24","2","BRASÍLIA/DF; SENADOR CANEDO/GO","R$881.947,85","336","R$1.615,29","13305","R$20,00","170497","R$8,00","931139","R$4,00","R$0,00","R$21.295.222,00","R$1.700.000,00","R$24.344.299,35",""
"1466","25/01/2017","2","3","4","6","10","11","12","14","19","20","21","22","23","24","25","1","SINOP/MT","R$1.755.067,27","389","R$1.388,23","14765","R$20,00","154813","R$8,00","833086","R$4,00","R$0,00","R$20.123.606,00","R$1.700.000,00","R$24.749.314,88",""
"1467","27/01/2017","1","4","5","6","9","10","11","12","19","20","21","22","23","24","25","8","SALVADOR/BA; IBIRAÇU/ES; CASCA/RS; NOVO CABRAIS/RS; ITAJAÍ/SC; SÃO PAULO/SP; TABOÃO DA SERRA/SP","R$234.111,30","597","R$1.378,97","15334","R$20,00","177859","R$8,00","880104","R$4,00","R$0,00","R$21.606.380,00","R$1.700.000,00","R$25.181.520,35",""
"1468","30/01/2017","2","3","5","6","8","11","12","13","14","18","19","20","21","23","24","4","CAMPO DO BRITO/SE; JABOTICABAL/SP; PRESIDENTE PRUDENTE/SP; SÃO PAULO/SP","R$382.413,26","483","R$1.392,08","17745","R$20,00","193273","R$8,00","992421","R$4,00","R$0,00","R$21.298.260,00","R$1.700.000,00","R$25.534.517,22",""
"1469","01/02/2017","1","2","3","5","6","7","8","9","11","13","16","17","18","19","20","2","SALVADOR/BA; SÃO BERNARDO DO CAMPO/SP","R$1.014.704,42","861","R$1.036,06","15983","R$20,00","147795","R$8,00","887046","R$4,00","R$0,00","R$21.939.102,00","R$1.700.000,00","R$26.002.842,33",""
"1470","03/02/2017","2","3","7","8","11","12","13","14","15","18","20","21","22","23","24","2","SÃO PAULO/SP","R$864.924,39","421","R$1.806,11","14548","R$20,00","201070","R$8,00","1103786","R$4,00","R$0,00","R$23.337.248,00","R$1.700.000,00","R$26.402.038,21",""
"1471","06/02/2017","1","2","4","6","7","8","10","11","13","15","18","20","21","22","24","2","PEDRO LEOPOLDO/MG; SANTA BÁRBARA D OESTE/SP","R$874.764,39","815","R$943,58","19590","R$20,00","186146","R$8,00","915251","R$4,00","R$0,00","R$21.654.546,00","R$1.700.000,00","R$26.805.775,63",""
"1472","08/02/2017","2","3","4","5","7","8","10","12","13","14","18","21","22","23","24","2","RIO DE JANEIRO/RJ; SÃO JOSÉ DO RIO PRETO/SP","R$658.198,11","437","R$1.324,10","17431","R$20,00","229795","R$8,00","1079571","R$4,00","R$0,00","R$21.680.734,00","R$1.700.000,00","R$27.109.559,38",""
"1473","10/02/2017","1","4","5","7","8","9","10","12","14","16","20","22","23","24","25","1","SÃO PAULO/SP","R$1.805.494,62","345","R$1.610,25","14712","R$20,00","184903","R$8,00","992938","R$4,00","R$0,00","R$22.407.144,00","R$1.700.000,00","R$27.526.212,00",""
"1474","13/02/2017","1","2","5","7","8","10","11","13","14","15","18","19","20","21","25","5","ALFENAS/MG; NOVO PROGRESSO/PA; ARAUCÁRIA/PR; INDAIAL/SC; JUNDIAÍ/SP","R$268.592,66","656","R$899,86","21301","R$20,00","211687","R$8,00","1090171","R$4,00","R$0,00","R$21.757.610,00","R$1.700.000,00","R$27.836.126,61",""
"1475","15/02/2017","1","2","3","5","6","9","10","12","13","15","18","20","21","24","25","5","VITÓRIA/ES; BELO HORIZONTE/MG; CAMPO MOURÃO/PR; RIO DE JANEIRO/RJ","R$288.501,08","724","R$875,78","19115","R$20,00","205439","R$8,00","1044763","R$4,00","R$0,00","R$21.627.130,00","R$1.700.000,00","R$28.169.012,48",""
"1476","17/02/2017","2","4","5","6","7","9","10","12","13","14","16","19","21","22","25","4","LONDRINA/PR; RIO DE JANEIRO/RJ; IMBÉ/RS; GUARATINGUETA/SP","R$460.346,72","536","R$1.510,07","16954","R$20,00","181798","R$8,00","933603","R$4,00","R$0,00","R$22.087.748,00","R$1.700.000,00","R$28.593.947,93",""
"1477","20/02/2017","1","2","3","4","5","6","7","10","12","15","17","18","21","22","23","3","ARAUÁ/SE; CAMPINAS/SP; SÃO PAULO/SP","R$678.046,94","298","R$2.100,30","9758","R$20,00","132157","R$8,00","810745","R$4,00","R$0,00","R$20.683.238,00","R$1.700.000,00","R$29.063.365,05",""
"1478","22/02/2017","2","5","6","7","10","11","12","15","16","17","18","19","21","24","25","3","GUARAPARI/ES; SANTO AUGUSTO/RS; ARARAQUARA/SP","R$667.232,51","386","R$1.595,61","11341","R$20,00","146383","R$8,00","823821","R$4,00","R$0,00","R$20.974.980,00","R$1.700.000,00","R$29.525.295,25",""
"1479","24/02/2017","2","3","5","6","9","11","13","14","15","16","17","18","20","22","23","2","NATAL/RN; BRAGANÇA PAULISTA/SP","R$884.682,47","430","R$1.808,70","14660","R$20,00","177463","R$8,00","905994","R$4,00","R$0,00","R$21.282.000,00","R$1.500.000,00","R$29.933.610,24",""
"1480","01/03/2017","1","6","7","10","11","12","13","15","16","17","19","20","21","22","25","0","","R$0,00","285","R$1.759,95","12290","R$20,00","135180","R$8,00","794419","R$4,00","R$1.630.153,62","R$18.656.990,00","R$4.500.000,00","R$30.309.799,54",""
"1481","03/03/2017","2","3","5","7","8","9","11","17","18","19","20","21","23","24","25","3","JAGUAQUARA/BA; EUSÉBIO/CE; CONSELHEIRO LAFAIETE/MG","R$1.167.875,31","502","R$1.640,44","23821","R$20,00","288152","R$8,00","1416041","R$4,00","R$0,00","R$28.981.614,00","R$1.700.000,00","R$30.742.139,31",""
"1482","06/03/2017","1","2","4","5","7","8","9","10","11","12","14","15","19","23","24","2","MISSAL/PR; CANOAS/RS","R$838.156,95","321","R$1.606,82","13539","R$20,00","207626","R$8,00","973255","R$4,00","R$0,00","R$21.935.806,00","R$1.700.000,00","R$31.128.980,99",""
"1483","08/03/2017","3","4","5","6","7","9","11","13","14","15","17","20","21","22","23","2","RIO DE JANEIRO/RJ; SÃO JOSÉ DO RIO PRETO/SP","R$783.149,76","431","R$1.597,40","16004","R$20,00","205330","R$8,00","999270","R$4,00","R$0,00","R$21.689.440,00","R$1.700.000,00","R$31.490.434,72",""
"1484","10/03/2017","1","2","3","4","6","7","9","10","12","17","18","19","21","22","25","2","SÃO LUIS/MA; LONDRINA/PR","R$1.048.630,65","319","R$2.022,92","11500","R$20,00","157103","R$8,00","880857","R$4,00","R$0,00","R$22.190.950,00","R$1.700.000,00","R$31.974.418,10",""
"1485","13/03/2017","1","2","3","5","8","9","11","13","15","17","18","19","23","24","25","4","CATALÃO/GO; RIO DE JANEIRO/RJ; SÃO BENTO DO SAPUCAI/SP; SÃO PAULO/SP","R$215.931,75","944","R$402,18","35996","R$20,00","280169","R$8,00","1158028","R$4,00","R$0,00","R$21.895.830,00","R$1.700.000,00","R$32.173.739,72",""
"1486","15/03/2017","2","4","5","8","9","10","12","14","18","19","20","21","22","23","25","1","RIO DE JANEIRO/RJ","R$1.470.685,52","498","R$1.298,10","17495","R$20,00","204214","R$8,00","1023723","R$4,00","R$0,00","R$21.478.510,00","R$1.700.000,00","R$32.513.128,69",""
"1487","17/03/2017","1","2","3","4","5","6","10","11","12","15","16","19","21","22","25","3","BRASÍLIA/DF; JOINVILLE/SC; ARAGUAÍNA/TO","R$688.247,98","351","R$1.809,99","13869","R$20,00","157649","R$8,00","910359","R$4,00","R$0,00","R$22.417.688,00","R$1.700.000,00","R$32.989.608,07",""
"1488","20/03/2017","1","4","5","6","10","11","12","13","16","19","20","21","23","24","25","4","ARIQUEMES/RO; SÃO BENTO DO SUL/SC; BAURU/SP; JANDIRA/SP","R$387.339,06","600","R$1.135,05","19921","R$20,00","190961","R$8,00","999588","R$4,00","R$0,00","R$21.522.014,00","R$1.700.000,00","R$33.347.151,82",""
"1489","22/03/2017","2","4","7","8","9","10","12","13","14","15","19","20","22","23","25","3","CARIACICA/ES; PARAGOMINAS/PA; NOSSA SENHORA DE LOURDES/SE","R$480.522,59","434","R$1.460,03","16858","R$20,00","207756","R$8,00","1039838","R$4,00","R$0,00","R$21.515.560,00","R$1.700.000,00","R$33.679.821,31",""
"1490","24/03/2017","1","3","4","5","7","8","9","11","13","14","15","18","19","20","22","2","CAMAÇARI/BA; BRASÍLIA/DF","R$756.297,48","486","R$1.368,05","16503","R$20,00","198499","R$8,00","1062665","R$4,00","R$0,00","R$21.899.086,00","R$1.700.000,00","R$34.028.881,70",""
"1491","27/03/2017","2","4","5","6","7","9","11","13","14","19","20","22","23","24","25","1","RIO DE JANEIRO/RJ","R$1.413.132,73","560","R$1.109,20","19310","R$20,00","201204","R$8,00","1016203","R$4,00","R$0,00","R$21.145.518,00","R$1.700.000,00","R$34.354.989,25",""
"1492","29/03/2017","2","3","4","5","7","8","10","12","15","16","17","18","19","24","25","2","FORTALEZA/CE; PIRACICABA/SP","R$880.277,49","296","R$1.830,10","12094","R$20,00","164409","R$8,00","885723","R$4,00","R$0,00","R$20.690.990,00","R$1.700.000,00","R$34.761.271,18",""
"1493","31/03/2017","2","5","8","10","11","13","14","15","16","19","20","21","23","24","25","9","FORTALEZA/CE; BRASÍLIA/DF; PEDRO CANÁRIO/ES; ERECHIM/RS; SÃO JOSÉ/SC; PIRACICABA/SP; SUZANO/SP","R$143.438,70","853","R$665,24","23807","R$20,00","222932","R$8,00","1104948","R$4,00","R$0,00","R$21.953.390,00","R$1.700.000,00","R$35.059.182,32",""
"1494","03/04/2017","1","2","3","4","9","10","11","12","13","15","17","19","20","22","25","3","TERESINA/PI; SÃO JOSÉ DO RIO PRETO/SP; SÃO PAULO/SP","R$505.284,94","457","R$1.458,00","16571","R$20,00","203250","R$8,00","1048683","R$4,00","R$0,00","R$21.877.412,00","R$1.700.000,00","R$35.408.994,98",""
"1495","05/04/2017","1","2","3","4","5","8","10","12","13","14","18","22","23","24","25","3","FORMOSA/GO; RIO DE JANEIRO/RJ","R$453.858,54","730","R$819,85","21649","R$20,00","223757","R$8,00","1078738","R$4,00","R$0,00","R$21.985.282,00","R$1.700.000,00","R$35.723.204,75",""
"1496","07/04/2017","2","3","6","7","9","10","11","12","13","15","17","19","20","23","25","1","TAIÓ/SC","R$1.251.644,24","594","R$926,21","23440","R$20,00","258735","R$8,00","1182885","R$4,00","R$0,00","R$23.117.076,00","R$1.700.000,00","R$36.012.045,73",""
"1497","10/04/2017","1","2","5","7","11","12","13","14","15","16","17","18","19","22","23","1","JUNDIAÍ/SP","R$1.901.422,20","220","R$2.659,33","10018","R$20,00","129742","R$8,00","818464","R$4,00","R$0,00","R$20.049.010,00","R$1.700.000,00","R$36.450.835,47",""
"1498","12/04/2017","4","5","7","8","10","11","14","15","16","17","18","21","23","24","25","1","BARRA MANSA/RJ","R$1.801.980,50","410","R$1.352,33","13857","R$20,00","171697","R$8,00","911301","R$4,00","R$0,00","R$21.352.872,00","R$1.700.000,00","R$36.866.677,13",""
"1499","15/04/2017","1","2","3","4","5","7","8","12","13","14","15","18","19","23","24","2","GUARANTA DO NORTE/MT; CHAPECÓ/SC","R$454.316,92","504","R$792,45","14231","R$20,00","169365","R$8,00","820044","R$4,00","R$0,00","R$15.955.774,00","R$1.000.000,00","R$37.076.361,87",""
"1500","17/04/2017","1","2","3","5","7","10","11","12","13","15","17","18","19","20","22","3","BRASÍLIA/DF; SÃO MIGUEL DO GUAPORÉ/RO; ARAGUATINS/TO","R$315.388,37","394","R$1.055,57","13924","R$20,00","177400","R$8,00","822864","R$4,00","R$0,00","R$16.306.198,00","R$1.700.000,00","R$37.294.707,67",""
"1501","19/04/2017","1","6","7","8","9","10","11","13","16","17","18","21","22","24","25","2","ANÁPOLIS/GO; AVELINOPOLIS/GO","R$1.089.774,04","231","R$2.903,16","8984","R$20,00","121404","R$8,00","756632","R$4,00","R$0,00","R$20.686.976,00","R$1.700.000,00","R$37.797.680,31",""
"1502","22/04/2017","1","2","3","4","5","7","11","12","13","15","17","18","20","22","24","0","","R$0,00","454","R$1.071,28","19681","R$20,00","165975","R$8,00","841016","R$4,00","R$1.106.475,68","R$17.341.230,00","R$3.500.000,00","R$38.053.020,86",""
"1503","24/04/2017","1","2","3","7","12","15","16","17","18","20","21","22","23","24","25","0","","R$0,00","290","R$2.082,89","10408","R$20,00","136832","R$8,00","840625","R$4,00","R$3.069.597,98","R$20.715.154,00","R$5.800.000,00","R$38.506.049,09",""
"1504","26/04/2017","1","4","5","7","8","11","12","14","17","18","19","21","23","24","25","2","SALVADOR/BA; SÃO PAULO/SP","R$2.703.729,54","828","R$1.241,10","26035","R$20,00","283795","R$8,00","1426452","R$4,00","R$0,00","R$31.453.864,00","R$1.700.000,00","R$39.045.555,50",""
"1505","28/04/2017","1","2","3","6","7","11","14","16","17","18","19","20","22","24","25","1","LONDRINA/PR","R$2.125.397,96","196","R$3.336,58","7625","R$20,00","114617","R$8,00","700630","R$4,00","R$0,00","R$19.707.732,00","R$2.000.000,00","R$39.536.031,97",""
"1506","03/05/2017","3","4","5","8","9","10","13","14","17","18","19","20","21","22","24","2","RIO DE JANEIRO/RJ","R$1.090.843,42","633","R$1.514,98","19727","R$20,00","240630","R$8,00","1227715","R$4,00","R$0,00","R$27.740.612,00","R$1.700.000,00","R$40.039.498,17",""
"1507","05/05/2017","1","2","3","4","5","8","10","11","13","14","17","19","21","23","24","6","FORTALEZA/CE; BARRA DE SÃO FRANCISCO/ES; MONTES CLAROS/MG; RIO DE JANEIRO/RJ; SÃO BERNARDO DO CAMPO/SP; SÃO PAULO/SP","R$232.847,67","791","R$776,36","22225","R$20,00","234971","R$8,00","1192800","R$4,00","R$0,00","R$23.451.338,00","R$1.700.000,00","R$40.361.902,63",""
"1508","08/05/2017","1","3","7","8","9","10","11","12","14","17","19","21","22","23","24","2","RECIFE/PE; SÃO PAULO/SP","R$766.634,29","458","R$1.471,53","16743","R$20,00","190658","R$8,00","983957","R$4,00","R$0,00","R$21.144.002,00","R$1.700.000,00","R$40.715.733,84",""
"1509","10/05/2017","1","2","3","6","7","8","9","13","14","15","17","18","19","22","24","5","MACEIÓ/AL; DOURADOS/MS; MARÍLIA/SP; SÃO PAULO/SP","R$332.578,98","724","R$1.009,58","18443","R$20,00","204140","R$8,00","991548","R$4,00","R$0,00","R$22.198.490,00","R$1.700.000,00","R$41.099.478,82",""
"1510","12/05/2017","1","3","4","7","8","9","10","11","12","13","15","18","19","22","24","4","CARIACICA/ES; ITAITUBA/PA; Teresina/PI; NITEROI/RJ","R$318.127,19","586","R$954,51","21595","R$20,00","235256","R$8,00","1184036","R$4,00","R$0,00","R$22.715.058,00","R$1.700.000,00","R$41.393.134,70",""
"1511","15/05/2017","2","4","5","8","9","10","11","12","13","15","19","20","21","23","24","5","GOIÂNIA/GO; Montes Claros/MG; PATOS DE MINAS/MG; CERRO AZUL/PR; Sorocaba/SP","R$272.884,25","660","R$908,70","19451","R$20,00","216373","R$8,00","1060479","R$4,00","R$0,00","R$21.593.548,00","R$1.700.000,00","R$41.708.001,14",""
"1512","17/05/2017","2","3","4","6","10","11","12","13","15","16","17","19","21","22","24","1","RIO DE JANEIRO/RJ","R$2.007.937,94","447","R$1.382,16","13578","R$20,00","159040","R$8,00","862389","R$4,00","R$0,00","R$21.699.290,00","R$1.700.000,00","R$42.171.371,44",""
"1513","19/05/2017","3","4","6","7","9","10","11","12","13","14","16","18","21","22","24","1","PENÁPOLIS/SP","R$1.931.178,44","351","R$1.692,91","12949","R$20,00","155263","R$8,00","872250","R$4,00","R$0,00","R$21.302.388,00","R$1.700.000,00","R$42.617.028,02",""
"1514","22/05/2017","3","4","5","7","8","11","12","13","15","16","17","19","20","21","24","2","FILADÉLFIA/BA; APUCARANA/PR","R$858.676,00","421","R$1.793,06","12339","R$20,00","157467","R$8,00","922916","R$4,00","R$0,00","R$20.698.336,00","R$1.700.000,00","R$43.013.340,03",""
"1515","24/05/2017","1","2","3","5","8","9","11","12","13","16","17","18","19","20","23","5","MANAUS/AM; GOIÂNIA/GO; JUNDIAÍ/SP; Sorocaba/SP; SÃO PAULO/SP","R$336.430,51","332","R$1.559,00","12453","R$20,00","160295","R$8,00","908667","R$4,00","R$0,00","R$20.445.844,00","R$1.700.000,00","R$43.401.529,08",""
"1516","26/05/2017","1","2","6","7","10","11","12","14","16","18","19","20","22","23","24","3","MOGI DAS CRUZES/SP; SÃO BERNARDO DO CAMPO/SP; SÃO PAULO/SP","R$676.080,02","300","R$2.080,25","11390","R$20,00","149439","R$8,00","809054","R$4,00","R$0,00","R$21.031.948,00","R$1.700.000,00","R$43.869.584,48",""
"1517","29/05/2017","2","3","5","8","10","11","12","14","15","18","20","21","23","24","25","4","MACEIÓ/AL; BELO HORIZONTE/MG; APUCARANA/PR; SÃO JOSÉ DO RIO PRETO/SP","R$276.609,09","693","R$701,79","22740","R$20,00","216554","R$8,00","1021799","R$4,00","R$0,00","R$20.083.738,00","R$1.700.000,00","R$44.124.915,95",""
"1518","31/05/2017","2","3","4","5","7","8","11","12","14","16","17","20","22","24","25","4","RIO DE JANEIRO/RJ; SÃO PAULO/SP","R$440.990,32","381","R$1.424,56","12852","R$20,00","157866","R$8,00","854588","R$4,00","R$0,00","R$20.335.188,00","R$1.700.000,00","R$44.531.983,95",""
"1519","02/06/2017","1","4","6","8","13","14","16","17","18","20","21","22","23","24","25","4","GOIÂNIA/GO; ITAJUBÁ/MG; UBERLÂNDIA/MG; FLORIANO/PI","R$529.678,45","331","R$1.969,52","12122","R$20,00","151372","R$8,00","877555","R$4,00","R$0,00","R$22.192.178,00","R$1.700.000,00","R$45.020.917,90",""
"1520","05/06/2017","1","2","4","8","9","10","12","13","14","16","17","18","19","24","25","6","FORTALEZA/CE; NOVO GAMA/GO; GENERAL CARNEIRO/MT; CURITIBA/PR; SÃO PAULO/SP","R$283.547,62","497","R$1.504,66","17287","R$20,00","173513","R$8,00","902896","R$4,00","R$0,00","R$20.956.558,00","R$1.700.000,00","R$45.413.522,30",""
"1521","07/06/2017","1","2","3","4","5","7","8","12","14","15","17","19","20","23","24","4","BALSAS/MA; BELO HORIZONTE/MG; CANARANA/MT; SÃO JOSÉ DOS PINHAIS/PR","R$359.073,26","530","R$1.191,20","18994","R$20,00","201761","R$8,00","1064105","R$4,00","R$0,00","R$21.700.650,00","R$1.700.000,00","R$45.744.974,54",""
"1522","09/06/2017","1","8","9","10","11","13","14","15","16","18","19","20","21","23","24","2","SANTO ANTÔNIO DE PÁDUA/RJ; SÃO PAULO/SP","R$927.234,52","346","R$1.649,15","12938","R$20,00","175923","R$8,00","1016775","R$4,00","R$0,00","R$22.627.826,00","R$1.700.000,00","R$46.172.928,93",""
"1523","12/06/2017","3","5","6","7","9","10","12","13","14","16","18","19","21","23","25","8","RECIFE/PE; CAMPO MOURÃO/PR; JANDAIA DO SUL/PR; BARRA MANSA/RJ; RIO DE JANEIRO/RJ; OSASCO/SP; PALMAS/TO","R$182.920,06","903","R$712,33","21770","R$20,00","202653","R$8,00","959572","R$4,00","R$0,00","R$21.017.854,00","R$1.700.000,00","R$46.510.627,50",""
"1524","14/06/2017","1","3","5","6","7","8","9","10","13","14","20","22","23","24","25","1","PALMAS/TO","R$1.892.320,43","246","R$2.366,88","10070","R$20,00","152728","R$8,00","919742","R$4,00","R$0,00","R$21.363.994,00","R$1.700.000,00","R$46.947.316,84",""
"1525","16/06/2017","1","2","4","5","8","10","12","14","15","18","19","20","21","22","25","3","GOIANÉSIA/GO; BELO HORIZONTE/MG; LONDRINA/PR","R$462.573,29","417","R$1.462,79","14860","R$20,00","159281","R$8,00","815723","R$4,00","R$0,00","R$18.187.784,00","R$1.700.000,00","R$47.267.559,89",""
"1526","19/06/2017","5","7","8","9","10","11","13","15","17","18","20","21","22","23","25","7","BRASÍLIA/DF; CARIACICA/ES; VITÓRIA/ES; VALENÇA/RJ; CAMPINAS/SP; DUARTINA/SP; TABAPUA/SP","R$165.114,45","589","R$862,55","21243","R$20,00","240559","R$8,00","1098690","R$4,00","R$0,00","R$21.417.458,00","R$1.700.000,00","R$47.534.283,23",""
"1527","21/06/2017","1","2","3","5","6","7","9","10","14","15","20","21","22","24","25","1","CUIABÁ/MT","R$1.945.969,06","293","R$2.043,55","10671","R$20,00","154254","R$8,00","852408","R$4,00","R$0,00","R$21.070.566,00","R$1.700.000,00","R$47.983.353,03",""
"1528","23/06/2017","1","2","4","5","6","8","9","10","17","18","20","21","23","24","25","0","","R$0,00","246","R$2.356,61","10465","R$20,00","147891","R$8,00","856773","R$4,00","R$1.884.111,74","R$20.670.296,00","R$4.800.000,00","R$48.418.148,05",""
"1529","26/06/2017","2","3","4","5","8","11","13","14","16","17","18","19","20","21","24","3","MURITIBA/BA; PONTA GROSSA/PR; GUARULHOS/SP","R$1.476.461,28","367","R$2.133,95","14577","R$20,00","215162","R$8,00","1207332","R$4,00","R$0,00","R$28.688.292,00","R$1.700.000,00","R$49.005.518,54",""
"1530","28/06/2017","2","4","5","7","9","10","12","14","15","16","18","20","22","23","24","41","BA; CE; GO; MG; MT; PA; PE; PR; RN; RS; SC; SP","R$34.864,17","1719","R$365,51","27240","R$20,00","220736","R$8,00","960961","R$4,00","R$0,00","R$21.444.734,00","R$1.700.000,00","R$49.335.387,20",""
"1531","30/06/2017","1","2","3","4","7","8","10","11","13","14","15","19","22","23","24","1","SANTOS/SP","R$1.371.437,50","534","R$1.128,89","19757","R$20,00","227784","R$8,00","1128762","R$4,00","R$0,00","R$22.483.898,00","R$1.700.000,00","R$49.651.872,78",""
"1532","03/07/2017","1","2","3","8","9","10","11","12","13","14","17","18","20","22","25","3","SALINAS/MG; IGUABA GRANDE/RJ; GUARUJÁ/SP","R$579.974,79","505","R$1.514,45","16133","R$20,00","197783","R$8,00","1011034","R$4,00","R$0,00","R$22.544.940,00","R$1.700.000,00","R$50.053.393,79",""
"1533","05/07/2017","1","3","4","6","7","11","12","13","14","15","16","19","20","21","24","2","IMPERATRIZ/MA; SÃO PAULO/SP","R$1.100.549,01","323","R$2.096,78","12502","R$20,00","166823","R$8,00","925155","R$4,00","R$0,00","R$23.351.764,00","R$1.700.000,00","R$50.561.339,50",""
"1534","07/07/2017","1","4","5","8","9","10","11","12","13","14","16","17","19","21","24","1","SANTA INÊS/MA","R$2.051.963,67","357","R$1.768,55","13908","R$20,00","186284","R$8,00","1034775","R$4,00","R$0,00","R$24.031.176,00","R$1.700.000,00","R$51.034.869,58",""
"1535","10/07/2017","3","4","5","7","8","12","13","15","17","18","21","22","23","24","25","5","MANAUS/AM; BRASÍLIA/DF; OLIVEIRA/MG; PERDIZES/MG; SÃO BERNARDO DO CAMPO/SP","R$264.761,12","650","R$895,21","19738","R$20,00","219185","R$8,00","1079157","R$4,00","R$0,00","R$21.625.112,00","R$1.700.000,00","R$51.340.363,18",""
"1536","12/07/2017","1","3","5","6","7","8","9","10","11","12","13","19","20","23","25","1","LONDRINA/PR","R$1.424.150,30","388","R$1.613,40","15719","R$20,00","216487","R$8,00","1172324","R$4,00","R$0,00","R$22.758.330,00","R$1.700.000,00","R$51.669.013,25",""
"1537","14/07/2017","1","2","3","4","10","11","13","14","15","17","18","20","21","22","24","1","ASSIS BRASIL/AC","R$1.624.314,63","525","R$1.359,97","18492","R$20,00","211518","R$8,00","1088193","R$4,00","R$0,00","R$23.033.088,00","R$1.700.000,00","R$52.043.855,10",""
"1538","17/07/2017","2","4","5","7","8","9","10","13","14","15","17","18","19","21","23","1","RIO DE JANEIRO/RJ","R$1.212.090,69","684","R$778,92","21685","R$20,00","231951","R$8,00","1135250","R$4,00","R$0,00","R$21.901.732,00","R$1.700.000,00","R$52.323.568,34",""
"1539","19/07/2017","1","3","4","8","11","12","13","14","16","17","18","19","20","21","25","2","CARAMBEÍ/PR; ITAQUAQUECETUBA/SP","R$1.001.752,59","245","R$2.516,18","10488","R$20,00","147904","R$8,00","902231","R$4,00","R$0,00","R$21.696.378,00","R$1.700.000,00","R$52.785.915,70",""
"1540","21/07/2017","1","2","3","7","9","10","11","12","14","15","16","17","19","22","23","2","AGUAS LINDAS DE GOIAS/GO; SORRISO/MT","R$913.505,11","457","R$1.757,28","15649","R$20,00","185820","R$8,00","961747","R$4,00","R$0,00","R$22.288.570,00","R$1.700.000,00","R$53.207.533,45",""
"1541","24/07/2017","2","3","4","5","7","11","13","14","15","18","19","20","21","22","25","1","GOIÂNIA/GO","R$1.686.669,31","323","R$1.606,74","12983","R$20,00","175957","R$8,00","1043856","R$4,00","R$0,00","R$22.029.674,00","R$1.700.000,00","R$53.596.764,83",""
"1542","26/07/2017","2","3","5","7","8","10","11","13","15","16","17","20","21","22","24","17","BRASÍLIA/DF; GOVERNADOR LINDENBERG/ES; GOIÂNIA/GO; GRÃO MONGOL/MG; CAMPO GRANDE/MS; AREIA/PB; RECIFE/PE; NOVA IGUAÇU/RJ; CACHOEIRINHA/RS; SAPUCAIA DO SUL/RS; GUARULHOS/SP; HORTOLÂNDIA/SP; Ribeirão Preto/SP; SÃO PAULO/SP","R$89.845,56","1076","R$623,95","22939","R$20,00","210877","R$8,00","997019","R$4,00","R$0,00","R$21.893.648,00","R$1.700.000,00","R$53.949.235,90",""
"1543","28/07/2017","1","2","6","7","8","9","12","13","15","17","19","20","23","24","25","4","QUIJINGUE/BA; BELO HORIZONTE/MG; SANTO ANDRÉ/SP; SÃO PAULO/SP","R$453.023,02","440","R$1.810,28","15626","R$20,00","181790","R$8,00","981572","R$4,00","R$0,00","R$22.320.434,00","R$1.700.000,00","R$54.367.411,00",""
"1544","31/07/2017","1","2","4","7","8","9","11","12","14","16","17","21","22","23","24","2","SALVADOR/BA; SÃO PAULO/SP","R$995.162,35","480","R$1.822,64","16574","R$20,00","167962","R$8,00","891221","R$4,00","R$0,00","R$22.178.914,00","R$1.700.000,00","R$54.826.716,70",""
"1545","02/08/2017","3","5","7","8","10","11","12","15","16","17","20","22","23","24","25","2","BRASÍLIA/DF; JUNDIAÍ/SP","R$872.754,17","496","R$1.546,88","16628","R$20,00","205397","R$8,00","1009896","R$4,00","R$0,00","R$22.726.102,00","R$1.700.000,00","R$55.229.526,32",""
"1546","04/08/2017","1","3","6","7","8","10","11","14","15","18","19","20","22","24","25","1","CONTAGEM/MG","R$2.082.705,71","400","R$1.602,08","15773","R$20,00","186784","R$8,00","1008447","R$4,00","R$0,00","R$24.039.372,00","R$1.700.000,00","R$55.710.150,72",""
"1547","07/08/2017","1","2","5","6","8","9","10","11","13","15","17","18","19","21","25","7","SALVADOR/BA; CONGONHAS/MG; REDENÇÃO/PA; BAURU/SP; CAMPINAS/SP; OSASCO/SP","R$206.646,18","691","R$920,16","20459","R$20,00","233487","R$8,00","1093018","R$4,00","R$0,00","R$22.672.394,00","R$1.700.000,00","R$56.043.963,78",""
"1548","09/08/2017","2","3","4","9","10","11","12","14","15","17","18","20","21","22","23","3","SALVADOR/BA; MATÃO/SP; SÃO PAULO/SP","R$637.315,94","503","R$1.670,80","17341","R$20,00","199393","R$8,00","1051216","R$4,00","R$0,00","R$23.873.316,00","R$1.700.000,00","R$56.485.182,51",""
"1549","11/08/2017","1","2","3","4","5","7","8","10","11","13","18","20","23","24","25","5","TERESÓPOLIS/RJ; Sorocaba/SP; SÃO PAULO/SP; SÃO PEDRO/SP","R$217.577,39","756","R$632,52","24997","R$20,00","280620","R$8,00","1351401","R$4,00","R$0,00","R$24.317.506,00","R$1.700.000,00","R$56.736.233,35",""
"1550","14/08/2017","3","4","5","7","8","13","14","15","16","17","20","22","23","24","25","1","ITACOATIARA/AM","R$1.649.667,73","731","R$991,96","25237","R$20,00","210990","R$8,00","1040070","R$4,00","R$0,00","R$23.019.028,00","R$1.700.000,00","R$57.116.925,91",""
"1551","16/08/2017","1","3","5","7","8","11","13","14","15","17","19","20","22","23","25","13","MACEIÓ/AL; SALVADOR/BA; BRASÍLIA/DF; ARAGUARI/MG; MALACACHETA/MG; PARÁ DE MINAS/MG; OLINDA/PE; DOURADINA/PR; RIO DE JANEIRO/RJ; NOVA PETRÓPOLIS/RS; CAMPINAS/SP; ITAQUAQUECETUBA/SP; SÃO PAULO/SP","R$46.572,15","1796","R$148,17","39496","R$20,00","328748","R$8,00","1228495","R$4,00","R$0,00","R$22.294.526,00","R$1.700.000,00","R$57.256.642,37",""
"1552","18/08/2017","2","3","7","8","9","12","14","15","16","19","20","21","22","24","25","6","GOIÂNIA/GO; PINHEIRO/MA; CAMPO GRANDE/MS; ITAITUBA/PA; RIO DE JANEIRO/RJ; SÃO PAULO/SP","R$359.145,75","492","R$1.347,64","14875","R$20,00","178279","R$8,00","965407","R$4,00","R$0,00","R$23.809.732,00","R$1.700.000,00","R$57.753.921,10",""
"1553","21/08/2017","1","2","4","8","9","11","12","13","15","17","18","19","21","22","25","10","SÃO LUIZ/MA; UBERLÂNDIA/MG; ARMAÇÃO DE BÚZIOS/RJ; SÃO GONÇALO/RJ; URUPEMA/SC; JALES/SP; MAUÁ/SP; SANTO ANDRÉ/SP; Sorocaba/SP; SÃO CAETANO DO SUL/SP","R$165.935,86","715","R$1.020,12","17153","R$20,00","198753","R$8,00","995398","R$4,00","R$0,00","R$22.057.154,00","R$1.700.000,00","R$58.136.850,01",""
"1554","23/08/2017","1","3","4","5","7","8","9","10","13","14","16","18","19","24","25","1","CAMPO GRANDE/MS","R$1.672.142,44","396","R$1.856,07","15241","R$20,00","189771","R$8,00","1006231","R$4,00","R$0,00","R$21.967.954,00","R$1.700.000,00","R$58.522.729,04",""
"1555","25/08/2017","1","2","6","8","9","10","12","13","14","16","18","20","22","23","25","6","BRASILANDIA DE MINAS/MG; MURIAÉ/MG; ITAPETININGA/SP; PERUÍBE/SP; SÃO JOSÉ DO RIO PRETO/SP; SÃO PAULO/SP","R$313.083,77","666","R$1.239,81","18577","R$20,00","192620","R$8,00","921506","R$4,00","R$0,00","R$22.438.898,00","R$1.700.000,00","R$58.956.229,65",""
"1556","28/08/2017","1","2","3","5","6","8","12","15","16","17","19","21","22","23","25","2","JOÃO PESSOA/PB; SÃO PAULO/SP","R$962.407,97","352","R$1.682,53","14066","R$20,00","163895","R$8,00","859129","R$4,00","R$0,00","R$21.359.894,00","R$80.000.000,00","R$59.400.417,96","A CAIXA informa que as apostas para a Lotofácil da Independência, concurso 1557 da Lotofácil, encerram-se às 19h do dia 06/09. O sorteio será realizado no Caminhão da Sorte, no Parque da Independência, em São Paulo/SP, a partir das 9h do dia 07/09."
"1557","07/09/2017","2","3","4","5","6","9","12","16","17","18","20","21","22","24","25","15","CATU/BA; FEIRA DE SANTANA/BA; IBIRAPITANGA/BA; BRASÍLIA/DF; VILA VELHA/ES; TERESINA/PI; SÃO GONÇALO/RJ; APARECIDA/SP; BARUERI/SP; SÃO JOSÉ DOS CAMPOS/SP; SÃO PAULO/SP","R$5.905.591,00","3369","R$2.165,59","133713","R$20,00","1704422","R$8,00","9530997","R$4,00","R$0,00","R$245.787.050,00","R$2.000.000,00","R$0,00",""
"1558","11/09/2017","1","2","4","5","6","9","11","14","15","16","17","18","21","22","25","1","SÃO JOAQUIM DA BARRA/SP","R$3.196.576,25","464","R$2.119,74","15432","R$20,00","197287","R$8,00","1177008","R$4,00","R$0,00","R$31.420.152,00","R$1.700.000,00","R$737.671,46",""
"1559","13/09/2017","3","4","5","6","7","9","10","11","14","16","18","19","20","23","25","1","PEROLA DO OESTE/PR","R$2.373.187,46","306","R$2.386,31","13415","R$20,00","183053","R$8,00","1038271","R$4,00","R$0,00","R$25.609.662,00","R$1.700.000,00","R$1.285.330,10",""
"1560","15/09/2017","1","2","3","4","5","7","8","9","11","14","17","18","20","24","25","3","LAVRAS/MG; DUAS BARRAS/RJ; SANTO ANDRÉ/SP","R$606.249,54","448","R$1.784,48","18121","R$20,00","231295","R$8,00","1187773","R$4,00","R$0,00","R$25.285.590,00","R$1.700.000,00","R$1.705.041,33",""
"1561","18/09/2017","3","5","6","7","8","12","13","15","16","18","20","21","22","24","25","4","SALVADOR/BA; AFONSO CLÁUDIO/ES; BELÉM/PA","R$404.250,07","694","R$1.024,16","21578","R$20,00","227295","R$8,00","1158073","R$4,00","R$0,00","R$24.074.352,00","R$1.700.000,00","R$2.078.195,24",""
"1562","20/09/2017","1","2","3","4","5","6","7","8","9","11","12","14","16","17","18","9","RIO BRANCO/AC; SALVADOR/BA; SANTA LUZIA/BA; SANTA BÁRBARA/MG; SERTÃO/RS; CAMPINAS/SP; OURINHOS/SP; SANTA BARBARA DO OESTE/SP; SUMARÉ/SP","R$228.232,44","1246","R$724,63","21768","R$20,00","211804","R$8,00","909389","R$4,00","R$0,00","R$23.718.584,00","R$1.700.000,00","R$2.552.216,48",""
"1563","22/09/2017","1","2","3","5","6","9","10","12","13","17","18","20","21","22","23","3","MONTE APRAZÍVEL/SP; SÃO JOSÉ DO RIO PRETO/SP; SÃO PAULO/SP","R$661.969,53","484","R$1.803,56","15869","R$20,00","203418","R$8,00","1106799","R$4,00","R$0,00","R$24.767.548,00","R$1.700.000,00","R$3.010.503,08",""
"1564","25/09/2017","3","4","6","8","9","11","12","13","16","17","18","19","20","21","24","1","CAMPINAS/SP","R$2.253.777,85","294","R$2.358,75","11240","R$20,00","157925","R$8,00","934325","R$4,00","R$0,00","R$23.481.030,00","R$1.700.000,00","R$3.530.605,67",""
"1565","27/09/2017","1","3","6","7","8","9","10","11","12","13","15","17","18","24","25","0","","R$0,00","302","R$1.835,38","12215","R$20,00","175155","R$8,00","1069813","R$4,00","R$1.801.426,43","R$22.800.772,00","R$4.500.000,00","R$3.946.319,47",""
"1566","29/09/2017","1","2","4","5","7","8","9","13","14","15","16","19","23","24","25","4","CAMPO GRANDE/MS; Curitiba/PR; RIO DE JANEIRO/RJ; SÃO PAULO/SP","R$1.033.839,97","888","R$1.155,29","27963","R$20,00","301603","R$8,00","1524881","R$4,00","R$0,00","R$32.759.786,00","R$1.700.000,00","R$4.484.919,50",""
"1567","02/10/2017","2","3","5","7","9","10","11","12","14","15","17","18","19","21","24","4","GUARACIABA DO NORTE/CE; BELO HORIZONTE/MG; BELÉM/PA; JAÚ DO TOCANTINS/TO","R$391.745,70","1007","R$683,99","25132","R$20,00","234673","R$8,00","1144493","R$4,00","R$0,00","R$23.995.586,00","R$1.700.000,00","R$4.846.530,92",""
"1568","04/10/2017","1","2","3","4","6","7","10","11","13","16","17","19","21","22","24","7","FORTALEZA/CE; GOIÂNIA/GO; PARACATU/MG; IPORÃ/PR; RIO DE JANEIRO/RJ; BARUERI/SP; PONTAL/SP","R$328.308,66","461","R$1.533,90","16727","R$20,00","186336","R$8,00","1001823","R$4,00","R$0,00","R$25.106.350,00","R$1.700.000,00","R$5.376.875,69",""
"1569","06/10/2017","2","4","8","9","10","12","13","14","16","18","20","21","23","24","25","3","SÃO JOAQUIM DE BICAS/MG; BALNEÁRIO RINCÃO/SC; PENÁPOLIS/SP","R$574.338,06","907","R$835,02","27102","R$20,00","264669","R$8,00","1182057","R$4,00","R$0,00","R$25.777.738,00","R$1.700.000,00","R$5.774.494,35",""
"1570","09/10/2017","1","3","7","8","9","11","13","16","18","19","20","21","23","24","25","2","MANAUS/AM; SÃO PAULO/SP","R$752.980,58","517","R$1.280,38","21036","R$20,00","248012","R$8,00","1193609","R$4,00","R$0,00","R$24.196.610,00","R$1.700.000,00","R$6.122.023,85",""
"1571","11/10/2017","1","3","4","5","6","7","11","12","14","17","18","19","23","24","25","1","CONFINS/MG","R$2.007.916,93","478","R$1.846,44","17195","R$20,00","189481","R$8,00","1074180","R$4,00","R$0,00","R$24.382.116,00","R$1.700.000,00","R$6.585.389,30",""
"1572","13/10/2017","2","4","5","6","8","9","10","13","16","18","19","21","22","23","24","1","SANTO ANDRÉ/SP","R$1.724.932,85","321","R$1.653,43","13173","R$20,00","162129","R$8,00","867866","R$4,00","R$0,00","R$20.353.318,00","R$1.700.000,00","R$6.983.450,73",""
"1573","16/10/2017","2","6","7","8","10","11","12","13","14","15","16","17","18","19","23","4","FORTALEZA/CE; LUMINÁRIAS/MG; TRAJANO DE MORAES/RJ; QUEIROZ/SP","R$538.506,71","334","R$1.984,36","19274","R$20,00","140227","R$8,00","852031","R$4,00","R$0,00","R$22.259.988,00","R$1.700.000,00","R$7.480.533,86",""
"1574","18/10/2017","1","2","3","5","6","7","10","11","12","14","15","17","18","21","22","3","VILA VELHA/ES; CANOAS/RS; LAGARTO/SE","R$649.515,16","449","R$1.335,31","15503","R$20,00","184478","R$8,00","1006630","R$4,00","R$0,00","R$23.287.402,00","R$1.700.000,00","R$7.930.198,21",""
"1575","20/10/2017","1","3","5","6","7","9","10","11","12","14","16","17","22","23","25","2","PORTO ALEGRE/RS; SÃO PAULO/SP","R$1.045.394,82","600","R$1.531,71","16742","R$20,00","189296","R$8,00","1017738","R$4,00","R$0,00","R$24.257.154,00","R$1.700.000,00","R$8.412.688,14",""
"1576","23/10/2017","1","2","5","7","8","9","11","12","14","15","16","18","20","21","25","6","ANÁPOLIS/GO; CUIABÁ/MT; VÁRZEA GRANDE/MT; RIO DE JANEIRO/RJ; Ribeirão Preto/SP; SÃO PAULO/SP","R$305.040,45","585","R$1.375,21","16834","R$20,00","184799","R$8,00","968851","R$4,00","R$0,00","R$22.406.340,00","R$1.700.000,00","R$8.835.051,85",""
"1577","25/10/2017","3","5","6","7","9","10","11","13","15","16","17","18","19","21","24","2","ESMERALDAS/MG; VÁRZEA PAULISTA/SP","R$722.458,99","568","R$1.118,18","20008","R$20,00","229079","R$8,00","1094091","R$4,00","R$0,00","R$22.572.000,00","R$1.700.000,00","R$9.168.494,47",""
"1578","27/10/2017","4","6","8","9","10","12","13","14","16","17","18","19","21","22","24","2","RIO DE JANEIRO/RJ; NOVA INDEPENDÊNCIA/SP","R$971.557,19","452","R$1.889,63","17592","R$20,00","207086","R$8,00","992894","R$4,00","R$0,00","R$23.646.724,00","R$1.700.000,00","R$9.616.905,49",""
"1579","30/10/2017","1","2","4","6","7","10","12","13","14","15","16","18","21","22","23","0","","R$0,00","340","R$1.928,32","11866","R$20,00","157772","R$8,00","902522","R$4,00","R$2.130.796,45","R$22.590.116,00","R$5.100.000,00","R$10.108.627,75",""
"1580","01/11/2017","3","4","7","10","11","12","13","14","15","16","18","20","22","23","25","4","CURITIBA/PR; SÃO MIGUEL DO OESTE/SC; ASSIS/SP; RIBEIRÃO PIRES/SP","R$1.227.816,30","571","R$1.498,30","22650","R$20,00","281957","R$8,00","1557153","R$4,00","R$0,00","R$34.713.812,00","R$1.700.000,00","R$10.750.274,39",""
"1581","03/11/2017","3","4","5","6","7","8","11","12","13","16","20","21","23","24","25","2","ARIPUANA/MT; BOA VISTA/RR","R$937.755,04","335","R$1.722,63","11925","R$20,00","150589","R$8,00","906425","R$4,00","R$0,00","R$21.201.994,00","R$1.700.000,00","R$11.183.084,41",""
"1582","06/11/2017","1","2","5","7","8","10","11","14","16","17","18","19","23","24","25","4","FORTALEZA/CE; CONCEIÇÃO DOS OUROS/MG; RIO DE JANEIRO/RJ; BIGUAÇU/SC","R$477.072,00","513","R$1.635,10","16435","R$20,00","198691","R$8,00","1059517","R$4,00","R$0,00","R$23.876.602,00","R$1.700.000,00","R$11.623.458,56",""
"1583","08/11/2017","2","3","4","6","7","9","10","14","15","16","17","19","20","23","25","2","GOIÂNIA/GO; MINEIROS/GO","R$1.186.191,00","350","R$2.085,61","13874","R$20,00","172953","R$8,00","953436","R$4,00","R$0,00","R$24.657.558,00","R$1.700.000,00","R$12.170.931,34",""
"1584","10/11/2017","1","2","3","5","6","11","12","14","15","16","17","19","20","24","25","0","","R$0,00","251","R$3.016,11","11863","R$20,00","154520","R$8,00","943372","R$4,00","R$2.460.386,95","R$24.577.920,00","R$5.700.000,00","R$12.738.712,95",""
"1585","13/11/2017","1","2","4","5","6","7","9","11","17","18","19","21","23","24","25","1","SÃO LUIS/MA","R$5.060.374,07","490","R$1.632,64","22052","R$20,00","295431","R$8,00","1499128","R$4,00","R$0,00","R$33.484.424,00","R$1.700.000,00","R$13.338.709,98",""
"1586","16/11/2017","1","3","4","10","11","12","13","16","18","19","20","22","23","24","25","1","PORTO VELHO/RO","R$1.606.768,08","270","R$1.831,08","12005","R$20,00","161819","R$8,00","872253","R$4,00","R$0,00","R$19.735.096,00","R$1.000.000,00","R$13.709.502,62",""
"1587","17/11/2017","2","3","5","7","8","11","14","15","16","17","19","20","21","22","25","5","NOVA SERRANA/MG; Uruara/PA; RIO DE JANEIRO/RJ; GUARULHOS/SP; SANTA ISABEL/SP","R$295.750,66","383","R$1.697,13","12492","R$20,00","146160","R$8,00","760720","R$4,00","R$0,00","R$17.790.392,00","R$1.700.000,00","R$14.050.753,38",""
"1588","20/11/2017","1","3","4","5","7","9","10","11","14","15","17","20","21","22","23","4","ÁGUA FRIA/BA; BRASÍLIA/DF; PAULÍNIA/SP","R$332.224,00","446","R$1.309,70","13786","R$20,00","164027","R$8,00","826317","R$4,00","R$0,00","R$18.025.338,00","R$1.700.000,00","R$14.357.421,70",""
"1589","22/11/2017","1","2","3","4","6","12","13","14","15","17","18","22","23","24","25","2","MESQUITA/RJ; ESPIGÃO DO OESTE/RO","R$922.813,85","559","R$1.451,27","16007","R$20,00","182155","R$8,00","981271","R$4,00","R$0,00","R$22.511.996,00","R$1.700.000,00","R$14.783.335,80",""
"1590","24/11/2017","1","3","5","7","8","10","14","16","17","18","20","21","22","23","25","1","ANÁPOLIS/GO","R$1.671.789,78","473","R$1.553,59","18126","R$20,00","199170","R$8,00","1044815","R$4,00","R$0,00","R$22.628.756,00","R$1.700.000,00","R$15.169.133,45",""
"1591","27/11/2017","1","3","5","7","8","10","11","12","17","19","20","21","22","23","24","1","MOGI DAS CRUZES/SP","R$1.499.683,86","699","R$943,06","19845","R$20,00","207766","R$8,00","1050551","R$4,00","R$0,00","R$22.047.056,00","R$1.700.000,00","R$15.515.214,35",""
"1592","29/11/2017","1","2","3","4","5","6","9","12","14","15","16","19","20","22","25","0","","R$0,00","337","R$1.831,57","12177","R$20,00","168761","R$8,00","899895","R$4,00","R$2.006.022,61","R$22.150.422,00","R$5.000.000,00","R$15.978.142,65",""
"1593","01/12/2017","3","4","5","7","8","9","10","11","13","14","16","17","20","22","24","3","PATOS DE MINAS/MG; VARGINHA/MG; Curitiba/PR","R$1.538.562,09","728","R$1.575,69","23726","R$20,00","291218","R$8,00","1503688","R$4,00","R$0,00","R$33.575.044,00","R$1.700.000,00","R$16.580.372,73",""
"1594","04/12/2017","1","2","4","6","8","10","11","12","13","15","16","17","19","21","25","4","GOIÂNIA/GO; PROPRIÁ/SE; SÃO PAULO/SP","R$483.148,87","956","R$888,59","22396","R$20,00","214557","R$8,00","1002674","R$4,00","R$0,00","R$24.043.154,00","R$1.700.000,00","R$17.026.356,32",""
"1595","06/12/2017","1","2","3","4","6","7","9","10","11","13","17","18","20","22","25","3","SALVADOR/BA; JATAÍ/GO; CAMPINAS/SP","R$647.891,76","479","R$1.783,63","18006","R$20,00","209603","R$8,00","1090782","R$4,00","R$0,00","R$24.618.368,00","R$1.700.000,00","R$17.474.896,77","."
"1596","08/12/2017","5","8","9","10","11","12","13","15","18","19","20","21","22","23","24","4","CASIMIRO DE ABREU/RJ; PORTO ALEGRE/RS; CAMPINAS/SP; SÃO JOSÉ DOS CAMPOS/SP","R$456.404,62","541","R$1.483,30","18427","R$20,00","200824","R$8,00","1069938","R$4,00","R$0,00","R$23.684.896,00","R$1.700.000,00","R$17.896.193,35",""
"1597","11/12/2017","1","2","5","6","7","8","9","13","17","18","19","20","21","22","24","4","SERRINHA/BA; CACHOEIRO DE ITAPEMIRIM/ES; BELÉM/PA; PORTO ALEGRE/RS","R$536.293,04","281","R$2.348,95","11746","R$20,00","161569","R$8,00","958646","R$4,00","R$0,00","R$23.245.414,00","R$1.700.000,00","R$18.391.233,08",""
"1598","13/12/2017","2","5","6","7","10","12","13","15","16","17","18","19","20","21","24","2","CERRO LARGO/RS; MOGI GUAÇU/SP","R$1.036.123,18","379","R$1.682,36","14366","R$20,00","180080","R$8,00","1002333","R$4,00","R$0,00","R$23.741.292,00","R$1.700.000,00","R$18.869.443,79",""
"1599","15/12/2017","1","3","4","5","6","8","9","10","14","18","20","21","22","23","25","1","DUQUE DE CAXIAS/RJ","R$1.997.372,26","362","R$1.697,72","15774","R$20,00","208269","R$8,00","1086719","R$4,00","R$0,00","R$24.725.524,00","R$1.700.000,00","R$19.330.375,85",""
"1600","18/12/2017","2","3","4","5","7","9","13","14","16","17","18","20","22","23","24","1","SÃO PAULO/SP","R$1.622.678,22","563","R$1.266,90","19729","R$20,00","226236","R$8,00","1067704","R$4,00","R$0,00","R$23.164.420,00","R$1.700.000,00","R$19.704.840,06",""
"1601","20/12/2017","2","4","6","8","9","10","11","12","13","14","15","18","20","22","25","3","SANTA TEREZINHA DE ITAIPU/PR; ITAJAÍ/SC; JOINVILLE/SC","R$621.607,05","444","R$1.846,17","16868","R$20,00","201579","R$8,00","1053750","R$4,00","R$0,00","R$23.676.286,00","R$1.700.000,00","R$20.135.183,41",""
"1602","22/12/2017","1","3","4","8","9","10","11","13","14","15","17","19","21","23","24","8","SALVADOR/BA; BELO HORIZONTE/MG; Curitiba/PR; UNIÃO DA VITÓRIA/PR; CAXIAS DO SUL/RS; MONTENEGRO/RS; CHAPECÓ/SC; OSASCO/SP","R$183.753,27","1028","R$628,56","26581","R$20,00","264347","R$8,00","1236418","R$4,00","R$0,00","R$24.966.722,00","R$1.700.000,00","R$20.474.420,22",""
"1603","26/12/2017","1","2","3","4","7","9","10","13","14","16","19","20","21","23","24","5","BETIM/MG; SERTANIA/PE; CHAPECÓ/SC; Ribeirão Preto/SP; SÃO PAULO/SP","R$285.580,11","401","R$1.565,20","13002","R$20,00","154599","R$8,00","810489","R$4,00","R$0,00","R$18.171.076,00","R$1.200.000,00","R$20.803.935,74",""
"1604","27/12/2017","3","4","5","6","7","8","9","10","12","13","15","19","21","22","24","2","SALVADOR/BA; GUARULHOS/SP","R$714.035,91","189","R$2.324,91","8914","R$20,00","119652","R$8,00","727692","R$4,00","R$0,00","R$16.574.400,00","R$1.700.000,00","R$21.133.490,77",""
"1605","29/12/2017","2","4","5","8","9","10","11","14","16","17","18","19","21","23","25","4","BELÉM/PA; BARRA VELHA/SC; BURITAMA/SP; CAMPINAS/SP","R$520.128,92","409","R$1.565,18","15857","R$20,00","200355","R$8,00","1049338","R$4,00","R$0,00","R$24.659.910,00","R$1.700.000,00","R$21.613.609,78",""
"1606","02/01/2018","1","3","5","7","8","9","10","11","14","15","19","20","22","23","25","5","LONDRINA/PR; OSASCO/SP; SÃO PAULO/SP","R$210.552,21","509","R$909,13","16477","R$20,00","181925","R$8,00","872721","R$4,00","R$0,00","R$17.507.982,00","R$1.200.000,00","R$21.856.554,64",""
"1607","03/01/2018","1","2","3","6","7","8","9","11","12","13","14","15","17","18","24","0","","R$0,00","285","R$1.408,43","12289","R$20,00","153609","R$8,00","745762","R$4,00","R$1.304.553,84","R$16.897.284,00","R$3.000.000,00","R$22.157.605,53",""
"1608","05/01/2018","1","2","3","5","6","9","10","14","17","18","20","21","22","23","25","5","BRASÍLIA/DF; XINGUARA/PA; RIBEIRÃO DO PINHAL/PR; ALVORADA/RS; SÃO PAULO/SP","R$795.670,54","601","R$1.368,90","28212","R$20,00","260342","R$8,00","1438396","R$4,00","R$0,00","R$32.934.896,00","R$1.700.000,00","R$22.774.636,04",""
"1609","08/01/2018","5","6","7","8","9","11","13","14","17","18","20","21","23","24","25","2","RUSSAS/CE; PORTO ALEGRE/RS","R$905.064,54","470","R$1.692,89","17235","R$20,00","211658","R$8,00","1156345","R$4,00","R$0,00","R$24.548.618,00","R$1.700.000,00","R$23.192.358,14",""
"1610","10/01/2018","3","6","7","9","10","11","13","14","16","17","19","20","21","22","24","6","RIO VERDE/GO; BELO HORIZONTE/MG; SÃO GONÇALO/RJ; NOVA TRENTO/SC; ITAPEVA/SP; SÃO PAULO/SP","R$349.835,07","545","R$1.692,92","18131","R$20,00","212670","R$8,00","1080628","R$4,00","R$0,00","R$25.374.588,00","R$1.700.000,00","R$23.676.745,17",""
"1611","12/01/2018","1","3","4","6","7","8","9","10","11","12","14","15","20","22","24","1","CURITIBA/PR","R$2.414.969,61","301","R$2.468,67","13102","R$20,00","209937","R$8,00","1079967","R$4,00","R$0,00","R$26.687.938,00","R$1.700.000,00","R$24.234.045,85",""
"1612","15/01/2018","2","3","4","5","7","11","12","14","15","18","21","22","23","24","25","0","","R$0,00","384","R$1.764,54","22917","R$20,00","177047","R$8,00","1042520","R$4,00","R$2.202.152,17","R$25.109.276,00","R$4.500.000,00","R$24.742.234,82",""
"1613","17/01/2018","1","2","3","4","6","8","9","10","13","14","16","17","18","19","21","5","SALVADOR/BA; BRASÍLIA/DF; CABO DE SANTO AGOSTINHO/PE; SERAFINA CORRÊA/RS","R$1.046.372,70","691","R$1.349,09","24347","R$20,00","298220","R$8,00","1550596","R$4,00","R$0,00","R$36.295.388,00","R$1.700.000,00","R$25.441.398,97",""
"1614","19/01/2018","1","2","3","7","9","10","12","13","14","15","16","17","19","21","23","3","BRASÍLIA/DF; SÃO PAULO/SP","R$625.323,35","611","R$1.349,59","21536","R$20,00","252444","R$8,00","1271281","R$4,00","R$0,00","R$26.894.118,00","R$1.700.000,00","R$25.874.315,14",""
"1615","22/01/2018","1","2","4","5","6","7","9","10","11","16","17","19","20","21","25","3","BRASÍLIA/DF; URBANO SANTOS/MA; BARRAS/PI","R$720.731,90","443","R$1.501,78","16506","R$20,00","186909","R$8,00","1029350","R$4,00","R$0,00","R$24.671.390,00","R$1.700.000,00","R$26.373.283,39",""
"1616","24/01/2018","1","2","4","5","8","10","11","13","14","16","17","18","22","23","24","0","","R$0,00","515","R$1.685,95","16738","R$20,00","203800","R$8,00","1061969","R$4,00","R$1.975.310,61","R$24.347.296,00","R$5.000.000,00","R$26.829.124,31",""
"1617","26/01/2018","2","5","6","7","8","9","10","12","13","14","15","20","22","23","25","1","SÃO PAULO/SP","R$4.922.251,53","418","R$2.169,26","18288","R$20,00","269017","R$8,00","1567862","R$4,00","R$0,00","R$35.216.586,00","R$1.700.000,00","R$27.509.187,61",""
"1618","29/01/2018","1","3","4","5","8","9","10","13","14","16","17","19","20","24","25","4","FORTALEZA/CE; BRASÍLIA/DF; VITÓRIA/ES; MORRO DA FUMAÇA/SC","R$481.412,61","499","R$1.696,27","18033","R$20,00","207425","R$8,00","1091113","R$4,00","R$0,00","R$24.491.088,00","R$1.700.000,00","R$27.953.568,49",""
"1619","31/01/2018","4","5","7","8","10","11","13","15","16","17","18","21","22","24","25","1","GOIÂNIA/GO","R$2.074.220,59","475","R$1.343,63","18088","R$20,00","210326","R$8,00","1097560","R$4,00","R$0,00","R$25.359.900,00","R$1.700.000,00","R$28.432.234,78",""
"1620","02/02/2018","1","2","4","7","9","10","11","12","13","14","18","20","21","24","25","4","SORRISO/MT; MARABÁ/PA; GUARUJÁ/SP; SÃO PAULO/SP","R$469.994,73","755","R$1.094,52","23190","R$20,00","253914","R$8,00","1273424","R$4,00","R$0,00","R$27.037.656,00","R$1.700.000,00","R$28.866.076,07",""
"1621","05/02/2018","2","3","4","6","8","9","10","13","14","18","19","21","22","23","24","7","ITAMARI/BA; Curitiba/PR; PARANAGUÁ/PR; IMBITUBA/SC; CAMPINAS/SP; GUARULHOS/SP; SÃO PAULO/SP","R$261.159,69","640","R$1.255,57","22099","R$20,00","246460","R$8,00","1154697","R$4,00","R$0,00","R$25.491.286,00","R$1.700.000,00","R$29.287.949,43",""
"1622","07/02/2018","1","2","3","4","8","9","11","16","17","18","20","22","23","24","25","1","CAMPINAS/SP","R$2.500.070,61","511","R$1.505,39","14695","R$20,00","178526","R$8,00","1047774","R$4,00","R$0,00","R$26.316.156,00","R$1.700.000,00","R$29.864.888,81",""
"1623","09/02/2018","1","2","3","4","6","7","8","10","11","13","14","17","19","20","24","5","MACAPÁ/AP; GOIÂNIA/GO; CAMPO GRANDE/MS; Curitiba/PR; GUARULHOS/SP","R$342.959,26","625","R$1.206,01","22460","R$20,00","254494","R$8,00","1299489","R$4,00","R$0,00","R$26.417.718,00","R$1.500.000,00","R$30.260.611,04",""
"1624","14/02/2018","1","2","6","7","8","9","11","14","15","16","17","18","20","23","24","0","","R$0,00","247","R$2.978,34","9742","R$20,00","140074","R$8,00","866367","R$4,00","R$2.390.861,19","R$23.150.418,00","R$5.500.000,00","R$30.812.348,24",""
"1625","16/02/2018","2","3","6","8","10","12","13","16","17","18","19","20","21","22","24","4","GOIÂNIA/GO; CAMPINAS/SP; ILHA SOLTEIRA/SP","R$1.359.356,69","581","R$1.613,43","23223","R$20,00","279085","R$8,00","1511596","R$4,00","R$0,00","R$35.615.982,00","R$1.700.000,00","R$31.515.401,84",""
"1626","19/02/2018","1","3","4","7","8","9","10","11","13","15","16","17","20","21","24","5","BRASÍLIA/DF; BELO HORIZONTE/MG; LAJEADO/RS; SÃO JOSÉ DOS CAMPOS/SP; SÃO PAULO/SP","R$338.438,06","685","R$1.085,86","22389","R$20,00","242953","R$8,00","1183635","R$4,00","R$0,00","R$25.017.816,00","R$1.700.000,00","R$31.905.907,30",""
"1627","21/02/2018","2","3","4","6","8","9","11","12","13","14","15","17","20","21","24","1","MARÍLIA/SP","R$2.000.192,65","439","R$1.401,92","16412","R$20,00","206558","R$8,00","1150717","R$4,00","R$0,00","R$25.328.216,00","R$1.700.000,00","R$32.367.490,22",""
"1628","23/02/2018","1","3","6","9","11","12","16","17","18","19","20","22","23","24","25","2","BRASÍLIA/DF; FOZ DO IGUAÇU/PR","R$1.360.823,93","287","R$2.917,88","11056","R$20,00","160393","R$8,00","984361","R$4,00","R$0,00","R$26.351.882,00","R$1.700.000,00","R$32.995.562,81",""
"1629","26/02/2018","1","2","3","5","6","7","9","10","12","14","15","18","22","24","25","4","ARAPIRACA/AL; SÃO GONÇALO DOS CAMPOS/BA; FORTALEZA/CE; NOVA PRATA/RS","R$460.551,12","556","R$1.456,40","19412","R$20,00","206924","R$8,00","1109022","R$4,00","R$0,00","R$24.287.648,00","R$1.700.000,00","R$33.420.686,93",""
"1630","28/02/2018","3","5","7","8","9","10","12","13","14","15","17","20","22","23","25","4","GOIÂNIA/GO; JARDIM ALEGRE/PR; PORTO VELHO/RO; SANTOS/SP","R$367.151,82","708","R$911,78","29017","R$20,00","255008","R$8,00","1234141","R$4,00","R$0,00","R$24.878.558,00","R$1.700.000,00","R$33.759.596,31",""
"1631","02/03/2018","2","3","4","5","9","10","11","12","14","18","19","20","22","23","25","6","MANAUS/AM; APUCARANA/PR; UNIÃO DA VITÓRIA/PR; Florianópolis/SC; FRANCA/SP; SÃO PAULO/SP","R$338.044,47","623","R$1.431,05","20467","R$20,00","232981","R$8,00","1227070","R$4,00","R$0,00","R$26.849.804,00","R$1.700.000,00","R$34.227.657,90",""
"1632","05/03/2018","4","5","8","12","13","14","15","16","18","20","21","22","23","24","25","0","","R$0,00","389","R$1.559,55","12865","R$20,00","199544","R$8,00","1000827","R$4,00","R$1.971.654,89","R$23.507.350,00","R$5.000.000,00","R$34.682.655,19",""
"1633","07/03/2018","1","2","3","5","6","7","9","10","17","18","19","20","23","24","25","3","SANTA VITORIA/MG; NOVO PROGRESSO/PA; VOTUPORANGA/SP","R$1.502.292,83","743","R$1.499,84","23158","R$20,00","305156","R$8,00","1637844","R$4,00","R$0,00","R$34.666.558,00","R$1.700.000,00","R$35.267.706,80",""
"1634","09/03/2018","3","4","5","6","7","9","10","13","14","15","19","21","22","24","25","2","FORTALEZA/CE; SANTA RITA/PB","R$1.110.149,18","478","R$1.429,22","16667","R$20,00","202067","R$8,00","1198452","R$4,00","R$0,00","R$26.813.502,00","R$1.700.000,00","R$35.780.083,35",""
"1635","12/03/2018","1","3","6","7","8","12","15","16","17","19","21","22","23","24","25","2","FIGUEIRA/PR; SÃO PAULO/SP","R$1.227.577,26","321","R$2.353,37","13371","R$20,00","161392","R$8,00","945993","R$4,00","R$0,00","R$24.771.972,00","R$1.700.000,00","R$36.346.657,47",""
"1636","14/03/2018","2","3","6","7","8","9","12","13","14","15","18","19","20","22","25","1","ANDRADINA/SP","R$1.936.005,57","402","R$1.481,83","15167","R$20,00","206327","R$8,00","1117186","R$4,00","R$0,00","R$24.631.682,00","R$1.700.000,00","R$36.793.427,99",""
"1637","16/03/2018","3","4","5","7","8","11","12","13","14","15","17","18","19","22","24","6","BELO HORIZONTE/MG; OBIDOS/PA; CAMPO LARGO/PR; PORTO ALEGRE/RS; JUNDIAÍ/SP; SÃO JOSÉ DOS CAMPOS/SP","R$284.259,26","625","R$1.199,51","21485","R$20,00","255365","R$8,00","1224985","R$4,00","R$0,00","R$25.654.482,00","R$1.700.000,00","R$37.187.017,74",""
"1638","19/03/2018","1","7","8","10","11","12","14","15","16","19","20","22","23","24","25","0","","R$0,00","282","R$2.427,54","11917","R$20,00","163455","R$8,00","959407","R$4,00","R$2.224.841,20","R$23.699.052,00","R$5.300.000,00","R$37.700.442,64",""
"1639","21/03/2018","1","3","5","6","7","8","9","10","11","14","15","19","20","22","25","6","GOIÂNIA/GO; BELO HORIZONTE/MG; RIO DE JANEIRO/RJ; TORRES/RS; SÃO PAULO/SP; TAIAÇU/SP","R$822.782,50","2659","R$448,29","23190","R$20,00","291864","R$8,00","1649555","R$4,00","R$0,00","R$35.426.308,00","R$1.700.000,00","R$38.326.255,06",""
"1640","23/03/2018","1","2","4","5","6","12","14","15","16","17","20","21","22","24","25","3","ANÁPOLIS/GO; BLUMENAU/SC; SÃO PAULO/SP","R$835.157,54","351","R$2.196,34","12802","R$20,00","179431","R$8,00","985271","R$4,00","R$0,00","R$25.696.170,00","R$1.700.000,00","R$38.904.441,05",""
"1641","26/03/2018","3","4","5","8","9","11","12","14","16","17","19","20","21","22","25","5","SÃO JOAQUIM DE BICAS/MG; UBERLÂNDIA/MG; PORTO ALEGRE/RS; BALSAMO/SP; TOCANTINOPOLIS/TO","R$455.928,26","415","R$1.690,19","13140","R$20,00","158494","R$8,00","914859","R$4,00","R$0,00","R$23.530.698,00","R$1.700.000,00","R$39.430.512,13",""
"1642","28/03/2018","2","5","6","7","10","11","13","15","17","18","19","20","22","24","25","5","GOIANIRA/GO; Montes Claros/MG; CAMPINAS/SP; DIADEMA/SP; LUCELIA/SP","R$307.461,14","795","R$849,98","21839","R$20,00","229819","R$8,00","1107732","R$4,00","R$0,00","R$23.264.408,00","R$1.700.000,00","R$39.785.274,99",""
"1643","31/03/2018","1","2","3","4","5","7","9","10","12","14","16","19","22","23","25","2","VITÓRIA/ES; BLUMENAU/SC","R$661.870,56","500","R$1.163,72","15499","R$20,00","171695","R$8,00","838279","R$4,00","R$0,00","R$18.330.124,00","R$1.700.000,00","R$40.090.753,71",""
"1644","02/04/2018","2","3","4","5","6","7","8","9","11","13","15","18","22","23","24","2","JECEABA/MG; GRAVATAÍ/RS","R$692.887,47","318","R$1.340,85","12571","R$20,00","164147","R$8,00","929414","R$4,00","R$0,00","R$19.211.186,00","R$1.700.000,00","R$40.410.547,94",""
"1645","04/04/2018","2","3","4","5","8","9","10","14","15","16","18","20","21","23","25","3","BELO HORIZONTE/MG; SÃO PAULO/SP","R$614.454,25","526","R$1.540,43","18714","R$20,00","220786","R$8,00","1099005","R$4,00","R$0,00","R$24.424.706,00","R$1.700.000,00","R$40.835.939,35",""
"1646","06/04/2018","1","3","4","5","6","7","9","12","13","15","17","18","20","22","25","6","JEQUIÉ/BA; PETROLINA/PE; SÃO JOSÉ DOS PINHAIS/PR; NOVA IGUAÇU/RJ; BALNEÁRIO PICARRAS/SC; SALETE/SC","R$292.923,84","959","R$805,57","25013","R$20,00","249084","R$8,00","1234400","R$4,00","R$0,00","R$26.051.790,00","R$1.700.000,00","R$41.241.526,21",""
"1647","09/04/2018","1","2","4","7","8","9","10","12","14","15","19","20","22","24","25","5","PATOS DE MINAS/MG; Teresina/PI; VACARIA/RS; BARUERI/SP; JACAREÍ/SP","R$290.384,06","926","R$689,20","27970","R$20,00","254545","R$8,00","1159597","R$4,00","R$0,00","R$24.049.260,00","R$1.700.000,00","R$41.576.584,74",""
"1648","11/04/2018","4","9","10","11","12","13","15","16","17","19","21","22","23","24","25","1","ARAPUTANGA/MT","R$2.284.989,88","369","R$1.905,35","13907","R$20,00","195213","R$8,00","1005925","R$4,00","R$0,00","R$25.111.142,00","R$1.700.000,00","R$42.103.890,10",""
"1649","13/04/2018","4","5","8","9","12","13","14","15","16","17","18","20","22","23","24","2","RIO DE JANEIRO/RJ; SÃO CAETANO DO SUL/SP","R$1.040.196,59","539","R$1.696,58","22331","R$20,00","224215","R$8,00","1222163","R$4,00","R$0,00","R$26.993.030,00","R$1.700.000,00","R$42.583.980,84",""
"1650","16/04/2018","3","4","5","8","10","13","14","15","16","17","18","19","20","22","25","0","","R$0,00","364","R$1.583,01","14308","R$20,00","201728","R$8,00","1138409","R$4,00","R$1.872.697,38","R$24.382.038,00","R$4.500.000,00","R$43.016.141,77",""
"1651","18/04/2018","1","2","3","4","6","7","8","10","16","17","18","19","20","22","24","4","RIO DE JANEIRO/RJ; SÃO JOSÉ DOS CAMPOS/SP; SÃO PAULO/SP; VÁRZEA PAULISTA/SP","R$1.386.784,84","410","R$2.757,56","18842","R$20,00","217100","R$8,00","1327871","R$4,00","R$0,00","R$35.757.964,00","R$1.700.000,00","R$43.864.089,94",""
"1652","20/04/2018","2","3","4","5","6","7","10","11","14","16","17","18","21","24","25","0","","R$0,00","355","R$2.139,67","12982","R$20,00","164223","R$8,00","986224","R$4,00","R$2.468.636,10","R$25.245.848,00","R$4.000.000,00","R$44.433.775,19",""
"1653","23/04/2018","2","4","5","6","7","12","14","15","17","20","21","22","23","24","25","0","","R$0,00","516","R$1.336,90","22629","R$20,00","230478","R$8,00","1216705","R$4,00","R$4.710.619,13","R$27.891.256,00","R$7.500.000,00","R$44.951.155,90",""
"1654","25/04/2018","1","2","3","4","6","10","11","13","16","18","19","20","22","23","25","5","GOIÂNIA/GO; PLANALTINA/GO; PEDRO OSÓRIO/RS; ITAPEMA/SC; PENÁPOLIS/SP","R$1.738.411,88","799","R$1.533,24","31392","R$20,00","379563","R$8,00","2102630","R$4,00","R$0,00","R$48.040.662,00","R$1.700.000,00","R$45.869.949,82",""
"1655","27/04/2018","1","2","3","5","6","7","10","12","14","16","18","19","20","22","23","2","BELO HORIZONTE/MG; LONDRINA/PR","R$1.094.728,95","465","R$1.448,77","17461","R$20,00","209847","R$8,00","1130489","R$4,00","R$0,00","R$26.210.232,00","R$1.700.000,00","R$46.375.209,33",""
"1656","30/04/2018","2","3","4","5","7","10","11","12","13","15","17","19","20","23","24","3","BRASÍLIA/DF; MORUNGABA/SP; SÃO BENTO DO SAPUCAI/SP","R$498.814,14","502","R$1.310,31","20657","R$20,00","243105","R$8,00","1212939","R$4,00","R$0,00","R$24.218.672,00","R$1.200.000,00","R$46.720.542,21",""
"1657","02/05/2018","3","4","6","8","9","10","12","15","17","18","19","20","21","23","24","0","","R$0,00","451","R$1.789,94","13210","R$20,00","158253","R$8,00","865738","R$4,00","R$1.836.529,90","R$20.829.654,00","R$4.500.000,00","R$47.144.356,81",""
"1658","04/05/2018","2","4","5","6","7","8","12","13","15","16","17","18","19","20","23","5","CAMPOS DOS GOYTACAZES/RJ; RIO DE JANEIRO/RJ; TUBARÃO/SC; GUARULHOS/SP; SÃO PAULO/SP","R$1.021.324,26","675","R$1.490,64","21933","R$20,00","280554","R$8,00","1612949","R$4,00","R$0,00","R$37.652.070,00","R$1.700.000,00","R$47.898.993,29",""
"1659","07/05/2018","2","4","7","8","9","10","12","14","15","16","20","21","22","23","25","2","IMPERATRIZ/MA","R$1.073.980,53","499","R$1.892,10","17893","R$20,00","217230","R$8,00","1086367","R$4,00","R$0,00","R$25.748.896,00","R$1.700.000,00","R$48.394.676,62",""
"1660","09/05/2018","1","2","3","7","8","10","11","13","14","17","18","20","21","24","25","25","BA; CE; DF; ES; GO; MG; MS; MT; PE; RJ; RS; SP","R$65.834,33","1775","R$407,57","31898","R$20,00","277901","R$8,00","1250255","R$4,00","R$0,00","R$26.481.312,00","R$1.700.000,00","R$48.774.490,04",""
"1661","11/05/2018","2","3","5","6","7","10","11","12","13","14","17","18","21","22","23","4","ARAGUARI/MG; CUIABÁ/MT; GRAVATAÍ/RS; SÃO PAULO/SP","R$540.363,75","622","R$1.527,47","19801","R$20,00","229526","R$8,00","1202367","R$4,00","R$0,00","R$27.202.634,00","R$1.700.000,00","R$49.273.287,35",""
"1662","14/05/2018","1","2","3","5","8","10","11","13","14","17","18","20","21","22","25","8","SANTANA DO IPANEMA/AL; AMARGOSA/BA; JUAZEIRO DO NORTE/CE; SÃO PATRÍCIO/GO; Teresina/PI; SÃO CARLOS/SP; SÃO PAULO/SP","R$165.946,57","1197","R$487,50","39565","R$20,00","262486","R$8,00","1224341","R$4,00","R$0,00","R$24.697.742,00","R$1.700.000,00","R$49.579.650,26",""
"1663","16/05/2018","1","2","3","5","6","7","9","11","12","13","16","17","21","22","23","7","FORTALEZA/CE; RIO DE JANEIRO/RJ; PORTO ALEGRE/RS; SÃO BERNARDO DO CAMPO/SP; SÃO PAULO/SP","R$302.520,32","714","R$1.303,68","24415","R$20,00","205537","R$8,00","1032498","R$4,00","R$0,00","R$25.183.224,00","R$1.700.000,00","R$50.068.336,94",""
"1664","18/05/2018","2","4","5","6","7","8","11","13","15","16","17","18","20","24","25","4","BRASÍLIA/DF; SURUBIM/PE; Curitiba/PR; GUARAÍ/TO","R$504.220,06","499","R$1.776,63","19025","R$20,00","231330","R$8,00","1122528","R$4,00","R$0,00","R$25.730.428,00","R$1.700.000,00","R$50.533.770,84",""
"1665","21/05/2018","1","2","4","5","8","10","12","13","15","17","18","21","22","23","24","1","SÃO PAULO/SP","R$1.808.848,91","458","R$1.736,02","17065","R$20,00","207195","R$8,00","1078984","R$4,00","R$0,00","R$23.738.082,00","R$1.700.000,00","R$50.951.197,52",""
"1666","23/05/2018","1","2","5","6","8","9","10","12","13","14","17","20","21","24","25","3","TERESÓPOLIS/RJ; ITAQUAQUECETUBA/SP; SANTOS/SP","R$632.695,28","535","R$1.559,48","16408","R$20,00","186414","R$8,00","1018603","R$4,00","R$0,00","R$23.219.534,00","R$1.700.000,00","R$51.389.217,34",""
"1667","25/05/2018","1","2","3","4","8","10","11","13","16","18","20","22","23","24","25","6","PORTO SEGURO/BA; SALVADOR/BA; BELO HORIZONTE/MG; PRIMAVERA DO LESTE/MT; PORTEL/PA; RIBERÃO PIRES/SP","R$212.762,32","725","R$773,97","29109","R$20,00","242393","R$8,00","1137737","R$4,00","R$0,00","R$22.786.834,00","R$1.700.000,00","R$51.683.811,32",""
"1668","28/05/2018","4","5","6","8","11","12","14","16","17","18","20","21","23","24","25","3","JARAGUÁ DO SUL/SC; PIRACICABA/SP; SÃO CAETANO DO SUL/SP","R$621.589,60","329","R$1.744,00","12702","R$20,00","163577","R$8,00","888101","R$4,00","R$0,00","R$21.253.992,00","R$1.700.000,00","R$52.114.142,59",""
"1669","30/05/2018","1","2","3","5","6","7","8","9","12","16","17","20","21","23","25","2","CAMPINAS/SP; SÃO PAULO/SP","R$982.043,42","300","R$2.014,45","11625","R$20,00","165429","R$8,00","934853","R$4,00","R$0,00","R$22.173.420,00","R$1.700.000,00","R$52.567.393,40",""
"1670","01/06/2018","1","2","3","4","7","11","13","14","16","17","20","21","22","23","25","3","CATU/BA; FRANCA/SP; POPULINA/SP","R$542.741,08","285","R$1.757,87","11119","R$20,00","153360","R$8,00","891871","R$4,00","R$0,00","R$19.827.910,00","R$1.700.000,00","R$52.943.137,22",""
"1671","04/06/2018","1","3","4","5","8","9","10","12","14","15","18","19","21","22","25","3","BRASÍLIA/DF; BOM DESPACHO/MG; CAMPO GRANDE/MS","R$605.656,21","570","R$1.401,17","17537","R$20,00","194249","R$8,00","1015510","R$4,00","R$0,00","R$22.976.412,00","R$1.700.000,00","R$53.362.437,69",""
"1672","06/06/2018","2","3","5","6","8","9","11","17","18","20","21","22","23","24","25","2","DIAMANTINA/MG; RIO DE JANEIRO/RJ","R$898.459,93","382","R$1.447,38","16537","R$20,00","202893","R$8,00","1066690","R$4,00","R$0,00","R$23.460.408,00","R$1.700.000,00","R$53.777.111,51",""
"1673","08/06/2018","1","2","4","5","7","9","11","12","15","17","19","20","23","24","25","6","SALVADOR/BA; JUAZEIRO DO NORTE/CE; BELO HORIZONTE/MG; ITAUEIRA/PI; LUCELIA/SP","R$265.549,83","761","R$920,30","24005","R$20,00","251019","R$8,00","1159377","R$4,00","R$0,00","R$24.516.014,00","R$1.700.000,00","R$54.144.795,91",""
"1674","11/06/2018","1","2","4","5","9","10","11","12","15","19","20","21","22","23","24","2","JATAÍ/GO; TABATINGA/SP","R$942.725,68","471","R$1.759,59","15644","R$20,00","184130","R$8,00","957153","R$4,00","R$0,00","R$22.511.056,00","R$1.700.000,00","R$54.579.900,07",""
"1675","13/06/2018","1","2","3","5","7","8","9","12","14","19","20","21","22","23","25","1","FLORES DA CUNHA/RS","R$1.453.985,03","495","R$1.291,13","18009","R$20,00","219899","R$8,00","1092382","R$4,00","R$0,00","R$22.340.558,00","R$1.700.000,00","R$54.915.435,08",""
"1676","15/06/2018","3","4","8","9","10","12","13","14","15","16","18","20","23","24","25","4","BRASÍLIA/DF; LAGAMAR/MG; SÃO PAULO/SP","R$392.218,88","526","R$1.311,05","23483","R$20,00","212728","R$8,00","1070914","R$4,00","R$0,00","R$22.845.172,00","R$1.700.000,00","R$55.277.483,29",""
"1677","18/06/2018","1","4","5","6","9","11","12","14","15","16","17","18","19","20","22","4","IPORÃ/PR; LAGUNA/SC; COROADOS/SP; SÃO PAULO/SP","R$594.386,91","212","R$3.450,72","9128","R$20,00","128490","R$8,00","784877","R$4,00","R$0,00","R$22.088.872,00","R$1.700.000,00","R$55.826.148,13",""
"1678","20/06/2018","1","3","4","5","6","8","9","14","16","18","19","20","22","23","24","0","","R$0,00","310","R$1.968,40","12172","R$20,00","156188","R$8,00","884182","R$4,00","R$1.983.160,99","R$21.657.262,00","R$4.800.000,00","R$56.283.800,67",""
"1679","22/06/2018","5","7","8","9","10","11","12","14","15","16","17","19","20","21","23","7","BRASÍLIA/DF; ABADIÂNIA/GO; GOIÂNIA/GO; BELO HORIZONTE/MG; PARAGOMINAS/PA; GUARULHOS/SP; SÃO BERNARDO DO CAMPO/SP","R$605.841,28","528","R$1.879,56","16811","R$20,00","210187","R$8,00","1122138","R$4,00","R$0,00","R$26.455.588,00","R$1.700.000,00","R$56.804.814,82",""
"1680","25/06/2018","1","2","3","7","8","10","11","12","13","14","18","20","21","23","25","2","MACEIÓ/AL; SALVADOR/BA","R$537.770,69","782","R$604,55","26705","R$20,00","244221","R$8,00","1101865","R$4,00","R$0,00","R$21.359.420,00","R$1.700.000,00","R$57.053.016,68",""
"1681","27/06/2018","1","2","3","7","8","10","11","12","15","16","17","20","22","23","25","8","SOBRAL/CE; BELO HORIZONTE/MG; UBERLÂNDIA/MG; ARARAS/SP; COTIA/SP; SANTA BARBARA DO OESTE/SP; SÃO PAULO/SP","R$178.602,81","533","R$1.178,33","14709","R$20,00","158950","R$8,00","828206","R$4,00","R$0,00","R$18.498.284,00","R$1.700.000,00","R$57.382.744,96",""
"1682","29/06/2018","1","4","5","6","7","9","12","13","15","17","18","19","20","21","25","3","INHUMAS/GO; FORMIGA/MG; PINHAIS/PR","R$588.976,22","655","R$1.185,75","18768","R$20,00","199683","R$8,00","1044807","R$4,00","R$0,00","R$23.150.122,00","R$1.700.000,00","R$57.790.497,73",""
"1683","02/07/2018","1","2","3","5","9","10","11","13","15","16","17","18","23","24","25","3","VARGINHA/MG; DUQUE DE CAXIAS/RJ; NOVA IGUAÇU/RJ","R$398.698,11","544","R$966,46","17141","R$20,00","190734","R$8,00","964295","R$4,00","R$0,00","R$19.272.870,00","R$1.700.000,00","R$58.066.519,51",""
"1684","04/07/2018","2","4","7","9","10","12","13","14","15","16","17","22","23","24","25","4","SALVADOR/BA; BRASÍLIA/DF; JOBOATÃO DOS GUARARAPES/PE; SÃO JOÃO DE MERITI/RJ","R$434.522,89","433","R$1.764,42","17841","R$20,00","216923","R$8,00","1069149","R$4,00","R$0,00","R$23.503.922,00","R$1.700.000,00","R$58.467.617,57",""
"1685","06/07/2018","1","2","3","5","6","7","11","12","14","16","17","19","21","22","24","3","SALVADOR/BA; BRASÍLIA/DF; GOIÂNIA/GO","R$621.616,97","625","R$1.311,54","16575","R$20,00","159426","R$8,00","827827","R$4,00","R$0,00","R$20.800.320,00","R$1.700.000,00","R$58.897.967,78",""
"1686","09/07/2018","2","4","5","6","9","10","13","15","17","18","19","20","22","23","24","3","ALAGOINHAS/BA; VITÓRIA/ES; Curitiba/PR","R$451.324,07","413","R$1.441,04","14342","R$20,00","166564","R$8,00","860773","R$4,00","R$0,00","R$18.542.884,00","R$1.700.000,00","R$59.210.422,91",""
"1687","11/07/2018","1","2","3","4","6","7","9","10","14","16","17","18","19","20","24","2","JUIZ DE FORA/MG; SÃO BERNARDO DO CAMPO/SP","R$1.132.890,50","426","R$1.636,53","14727","R$20,00","135226","R$8,00","820768","R$4,00","R$0,00","R$22.236.028,00","R$1.700.000,00","R$59.733.295,45",""
"1688","13/07/2018","1","3","4","5","6","7","8","10","13","15","19","21","22","24","25","0","","R$0,00","410","R$1.523,65","15491","R$20,00","185881","R$8,00","1036429","R$4,00","R$2.030.267,46","R$24.002.036,00","R$5.000.000,00","R$60.201.818,72",""
"1689","16/07/2018","1","2","6","7","9","10","11","13","14","16","17","18","19","22","23","2","SELVÍRIA/MS; SÃO PAULO/SP","R$2.430.796,19","559","R$1.558,46","18710","R$20,00","233284","R$8,00","1309485","R$4,00","R$0,00","R$31.606.300,00","R$1.700.000,00","R$60.855.201,40",""
"1690","18/07/2018","1","2","4","5","7","8","10","13","15","16","19","20","22","23","25","5","GOIÂNIA/GO; CUIABÁ/MT; Curitiba/PR; PENÁPOLIS/SP; SÃO PAULO/SP","R$319.362,55","751","R$934,61","19856","R$20,00","208115","R$8,00","1041903","R$4,00","R$0,00","R$22.466.648,00","R$1.700.000,00","R$61.223.696,65",""
"1691","20/07/2018","1","2","3","4","5","7","8","10","11","12","13","15","16","18","19","2","SERRA/ES; SÃO PAULO/SP","R$907.063,17","596","R$1.337,94","16502","R$20,00","212166","R$8,00","977178","R$4,00","R$0,00","R$22.891.200,00","R$1.700.000,00","R$61.642.341,19",""
"1692","23/07/2018","3","5","6","7","10","12","14","15","17","18","20","22","23","24","25","5","FORTALEZA/CE; BRASÍLIA/DF; TRÊS MARIAS/MG; SORRISO/MT; FRANCA/SP","R$282.425,55","757","R$819,96","22078","R$20,00","229172","R$8,00","1073638","R$4,00","R$0,00","R$22.314.246,00","R$1.700.000,00","R$61.968.216,83",""
"1693","25/07/2018","1","3","4","6","7","8","11","14","16","17","19","20","21","22","23","1","Sorocaba/SP","R$2.244.759,98","456","R$1.514,69","11157","R$20,00","144640","R$8,00","824537","R$4,00","R$0,00","R$22.173.254,00","R$1.700.000,00","R$62.486.238,36",""
"1694","27/07/2018","1","2","3","4","5","9","11","12","13","17","18","19","20","23","24","1","MOGI DAS CRUZES/SP","R$1.602.261,95","397","R$1.774,03","15148","R$20,00","196220","R$8,00","1078738","R$4,00","R$0,00","R$22.397.434,00","R$1.700.000,00","R$62.855.991,13",""
"1695","30/07/2018","1","4","5","9","11","13","14","17","18","20","21","22","23","24","25","1","VILA VELHA/ES","R$1.636.014,07","388","R$1.853,42","14543","R$20,00","184427","R$8,00","1021897","R$4,00","R$0,00","R$21.798.514,00","R$1.700.000,00","R$63.233.532,84",""
"1696","01/08/2018","2","4","5","7","8","10","12","13","14","16","17","18","19","23","24","4","PONTE NOVA/MG; RIBEIRÃO DAS NEVES/MG; SANTA ROSA DO SUL/SC","R$351.511,25","733","R$843,16","20917","R$20,00","226800","R$8,00","1056340","R$4,00","R$0,00","R$22.026.452,00","R$1.700.000,00","R$63.558.004,77",""
"1697","03/08/2018","3","4","6","7","10","13","17","18","19","20","21","22","23","24","25","1","SÃO JOSÉ DO RIO PRETO/SP","R$2.058.401,06","360","R$1.759,32","13785","R$20,00","171141","R$8,00","1011833","R$4,00","R$0,00","R$23.566.984,00","R$2.000.000,00","R$64.033.020,40",""
"1698","06/08/2018","2","3","4","5","8","9","13","14","16","18","19","20","21","22","25","1","RIO DE JANEIRO/RJ","R$2.035.140,86","337","R$1.858,15","12110","R$20,00","162720","R$8,00","941220","R$4,00","R$0,00","R$22.564.796,00","R$2.000.000,00","R$64.502.668,30",""
"1699","08/08/2018","4","5","6","8","9","10","13","14","15","16","19","21","23","24","25","4","FRUTAL/MG; Teresina/PI; RIO DE JANEIRO/RJ; CAXIAS DO SUL/RS","R$517.657,12","360","R$1.769,77","13161","R$20,00","175777","R$8,00","939821","R$4,00","R$0,00","R$23.021.262,00","R$2.000.000,00","R$64.980.505,64",""
"1700","10/08/2018","1","2","3","6","7","8","12","13","14","16","20","21","22","23","24","4","JUIZ DE FORA/MG; CORUMBÁ/MS; JOÃO PESSOA/PB; RIO DE JANEIRO/RJ","R$559.151,65","428","R$1.607,91","15056","R$20,00","184900","R$8,00","988280","R$4,00","R$0,00","R$24.565.710,00","R$2.000.000,00","R$65.496.645,63",""
"1701","13/08/2018","1","2","3","5","6","7","8","10","13","16","17","18","20","21","22","3","SALVADOR/BA; BRASÍLIA/DF; SÃO JOSÉ DO RIO PRETO/SP","R$613.327,73","299","R$1.893,48","13531","R$20,00","193422","R$8,00","1028141","R$4,00","R$0,00","R$23.009.560,00","R$2.000.000,00","R$65.921.257,13",""
"1702","15/08/2018","3","4","5","7","8","10","11","14","15","16","17","18","19","22","25","2","GOIÂNIA/GO","R$976.117,09","406","R$1.479,52","15138","R$20,00","177312","R$8,00","982850","R$4,00","R$0,00","R$22.937.590,00","R$2.000.000,00","R$66.371.772,72",""
"1703","17/08/2018","1","3","6","8","9","10","12","13","14","15","16","17","18","19","22","2","SÃO PAULO/SP","R$1.148.105,89","326","R$2.167,26","13067","R$20,00","182349","R$8,00","971391","R$4,00","R$0,00","R$24.573.222,00","R$2.000.000,00","R$66.901.667,75",""
"1704","20/08/2018","2","4","6","7","9","10","11","12","13","14","16","18","19","20","22","1","SÃO LUIS/MA","R$1.894.327,94","380","R$1.533,87","14794","R$20,00","192804","R$8,00","960503","R$4,00","R$0,00","R$22.707.832,00","R$2.000.000,00","R$67.338.820,36",""
"1705","22/08/2018","2","3","4","5","9","12","14","16","17","18","19","20","21","23","24","2","SALVADOR/BA; ITAGUAÍ/RJ","R$973.256,16","257","R$2.330,46","11524","R$20,00","171043","R$8,00","977956","R$4,00","R$0,00","R$22.580.990,00","R$2.000.000,00","R$67.788.015,52",""
"1706","24/08/2018","2","3","4","5","7","8","9","12","13","14","15","17","18","20","21","7","GOIANÓPOLIS/GO; CONCEIÇÃO DA APARECIDA/MG; TOMBOS/MG; LAGARTO/SE; DIADEMA/SP; POLONI/SP; SÃO PAULO/SP","R$199.487,33","647","R$948,69","19992","R$20,00","220698","R$8,00","1139578","R$4,00","R$0,00","R$22.590.390,00","R$2.000.000,00","R$68.110.264,29",""
"1707","27/08/2018","2","5","9","10","11","12","13","16","17","18","19","21","22","23","25","1","DIADEMA/SP","R$1.934.936,27","355","R$1.677,09","10913","R$20,00","156030","R$8,00","957334","R$4,00","R$0,00","R$22.026.762,00","R$85.000.000,00","R$68.556.788,05",""
"1708","08/09/2018","1","2","3","4","6","7","8","9","10","12","13","14","17","18","22","33","BA; DF; ES; GO; MA; MG; MT; PA; PB; PR; RJ; RO; RS; SC; SP","R$2.778.857,60","7488","R$1.103,93","231719","R$20,00","2785614","R$8,00","12507536","R$4,00","R$0,00","R$272.855.056,00","R$1.200.000,00","R$0,00",""
"1709","10/09/2018","1","3","4","5","11","12","13","15","18","19","20","21","22","23","24","1","SIDROLÂNDIA/MS","R$1.586.385,69","219","R$2.228,85","9026","R$20,00","137470","R$8,00","803629","R$4,00","R$0,00","R$18.411.742,00","R$2.000.000,00","R$366.089,01",""
"1710","12/09/2018","2","4","5","6","7","9","10","11","12","17","20","21","22","24","25","2","BELO HORIZONTE/MG; IJUI/RS","R$1.199.494,66","402","R$1.836,20","17043","R$20,00","223663","R$8,00","1152208","R$4,00","R$0,00","R$27.708.648,00","R$1.700.000,00","R$919.701,94",""
"1711","14/09/2018","1","2","3","4","5","8","10","11","13","14","18","19","20","21","23","3","COLATINA/ES; RIO DE JANEIRO/RJ; Canal Eletrônico","R$490.147,46","617","R$1.047,56","22062","R$20,00","279137","R$8,00","1389728","R$4,00","R$0,00","R$26.447.934,00","R$2.000.000,00","R$1.259.034,80",""
"1712","17/09/2018","1","3","5","6","7","10","13","14","15","16","17","18","23","24","25","14","ITAPARICA/BA; SOBRAL/CE; BRASÍLIA/DF; SÃO MATEUS/ES; BELO HORIZONTE/MG; CUIABÁ/MT; JOÃO ALFREDO/PE; Teresina/PI; PATO BRANCO/PR; RIO DE JANEIRO/RJ; PORTO ALEGRE/RS; JUNDIAÍ/SP; PAULÍNIA/SP; SÃO BERNARDO DO CAMPO/SP","R$133.997,27","995","R$828,74","29650","R$20,00","222433","R$8,00","1205209","R$4,00","R$0,00","R$26.104.914,00","R$2.000.000,00","R$1.691.949,05",""
"1713","19/09/2018","1","4","8","9","10","12","13","15","16","17","19","20","21","23","24","3","VILA VELHA/ES; VÁRZEA GRANDE/MT; SÃO PAULO/SP","R$796.502,25","478","R$1.538,14","15885","R$20,00","192608","R$8,00","1053802","R$4,00","R$0,00","R$26.126.004,00","R$2.000.000,00","R$2.243.373,69",""
"1714","21/09/2018","1","3","5","6","7","8","10","14","15","18","19","21","22","23","24","2","Curitiba/PR; OSASCO/SP","R$1.197.030,64","313","R$2.353,47","14016","R$20,00","190525","R$8,00","1109154","R$4,00","R$0,00","R$26.535.178,00","R$2.000.000,00","R$2.795.849,38",""
"1715","24/09/2018","1","2","4","6","8","11","13","16","17","18","19","21","22","24","25","4","TRINDADE/GO; FORMIGA/MG; BELÉM/PA; SUD MENNUCCI/SP","R$565.746,29","452","R$1.540,49","14827","R$20,00","179213","R$8,00","959062","R$4,00","R$0,00","R$24.314.326,00","R$2.000.000,00","R$3.318.076,72",""
"1716","26/09/2018","1","3","4","5","7","10","11","12","13","16","17","22","23","24","25","0","","R$0,00","371","R$1.533,20","15517","R$20,00","201660","R$8,00","1112582","R$4,00","R$1.848.654,08","R$24.076.348,00","R$4.500.000,00","R$3.744.689,21",""
"1717","28/09/2018","1","3","4","5","7","8","9","10","11","14","15","21","22","23","24","2","Florianópolis/SC; SÃO PAULO/SP","R$2.515.785,59","479","R$2.044,59","18118","R$20,00","254220","R$8,00","1502161","R$4,00","R$0,00","R$35.525.816,00","R$2.000.000,00","R$4.479.208,54",""
"1718","01/10/2018","2","3","5","6","7","8","10","11","12","17","18","20","21","22","24","7","GOIÂNIA/GO; SÃO LUIS/MA; MARABÁ/PA; PALOTINA/PR; OSASCO/SP; SÃO PAULO/SP","R$269.379,40","734","R$1.129,23","20973","R$20,00","230656","R$8,00","1137366","R$4,00","R$0,00","R$25.279.474,00","R$2.000.000,00","R$4.914.359,89",""
"1719","03/10/2018","2","3","4","6","10","11","13","15","17","18","20","21","23","24","25","1","SIDROLÂNDIA/MS","R$1.781.435,81","744","R$1.052,48","23135","R$20,00","244396","R$8,00","1205275","R$4,00","R$0,00","R$25.731.018,00","R$2.000.000,00","R$5.325.460,47",""
"1720","05/10/2018","2","3","4","9","10","11","13","15","17","18","20","22","23","24","25","11","MANOEL URBANO/AC; PORTO SEGURO/BA; IBIRACI/MG; COLOMBO/PR; Curitiba/PR; RIO DE JANEIRO/RJ; CARLOS BARBOSA/RS; PASSO FUNDO/RS; MOGI DAS CRUZES/SP; PARANAPANEMA/SP; SÃO CARLOS/SP","R$120.757,54","1412","R$413,51","46325","R$20,00","310397","R$8,00","1367577","R$4,00","R$0,00","R$27.219.360,00","R$2.000.000,00","R$5.631.998,85",""
"1721","08/10/2018","1","3","4","5","6","8","11","13","14","15","16","19","21","24","25","2","SÃO JOSÉ DOS CAMPOS/SP; SÃO PAULO/SP","R$1.033.820,81","518","R$1.754,54","16785","R$20,00","202244","R$8,00","1066382","R$4,00","R$0,00","R$24.829.586,00","R$2.000.000,00","R$6.109.146,92",""
"1722","10/10/2018","2","4","5","7","8","11","12","14","15","17","19","21","22","23","25","8","SALVADOR/BA; APARECIDA DE GOIÂNIA/GO; CAMPO FLORIDO/MG; UBERLÂNDIA/MG; STO ANTONIO DA PLATINA/PR; GRAVATAL/SC; SÃO BONIFÁCIO/SC; SÃO PAULO/SP","R$239.329,10","791","R$1.063,96","20961","R$20,00","220025","R$8,00","1111321","R$4,00","R$0,00","R$24.989.314,00","R$1.700.000,00","R$6.550.985,26",""
"1723","13/10/2018","1","2","4","6","7","10","11","12","13","14","17","18","19","21","22","6","PIRITIBA/BA; APUCARANA/PR; LOANDA/PR; GUARATINGUETA/SP; PRESIDENTE EPITÁCIO/SP; JAÚ DO TOCANTINS/TO","R$272.156,13","440","R$1.631,30","13684","R$20,00","178170","R$8,00","884994","R$4,00","R$0,00","R$20.364.554,00","R$2.000.000,00","R$6.927.816,82",""
"1724","15/10/2018","5","6","7","9","10","11","12","13","15","16","18","20","21","22","23","3","SALVADOR/BA; BRASÍLIA/DF; CURITIBA/PR","R$533.908,25","364","R$1.353,95","11538","R$20,00","148459","R$8,00","822212","R$4,00","R$0,00","R$18.979.678,00","R$2.000.000,00","R$7.297.445,61",""
"1725","17/10/2018","1","5","6","8","12","13","14","15","18","19","21","22","23","24","25","2","SÃO DOMINGOS/PB; Florianópolis/SC","R$1.068.840,62","335","R$1.963,43","14581","R$20,00","184487","R$8,00","1066420","R$4,00","R$0,00","R$24.755.650,00","R$2.000.000,00","R$7.790.756,68",""
"1726","19/10/2018","1","3","5","6","8","10","11","12","14","15","17","19","20","22","25","23","BA; GO; MG; PE; PR; SC; SE; SP","R$82.883,95","1603","R$522,73","29627","R$20,00","230850","R$8,00","1081489","R$4,00","R$0,00","R$25.271.546,00","R$2.000.000,00","R$8.230.679,15",""
"1727","22/10/2018","1","2","5","6","7","9","10","13","14","15","16","20","21","22","24","2","CIANORTE/PR; BAURU/SP","R$1.108.458,91","327","R$2.086,02","13021","R$20,00","163677","R$8,00","952328","R$4,00","R$0,00","R$23.648.592,00","R$2.000.000,00","R$8.742.275,57",""
"1728","24/10/2018","2","3","5","6","7","8","9","10","11","12","14","15","17","21","22","1","ABRE CAMPO/MG","R$1.905.592,45","324","R$1.809,68","14797","R$20,00","210554","R$8,00","1007593","R$4,00","R$0,00","R$23.527.170,00","R$2.000.000,00","R$9.182.027,68",""
"1729","26/10/2018","1","2","4","6","8","9","10","11","12","14","16","18","21","24","25","7","MACEIÓ/AL; UBERLÂNDIA/MG; CAMPO NOVO DO PARECIS/MT; CASCAVEL/PR; CURITIBA/PR; RIO DE JANEIRO/RJ; ITAQUI/RS","R$327.645,55","633","R$1.592,63","19093","R$20,00","196840","R$8,00","986735","R$4,00","R$0,00","R$25.246.602,00","R$2.000.000,00","R$9.711.301,25",""
"1730","29/10/2018","1","7","8","10","12","13","14","15","16","18","19","22","23","24","25","2","ITABIRA/MG; BARIRI/SP","R$951.345,23","353","R$1.658,48","15446","R$20,00","185420","R$8,00","1011515","R$4,00","R$0,00","R$23.114.748,00","R$2.000.000,00","R$10.150.383,68",""
"1731","31/10/2018","1","3","5","7","8","9","10","13","14","17","19","20","22","24","25","8","ARAGUARI/MG; BELO HORIZONTE/MG; BETIM/MG; DIVINÓPOLIS/MG; IBIÁ/MG; CACOAL/RO; CAMPINAS/SP; HERCULÂNDIA/SP","R$151.405,36","1128","R$471,99","28781","R$20,00","263913","R$8,00","1222945","R$4,00","R$0,00","R$23.623.866,00","R$2.000.000,00","R$10.429.901,28",""
"1732","03/11/2018","1","3","5","9","10","12","13","14","17","18","19","20","21","22","24","2","VARGINHA/MG; CARUARU/PE","R$657.041,05","610","R$946,91","19672","R$20,00","221671","R$8,00","1050923","R$4,00","R$0,00","R$21.358.122,00","R$1.500.000,00","R$10.733.151,00",""
"1733","05/11/2018","1","2","4","5","8","9","12","13","14","15","16","19","21","23","25","4","RIO DE JANEIRO/RJ; PORTO ALEGRE/RS; SANTO ANDRÉ/SP; SÃO PAULO/SP","R$407.194,98","406","R$1.763,41","13222","R$20,00","155865","R$8,00","854455","R$4,00","R$0,00","R$19.628.736,00","R$2.000.000,00","R$11.109.023,29",""
"1734","07/11/2018","1","2","3","6","7","8","10","11","15","16","17","21","22","24","25","4","GOIANA/GO; SERTÃOZINHO/SP; SÃO VICENTE/SP; Canal Eletrônico","R$580.187,27","381","R$1.874,22","13050","R$20,00","176068","R$8,00","1004622","R$4,00","R$0,00","R$24.887.562,00","R$2.000.000,00","R$11.644.580,78",""
"1735","09/11/2018","1","2","3","6","10","12","13","14","15","19","20","21","23","24","25","1","SÃO PAULO/SP","R$2.160.047,21","652","R$1.456,24","17668","R$20,00","198113","R$8,00","1106768","R$4,00","R$0,00","R$25.635.240,00","R$2.000.000,00","R$12.143.053,22",""
"1736","12/11/2018","3","6","7","9","11","12","13","15","16","18","19","22","23","24","25","4","CAMACAN/BA; Angra dos Reis/RJ; RIO PARDO/RS; PIRACICABA/SP","R$511.631,92","458","R$1.374,90","15461","R$20,00","184635","R$8,00","1015656","R$4,00","R$0,00","R$23.868.416,00","R$2.000.000,00","R$12.615.328,84",""
"1737","14/11/2018","2","4","5","6","10","11","12","15","16","18","19","20","22","24","25","3","Curitiba/PR; RIO DE JANEIRO/RJ; JACAREÍ/SP","R$703.793,67","562","R$1.651,38","19844","R$20,00","201111","R$8,00","994753","R$4,00","R$0,00","R$24.510.620,00","R$1.200.000,00","R$13.102.570,61",""
"1738","16/11/2018","1","3","6","9","10","13","14","17","18","19","20","21","22","23","24","1","GUARUJÁ/SP","R$1.500.274,31","338","R$1.365,75","15785","R$20,00","167151","R$8,00","929220","R$4,00","R$0,00","R$19.993.628,00","R$2.000.000,00","R$13.448.787,77",""
"1739","19/11/2018","2","3","4","5","6","7","8","11","12","14","16","19","20","22","24","1","SÃO PAULO/SP","R$2.048.729,31","382","R$1.650,21","14609","R$20,00","180083","R$8,00","974865","R$4,00","R$0,00","R$23.379.870,00","R$2.000.000,00","R$13.921.571,47",""
"1740","21/11/2018","1","2","3","4","5","6","8","9","10","11","16","18","19","22","24","2","ANANINDEUA/PA; RIO DE JANEIRO/RJ","R$1.026.966,22","279","R$2.265,16","11000","R$20,00","162878","R$8,00","917044","R$4,00","R$0,00","R$22.388.692,00","R$2.000.000,00","R$14.395.555,88",""
"1741","23/11/2018","1","5","8","11","12","15","16","17","18","19","20","21","22","23","25","3","POUSO ALEGRE/MG; CUIABÁ/MT; RIO DE JANEIRO/RJ","R$736.873,58","357","R$1.905,30","10727","R$20,00","169572","R$8,00","985763","R$4,00","R$0,00","R$23.928.136,00","R$2.000.000,00","R$14.905.699,13",""
"1742","26/11/2018","1","4","6","8","9","10","12","14","15","16","17","18","20","21","25","0","","R$0,00","359","R$1.826,50","14063","R$20,00","168486","R$8,00","904864","R$4,00","R$2.131.064,42","R$22.912.172,00","R$4.500.000,00","R$15.397.483,23",""
"1743","28/11/2018","5","6","7","8","10","11","13","15","17","18","19","21","22","24","25","5","ILHÉUS/BA; PAÇO DO LUMIAR/MA; MARIANA/MG; CAMPO BOM/RS; DIANÓPOLIS/TO","R$910.216,02","784","R$1.356,81","28136","R$20,00","311428","R$8,00","1611556","R$4,00","R$0,00","R$34.185.304,00","R$2.000.000,00","R$15.955.948,40",""
"1744","30/11/2018","1","5","6","10","11","12","13","15","17","18","19","20","21","23","24","0","","R$0,00","361","R$1.538,34","16504","R$20,00","220102","R$8,00","1267141","R$4,00","R$1.804.853,74","R$25.666.334,00","R$4.500.000,00","R$16.372.453,12",""
"1745","03/12/2018","2","3","4","6","7","8","9","10","11","16","18","20","21","24","25","3","SORRISO/MT; JI-PARANÁ/RO; PORTO ALEGRE/RS","R$1.686.219,23","415","R$2.412,46","17071","R$20,00","241400","R$8,00","1420440","R$4,00","R$0,00","R$34.846.246,00","R$2.000.000,00","R$17.123.330,96",""
"1746","05/12/2018","3","4","6","7","8","9","10","11","12","15","16","19","22","23","25","1","CONCEIÇÃO DA BARRA/ES","R$2.661.083,63","332","R$2.466,25","12529","R$20,00","170128","R$8,00","998242","R$4,00","R$0,00","R$26.420.524,00","R$2.000.000,00","R$17.737.427,19",""
"1747","07/12/2018","1","4","5","6","7","8","10","13","15","16","17","19","20","21","25","1","RECIFE/PE","R$2.215.211,10","400","R$1.704,01","17366","R$20,00","221733","R$8,00","1220533","R$4,00","R$0,00","R$27.386.640,00","R$2.000.000,00","R$18.248.629,76",""
"1748","10/12/2018","1","3","5","6","7","9","10","11","12","17","18","19","21","22","25","2","CONTAGEM/MG; NITEROI/RJ","R$892.596,18","490","R$1.601,42","17225","R$20,00","214094","R$8,00","1132421","R$4,00","R$0,00","R$24.245.928,00","R$2.000.000,00","R$18.660.597,24",""
"1749","12/12/2018","2","4","6","9","12","13","15","16","19","20","21","22","23","24","25","5","BELÉM/PA; Curitiba/PR; BAURU/SP; SÃO PAULO/SP","R$433.158,33","525","R$1.813,32","17047","R$20,00","200876","R$8,00","1086204","R$4,00","R$0,00","R$25.496.952,00","R$2.000.000,00","R$19.160.395,32",""
"1750","14/12/2018","1","4","6","7","10","12","13","16","17","18","19","20","22","23","24","3","UBERLÂNDIA/MG; Aracaju/SE; SÃO PAULO/SP","R$816.915,38","396","R$1.904,24","13646","R$20,00","179759","R$8,00","1039142","R$4,00","R$0,00","R$25.960.788,00","R$2.000.000,00","R$19.725.952,12",""
"1751","17/12/2018","1","3","4","6","7","9","10","12","13","15","18","19","22","24","25","14","SÃO GABRIEL DA CACHOEIRA/AM; SALVADOR/BA; FORTALEZA/CE; BRASÍLIA/DF; CARIACICA/ES; SERRA/ES; TANGARÁ DA SERRA/MT; CASCAVEL/PR; PATO BRANCO/PR; PIRACICABA/SP; PIRASSUNUNGA/SP; Sorocaba/SP; SÃO ROQUE/SP; TEODORO SAMPAIO/SP","R$115.177,92","1363","R$520,01","28496","R$20,00","236306","R$8,00","1118465","R$4,00","R$0,00","R$24.171.482,00","R$2.000.000,00","R$20.098.065,40",""
"1752","19/12/2018","1","3","4","6","7","8","9","12","13","15","16","17","18","20","22","2","VILA VELHA/ES; CURITIBA/PR","R$1.012.929,94","474","R$1.878,66","17077","R$20,00","200942","R$8,00","1075723","R$4,00","R$0,00","R$24.693.390,00","R$2.000.000,00","R$20.565.571,53",""
"1753","21/12/2018","1","2","3","5","6","8","9","12","13","15","17","21","22","24","25","3","CASCAVEL/PR; VOLTA REDONDA/RJ; Aracaju/SE","R$668.564,37","562","R$1.568,72","18568","R$20,00","216066","R$8,00","1170561","R$4,00","R$0,00","R$25.814.150,00","R$1.500.000,00","R$21.028.423,78",""
"1754","24/12/2018","1","2","3","4","5","10","12","13","14","15","17","20","21","24","25","2","DIVINÓPOLIS/MG; RIO DE JANEIRO/RJ","R$667.955,15","321","R$1.829,32","11549","R$20,00","150540","R$8,00","781039","R$4,00","R$0,00","R$17.290.996,00","R$2.000.000,00","R$21.336.710,78",""
"1755","26/12/2018","1","2","3","8","9","11","13","16","18","19","20","21","22","23","25","2","SANTANA DO IPANEMA/AL; CAMPINAS/SP","R$746.232,56","324","R$1.417,34","17597","R$20,00","151300","R$8,00","843074","R$4,00","R$0,00","R$18.950.208,00","R$2.000.000,00","R$21.681.125,82",""
"1756","28/12/2018","1","2","5","6","7","8","12","13","16","17","19","21","22","23","24","6","VITÓRIA DA CONQUISTA/BA; BELÉM/PA; Curitiba/PR; MARICÁ/RJ; PERUÍBE/SP; SANTANA DO PARNAÍBA/SP","R$381.189,76","425","R$1.655,85","15164","R$20,00","203069","R$8,00","1065882","R$4,00","R$0,00","R$25.878.256,00","R$1.700.000,00","R$22.208.927,04",""
"1757","31/12/2018","1","3","4","7","10","13","14","15","17","18","20","21","22","23","25","0","","R$0,00","546","R$961,27","17198","R$20,00","184938","R$8,00","916423","R$4,00","R$1.194.051,08","R$18.716.444,00","R$3.800.000,00","R$22.484.477,29",""
"1758","02/01/2019","1","2","4","7","8","9","10","12","13","14","17","19","20","22","23","5","BRASÍLIA/DF; SANTA TERESA/ES; PALMINÓPOLIS/GO; BELO HORIZONTE/MG; ITAJAÍ/SC","R$538.690,21","743","R$887,04","21249","R$20,00","228422","R$8,00","1056567","R$4,00","R$0,00","R$22.547.106,00","R$2.000.000,00","R$22.830.492,68",""
"1759","04/01/2019","1","2","3","4","5","6","8","10","14","15","16","18","19","22","23","0","","R$0,00","337","R$2.222,33","13816","R$20,00","191771","R$8,00","1070391","R$4,00","R$2.434.005,27","R$26.393.780,00","R$5.000.000,00","R$23.392.186,21",""
"1760","07/01/2019","1","3","4","5","6","7","12","14","15","16","18","20","23","24","25","6","LAURO DE FREITAS/BA; NOVA PRATA/RS; PASSO FUNDO/RS; JUNDIAÍ/SP; PRAIA GRANDE/SP; Canal Eletrônico","R$934.982,29","631","R$1.548,65","23567","R$20,00","296961","R$8,00","1509651","R$4,00","R$0,00","R$36.599.468,00","R$2.000.000,00","R$24.125.083,55",""
"1761","09/01/2019","1","2","3","5","6","9","10","11","13","17","18","19","20","21","25","4","CONSELHEIRO LAFAIETE/MG; CRUZEIRO/SP; SÃO PAULO/SP","R$381.842,20","543","R$1.236,41","23681","R$20,00","280303","R$8,00","1376873","R$4,00","R$0,00","R$26.714.146,00","R$2.000.000,00","R$24.477.553,28",""
"1762","11/01/2019","1","2","5","6","7","8","12","15","16","17","20","21","22","23","25","6","UNA/BA; SÃO LUIS/MA; SENADOR JOSÉ PORFÍRIO/PA; JOÃO PESSOA/PB; RIBEIRÃO PIRES/SP; SÃO PAULO/SP","R$417.617,48","668","R$1.648,81","20786","R$20,00","212796","R$8,00","1148057","R$4,00","R$0,00","R$28.183.534,00","R$2.000.000,00","R$25.055.792,86",""
"1763","14/01/2019","1","2","3","4","5","8","9","10","11","13","14","15","16","21","24","1","PASSO FUNDO/RS","R$2.266.729,14","310","R$2.249,85","13042","R$20,00","211076","R$8,00","1075935","R$4,00","R$0,00","R$25.917.408,00","R$1.700.000,00","R$25.578.884,22",""
"1764","16/01/2019","1","2","4","6","7","10","12","14","15","16","17","19","20","23","25","4","CAMPO GRANDE/MS; CUIABÁ/MT; PORTO VELHO/RO; Canal Eletrônico","R$522.751,02","672","R$1.367,74","20088","R$20,00","213515","R$8,00","1120562","R$4,00","R$0,00","R$25.808.366,00","R$2.000.000,00","R$26.061.423,63",""
"1765","18/01/2019","1","2","3","4","5","8","9","11","13","14","17","18","21","22","25","8","FORTALEZA/CE; MARILANDIA/ES; JATAÍ/GO; BREJO/MA; Montes Claros/MG; UBERABA/MG; Angra dos Reis/RJ; CAMPINAS/SP","R$220.724,88","803","R$966,59","24484","R$20,00","252480","R$8,00","1290507","R$4,00","R$0,00","R$26.649.634,00","R$2.000.000,00","R$26.468.915,72",""
"1766","21/01/2019","1","3","7","8","9","10","11","12","13","14","15","16","20","21","23","1","Canal Eletrônico","R$2.113.645,91","311","R$2.091,16","11310","R$20,00","180575","R$8,00","1172446","R$4,00","R$0,00","R$25.389.024,00","R$2.000.000,00","R$26.956.680,17",""
"1767","23/01/2019","2","4","5","6","7","9","10","11","15","16","19","20","23","24","25","1","SÃO PAULO/SP","R$2.085.104,81","524","R$1.749,10","17152","R$20,00","201258","R$8,00","1038265","R$4,00","R$0,00","R$24.657.414,00","R$2.000.000,00","R$27.437.858,21",""
"1768","25/01/2019","1","2","4","6","10","12","14","17","18","19","20","22","23","24","25","1","GUARULHOS/SP","R$1.727.328,76","523","R$1.451,75","19301","R$20,00","231807","R$8,00","1106563","R$4,00","R$0,00","R$24.136.628,00","R$2.000.000,00","R$27.836.472,54",""
"1769","28/01/2019","1","3","5","7","8","10","12","13","14","16","17","18","20","23","25","7","BRASÍLIA/DF; COLATINA/ES; JUIZ DE FORA/MG; TOLEDO/PR; BAGÉ/RS; VENÂNCIO AIRES/RS; VISTA ALEGRE/RS","R$180.158,35","1119","R$495,38","28565","R$20,00","265841","R$8,00","1236308","R$4,00","R$0,00","R$24.025.604,00","R$2.000.000,00","R$28.127.497,57",""
"1770","30/01/2019","2","4","5","7","11","12","14","15","18","19","20","21","22","23","25","2","GOIANDIRA/GO; GOIÂNIA/GO","R$1.019.170,94","334","R$1.877,79","15196","R$20,00","176030","R$8,00","1016602","R$4,00","R$0,00","R$23.664.614,00","R$2.000.000,00","R$28.597.884,17",""
"1771","01/02/2019","2","6","7","10","11","13","15","16","17","18","19","21","23","24","25","1","GUARAPARI/ES","R$2.189.946,06","343","R$1.964,52","15799","R$20,00","206339","R$8,00","1141092","R$4,00","R$0,00","R$26.169.126,00","R$1.700.000,00","R$29.103.256,33",""
"1772","04/02/2019","1","3","4","5","7","9","10","13","14","16","19","20","21","24","25","4","BELO HORIZONTE/MG; RIO DE JANEIRO/RJ","R$442.752,78","717","R$1.085,72","20929","R$20,00","224760","R$8,00","1164393","R$4,00","R$0,00","R$24.836.776,00","R$2.000.000,00","R$29.511.951,21",""
"1773","06/02/2019","1","2","5","8","9","10","13","15","16","17","18","19","21","24","25","1","CAMAÇARI/BA","R$2.076.953,30","492","R$1.855,58","16483","R$20,00","200901","R$8,00","1166653","R$4,00","R$0,00","R$25.763.316,00","R$2.000.000,00","R$29.991.248,12",""
"1774","08/02/2019","3","7","9","10","12","13","14","15","17","19","20","22","23","24","25","7","CUIABÁ/MT; OLINDA/PE; NOVA FRIBURGO/RJ; SANTA CECÍLIA/SC; FERNANDOPOLIS/SP; SANDOVALINA/SP; TAUBATÉ/SP","R$209.095,80","810","R$794,28","28564","R$20,00","295825","R$8,00","1423361","R$4,00","R$0,00","R$27.331.900,00","R$2.000.000,00","R$30.329.018,26",""
"1775","11/02/2019","3","6","7","8","9","11","12","14","15","16","17","18","19","20","23","3","JUIZ DE FORA/MG; OLINDA/PE; RIO DE JANEIRO/RJ","R$861.562,79","450","R$1.767,31","21698","R$20,00","161918","R$8,00","945806","R$4,00","R$0,00","R$25.820.870,00","R$2.000.000,00","R$30.925.484,81",""
"1776","13/02/2019","2","3","4","6","7","11","12","13","17","18","19","22","23","24","25","9","CHAPADÃO DO CEU/GO; LAVRAS/MG; MARTINHO CAMPOS/MG; CHAPADA/RS; INDAIAL/SC; GABRIEL MONTEIRO/SP; GUARUJÁ/SP; SÃO PAULO/SP","R$215.800,86","830","R$1.028,57","22250","R$20,00","242583","R$8,00","1153718","R$4,00","R$0,00","R$25.996.104,00","R$2.000.000,00","R$31.373.686,61",""
"1777","15/02/2019","2","4","6","8","10","12","14","15","16","18","19","20","21","24","25","16","BARREIRAS/BA; SANTA TERESINHA/BA; GOIÂNIA/GO; JANAÚBA/MG; UBÁ/MG; Curitiba/PR; LONDRINA/PR; RIO DE JANEIRO/RJ; ARVOREDO/SC; POUSO REDONDO/SC; FREI PAULO/SE; FRANCA/SP; MOGI GUAÇU/SP; POÁ/SP; SÃO PAULO/SP; TAUBATÉ/SP","R$119.264,38","2134","R$393,05","40029","R$20,00","265054","R$8,00","1124966","R$4,00","R$0,00","R$26.793.496,00","R$2.000.000,00","R$31.814.047,39",""
"1778","18/02/2019","1","3","5","6","8","9","10","11","13","16","18","19","21","23","24","12","SALVADOR/BA; APARECIDA DE GOIÂNIA/GO; CONSELHEIRO LAFAIETE/MG; FORTALEZA DE MINAS/MG; IGARASSU/PE; IBIPORÃ/PR; RIO DE JANEIRO/RJ; PORTO ALEGRE/RS; SANTO ANDRÉ/SP; SÃO PAULO/SP; Canal Eletrônico","R$133.435,51","1419","R$496,00","30710","R$20,00","273704","R$8,00","1163995","R$4,00","R$0,00","R$25.326.810,00","R$2.000.000,00","R$32.183.561,11",""
"1779","20/02/2019","2","3","4","6","8","9","15","18","19","20","21","22","23","24","25","3","SANTOS/SP; SÃO BERNARDO DO CAMPO/SP; SÃO ROQUE/SP","R$791.398,61","307","R$2.379,55","12154","R$20,00","164356","R$8,00","981314","R$4,00","R$0,00","R$24.685.984,00","R$2.000.000,00","R$32.731.452,46",""
"1780","22/02/2019","3","4","5","6","8","9","10","11","13","14","15","16","17","22","25","2","BRASÍLIA/DF; ÁLVARES MACHADO/SP","R$1.221.923,36","314","R$2.394,75","13049","R$20,00","176705","R$8,00","1077763","R$4,00","R$0,00","R$26.198.274,00","R$2.000.000,00","R$33.295.417,10",""
"1781","25/02/2019","1","4","5","7","8","9","10","11","15","16","18","19","20","21","22","3","ITAPECERICA/MG; SANTARÉM/PA; SÃO PAULO/SP","R$793.005,07","307","R$2.384,38","12586","R$20,00","165875","R$8,00","985580","R$4,00","R$0,00","R$24.797.746,00","R$2.000.000,00","R$33.844.420,62",""
"1782","27/02/2019","1","2","3","7","8","12","13","14","15","17","18","19","20","22","25","2","GOIÂNIA/GO; ALVORADA/RS","R$865.973,60","544","R$1.399,44","18707","R$20,00","226758","R$8,00","1195144","R$4,00","R$0,00","R$24.856.830,00","R$2.000.000,00","R$34.244.100,75",""
"1783","01/03/2019","3","4","8","10","11","12","14","15","18","20","21","22","23","24","25","5","SALVADOR/BA; COLATINA/ES; OEIRAS/PI; LONDRINA/PR; LAGES/SC","R$423.149,96","468","R$1.391,02","16477","R$20,00","216691","R$8,00","1229531","R$4,00","R$0,00","R$26.831.336,00","R$2.000.000,00","R$34.732.350,70",""
"1784","06/03/2019","1","3","4","7","9","10","11","13","14","17","18","19","22","23","25","50","BA; CE; DF; GO; MG; MS; MT; PB; PR; RJ; RS; SC; SE; SP; TO","R$23.089,55","1878","R$270,21","32053","R$20,00","276475","R$8,00","1246420","R$4,00","R$0,00","R$23.935.468,00","R$2.000.000,00","R$34.998.768,63",""
"1785","08/03/2019","1","4","5","6","7","8","9","11","14","16","17","19","21","23","25","2","CAXIAS DO SUL/RS; SÃO PAULO/SP","R$1.204.500,65","537","R$1.380,32","16746","R$20,00","203630","R$8,00","1087046","R$4,00","R$0,00","R$26.774.728,00","R$2.000.000,00","R$35.554.692,01",""
"1786","11/03/2019","1","3","4","5","6","7","12","16","17","18","20","21","22","23","24","1","CAMPO GRANDE/MS","R$2.591.983,63","237","R$3.365,12","10364","R$20,00","160150","R$8,00","940367","R$4,00","R$0,00","R$25.252.126,00","R$2.000.000,00","R$36.152.842,09",""
"1787","13/03/2019","1","2","4","6","7","10","11","12","14","18","19","20","21","23","25","9","SALVADOR/BA; GOIÂNIA/GO; SÃO LUIS/MA; Montes Claros/MG; JURUENA/MT; GUARAPUAVA/PR; PORTO ALEGRE/RS; SÃO BERNARDO DO CAMPO/SP; Canal Eletrônico","R$237.180,80","700","R$1.340,42","19406","R$20,00","224868","R$8,00","1092929","R$4,00","R$0,00","R$25.952.606,00","R$2.000.000,00","R$36.645.448,37",""
"1788","15/03/2019","1","2","6","7","9","10","11","13","14","15","17","18","19","20","23","1","SÃO PAULO/SP","R$2.217.682,70","396","R$1.723,15","15992","R$20,00","215879","R$8,00","1227122","R$4,00","R$0,00","R$27.288.544,00","R$2.000.000,00","R$37.157.221,30",""
"1789","18/03/2019","1","3","5","8","9","11","13","14","15","17","19","21","22","24","25","11","FORTALEZA/CE; GOIÂNIA/GO; CAMPO GRANDE/MS; BEBEDOURO/SP; ITANHAÉM/SP; ROSEIRA/SP; Sorocaba/SP; SÃO PAULO/SP; URANIA/SP; Canal Eletrônico","R$109.679,81","1390","R$381,52","37620","R$20,00","322702","R$8,00","1294492","R$4,00","R$0,00","R$25.752.638,00","R$2.000.000,00","R$37.435.639,27",""
"1790","20/03/2019","1","2","3","6","8","11","12","13","15","17","18","21","23","24","25","2","BRASÍLIA/DF; GUARUJÁ/SP","R$893.948,05","477","R$1.647,56","17590","R$20,00","229375","R$8,00","1189016","R$4,00","R$0,00","R$25.080.706,00","R$2.000.000,00","R$37.848.230,69",""
"1791","22/03/2019","1","2","4","5","7","8","10","13","15","17","18","19","20","22","24","2","RIO DE JANEIRO/RJ; IEPÊ/SP","R$852.597,18","791","R$947,58","24199","R$20,00","255894","R$8,00","1265976","R$4,00","R$0,00","R$26.165.868,00","R$2.000.000,00","R$38.241.737,09",""
"1792","25/03/2019","2","3","6","7","9","10","13","14","15","16","17","21","22","24","25","1","FEIRA DE SANTANA/BA","R$2.311.483,71","305","R$2.331,89","12827","R$20,00","161973","R$8,00","944692","R$4,00","R$0,00","R$24.017.182,00","R$2.000.000,00","R$38.775.156,41",""
"1793","27/03/2019","1","2","3","5","6","10","11","13","16","18","19","20","21","23","24","1","TERESÓPOLIS/RJ","R$1.671.875,99","479","R$1.534,21","21777","R$20,00","244242","R$8,00","1078838","R$4,00","R$0,00","R$23.943.374,00","R$2.000.000,00","R$39.160.973,95",""
"1794","29/03/2019","3","4","5","7","8","10","11","13","16","18","19","21","22","24","25","1","AREALVA/SP","R$1.991.086,84","724","R$1.208,84","19809","R$20,00","215902","R$8,00","1132840","R$4,00","R$0,00","R$25.446.260,00","R$2.000.000,00","R$39.620.455,53",""
"1795","01/04/2019","2","4","7","8","9","10","13","16","17","18","19","22","23","24","25","4","MANAUS/AM; BRASÍLIA/DF; MAXIMILIANO DE ALMEIDA/RS; ITUPEVA/SP","R$476.882,69","405","R$1.449,21","16186","R$20,00","228419","R$8,00","1181772","R$4,00","R$0,00","R$25.537.990,00","R$2.000.000,00","R$40.060.654,94",""
"1796","03/04/2019","1","3","5","9","10","12","15","16","18","19","20","21","23","24","25","3","MATA/RS; CAMPINAS/SP; SÃO PAULO/SP","R$534.857,63","577","R$1.222,36","23046","R$20,00","256349","R$8,00","1276612","R$4,00","R$0,00","R$25.709.062,00","R$2.000.000,00","R$40.430.941,00",""
"1797","05/04/2019","3","5","6","7","9","10","11","14","15","16","17","18","19","24","25","3","BRASÍLIA/DF; UBERABA/MG; Florianópolis/SC","R$790.231,48","366","R$1.993,02","14511","R$20,00","197184","R$8,00","1169331","R$4,00","R$0,00","R$27.117.712,00","R$2.000.000,00","R$40.978.024,34",""
"1798","08/04/2019","2","3","4","5","7","9","12","13","14","15","16","19","20","21","23","2","PORTO VELHO/RO; VIAMÃO/RS","R$1.029.167,23","388","R$1.632,31","16474","R$20,00","205735","R$8,00","1101576","R$4,00","R$0,00","R$25.157.224,00","R$2.000.000,00","R$41.453.024,60",""
"1799","10/04/2019","2","3","4","5","8","10","11","12","15","18","20","22","23","24","25","3","BRASÍLIA/DF; SARANDI/PR","R$503.787,69","619","R$1.073,23","23610","R$20,00","252927","R$8,00","1293977","R$4,00","R$0,00","R$25.359.592,00","R$2.000.000,00","R$41.801.800,70",""
"1800","12/04/2019","1","2","5","6","7","8","10","12","13","14","15","16","20","21","22","4","SENADOR CANEDO/GO; Teresina/PI; CURITIBA/PR; DERRUBADAS/RS","R$602.815,20","362","R$2.049,52","15139","R$20,00","188980","R$8,00","1072174","R$4,00","R$0,00","R$26.304.450,00","R$2.000.000,00","R$42.358.245,50",""
"1801","15/04/2019","1","4","5","7","10","12","13","15","17","18","19","20","22","23","24","8","ITAMARANDIBA/MG; LAGOA ALEGRE/PI; Teresina/PI; PORTO VELHO/RO; BAURU/SP; ITAPETININGA/SP; SÃO PAULO/SP","R$195.029,13","733","R$935,62","26621","R$20,00","235189","R$8,00","1171553","R$4,00","R$0,00","R$24.289.278,00","R$2.000.000,00","R$42.718.299,29",""
"1802","17/04/2019","1","2","5","8","11","12","14","15","16","19","20","21","23","24","25","2","NANUQUE/MG; SANTANA DO JACARÉ/MG","R$1.077.204,33","370","R$1.791,61","14256","R$20,00","180514","R$8,00","1055994","R$4,00","R$0,00","R$24.655.938,00","R$2.000.000,00","R$43.215.470,53",""
"1803","20/04/2019","3","4","5","6","7","9","11","15","17","18","19","20","21","23","24","3","BRASÍLIA/DF; BELO HORIZONTE/MG; SOCORRO/SP","R$505.017,00","280","R$1.664,89","11709","R$20,00","155049","R$8,00","838869","R$4,00","R$0,00","R$18.823.450,00","R$1.500.000,00","R$43.565.097,69",""
"1804","22/04/2019","1","5","8","9","10","11","13","14","15","17","19","20","22","24","25","4","SALVADOR/BA; PINHEIRO/MA; BLUMENAU/SC; ANDRADINA/SP","R$265.109,50","609","R$765,39","22546","R$20,00","198969","R$8,00","947530","R$4,00","R$0,00","R$18.831.742,00","R$2.000.000,00","R$43.809.814,16",""
"1805","24/04/2019","1","2","4","5","6","9","10","14","15","16","18","20","22","23","24","2","PARACATU/MG; ALTAMIRA/PA","R$1.043.460,67","480","R$1.337,77","15174","R$20,00","181411","R$8,00","942037","R$4,00","R$0,00","R$23.321.162,00","R$2.000.000,00","R$44.291.411,40",""
"1806","26/04/2019","1","2","4","5","7","9","11","14","15","16","19","20","21","23","25","6","RIO DE JANEIRO/RJ; BIRIGUI/SP; ONDA VERDE/SP; SALTINHO/SP; SÃO JOSÉ DOS CAMPOS/SP; SÃO PAULO/SP","R$277.796,99","843","R$869,10","21237","R$20,00","240097","R$8,00","1075639","R$4,00","R$0,00","R$23.786.620,00","R$2.000.000,00","R$44.676.053,39",""
"1807","29/04/2019","1","2","3","5","7","8","9","13","14","17","18","19","20","24","25","2","JANDAIA/GO; RIO DE JANEIRO/RJ","R$659.822,23","671","R$864,47","23077","R$20,00","243326","R$8,00","1218293","R$4,00","R$0,00","R$23.487.442,00","R$2.000.000,00","R$44.980.586,73",""
"1808","02/05/2019","3","5","7","8","11","12","13","15","16","18","19","20","22","24","25","1","PONTES E LACERDA/MT","R$1.496.515,68","556","R$1.183,10","19521","R$20,00","211893","R$8,00","1045314","R$4,00","R$0,00","R$22.043.884,00","R$1.500.000,00","R$45.325.936,51",""
"1809","03/05/2019","1","2","4","5","6","9","13","14","16","17","18","20","23","24","25","4","ILHÉUS/BA; MESQUITA/RJ; FRAIBURGO/SC; PALHOÇA/SC","R$397.498,81","290","R$1.687,00","10557","R$20,00","143474","R$8,00","768277","R$4,00","R$0,00","R$18.285.274,00","R$2.000.000,00","R$45.692.858,48",""
"1810","06/05/2019","1","3","4","6","7","9","12","13","14","16","19","21","22","24","25","9","MACAPÁ/AP; SALVADOR/BA; BRASÍLIA/DF; GOIÂNIA/GO; UBERLÂNDIA/MG; CURITIBA/PR; RIO DE JANEIRO/RJ; SÃO JOÃO DE MERITI/RJ; PIRACICABA/SP","R$232.915,67","685","R$1.345,14","19201","R$20,00","203863","R$8,00","979566","R$4,00","R$0,00","R$24.314.846,00","R$2.000.000,00","R$46.176.606,42",""
"1811","08/05/2019","2","3","4","5","6","7","8","10","12","13","14","18","20","21","24","1","JULIO DE CASTILHOS/RS","R$1.822.349,18","420","R$1.335,06","19239","R$20,00","225307","R$8,00","1154107","R$4,00","R$0,00","R$24.934.270,00","R$2.000.000,00","R$46.597.148,54",""
"1812","10/05/2019","2","4","6","7","9","11","12","13","18","19","20","21","23","24","25","6","SALVADOR/BA; BRASÍLIA/DF; GOIÂNIA/GO; CURITIBA/PR; JUNDIAÍ/SP; SANTA CRUZ DO RIO PARDO/SP","R$328.799,92","662","R$1.309,91","19735","R$20,00","226138","R$8,00","1153479","R$4,00","R$0,00","R$25.729.476,00","R$2.000.000,00","R$47.052.409,98",""
"1813","13/05/2019","1","2","4","5","7","8","11","13","14","15","16","17","20","23","25","2","PEABIRU/PR; GUARULHOS/SP","R$950.813,31","500","R$1.671,75","18416","R$20,00","225736","R$8,00","1173635","R$4,00","R$0,00","R$25.486.344,00","R$2.000.000,00","R$47.491.246,89",""
"1814","15/05/2019","1","2","3","5","7","12","14","15","16","18","19","21","23","24","25","3","BELO HORIZONTE/MG; NITEROI/RJ; Canal Eletrônico","R$603.501,85","607","R$1.311,08","20816","R$20,00","243425","R$8,00","1234508","R$4,00","R$0,00","R$26.023.234,00","R$2.000.000,00","R$47.909.055,87","O GANHADOR DO CANAL ELETRÔNICO, DO PRÊMIO PRINCIPAL, É DE SIDROLÂNDIA/MS."
"1815","17/05/2019","3","6","7","10","11","12","13","14","15","18","19","20","21","24","25","1","RIO DE JANEIRO/RJ","R$2.408.461,55","361","R$2.052,81","14598","R$20,00","193485","R$8,00","1195427","R$4,00","R$0,00","R$27.485.738,00","R$2.000.000,00","R$48.464.854,70",""
"1816","20/05/2019","1","2","4","6","7","8","9","11","13","14","15","16","18","20","21","2","JATAÍ/GO; Canal Eletrônico","R$1.146.069,31","415","R$1.699,46","15389","R$20,00","190256","R$8,00","1078543","R$4,00","R$0,00","R$25.794.354,00","R$2.000.000,00","R$48.993.809,77","O GANHADOR DO CANAL ELETRÔNICO, DO PRÊMIO PRINCIPAL, É DE CURITIBA/PR."
"1817","22/05/2019","1","4","7","9","10","11","14","15","16","17","18","21","22","23","24","1","MAUÁ/SP","R$2.568.144,11","378","R$2.090,47","13347","R$20,00","174426","R$8,00","1008061","R$4,00","R$0,00","R$26.156.984,00","R$2.000.000,00","R$49.586.458,42",""
"1818","24/05/2019","1","4","5","6","8","9","10","11","14","15","16","19","21","23","24","4","GOIÂNIA/GO; RECIFE/PE; SANTANA DE PARNAÍBA/SP; Sorocaba/SP","R$602.090,89","640","R$1.654,09","18460","R$20,00","196389","R$8,00","1037540","R$4,00","R$0,00","R$26.260.132,00","R$2.000.000,00","R$50.142.234,62",""
"1819","27/05/2019","1","6","9","10","11","12","13","14","15","16","17","18","19","20","23","2","IGARASSU/PE; SÃO PAULO/SP","R$1.302.201,63","407","R$1.968,93","20528","R$20,00","137670","R$8,00","867519","R$4,00","R$0,00","R$24.696.970,00","R$2.000.000,00","R$50.743.250,77",""
"1820","29/05/2019","1","4","5","7","10","13","14","16","17","18","19","20","21","22","25","2","BARRA DO PIRAÍ/RJ; SÃO PAULO/SP","R$1.059.281,96","350","R$1.862,47","13082","R$20,00","181471","R$8,00","1043129","R$4,00","R$0,00","R$24.318.992,00","R$2.000.000,00","R$51.232.150,13",""
"1821","31/05/2019","2","3","4","5","7","9","10","13","14","16","17","19","20","21","25","0","","R$0,00","476","R$1.650,66","20673","R$20,00","245434","R$8,00","1211583","R$4,00","R$1.787.508,55","R$25.725.580,00","R$4.500.000,00","R$51.644.652,11",""
"1822","03/06/2019","1","4","6","9","12","13","14","16","17","18","19","20","21","24","25","2","LAURO DE FREITAS/BA; BIRIGUI/SP","R$2.416.290,20","834","R$1.604,90","23618","R$20,00","290379","R$8,00","1576125","R$4,00","R$0,00","R$36.430.494,00","R$2.000.000,00","R$52.347.361,01",""
"1823","05/06/2019","3","5","6","7","8","9","10","12","13","15","16","17","18","19","22","1","SÃO PAULO/SP","R$2.246.707,71","429","R$1.611,41","17156","R$20,00","217540","R$8,00","1125043","R$4,00","R$0,00","R$26.578.136,00","R$2.000.000,00","R$52.865.832,02",""
"1824","07/06/2019","2","5","6","8","9","11","13","14","16","17","18","20","21","23","25","14","MACEIÓ/AL; SÃO GONÇALO DO AMARANTE/CE; BRASÍLIA/DF; SANTA INÊS/MA; BELO HORIZONTE/MG; Teresina/PI; BRUSQUE/SC; SÃO JOSÉ DO RIO PRETO/SP; SÃO PAULO/SP; RIO SONO/TO","R$148.427,85","1219","R$749,30","27746","R$20,00","258972","R$8,00","1249136","R$4,00","R$0,00","R$28.120.998,00","R$2.000.000,00","R$53.345.368,16",""
"1825","10/06/2019","1","3","7","8","9","10","11","14","15","16","17","20","21","22","23","1","BELO HORIZONTE/MG","R$2.391.989,22","477","R$1.542,97","14414","R$20,00","174448","R$8,00","1008231","R$4,00","R$0,00","R$25.315.084,00","R$2.000.000,00","R$53.897.365,67",""
"1826","12/06/2019","1","2","5","7","8","9","10","11","12","13","14","19","21","22","25","1","RONDONÓPOLIS/MT","R$2.176.568,41","365","R$1.834,83","13396","R$20,00","185585","R$8,00","1157383","R$4,00","R$0,00","R$25.757.748,00","R$2.000.000,00","R$54.399.650,70",""
"1827","14/06/2019","1","3","4","6","7","10","12","13","14","17","18","19","21","22","24","14","Eunápolis/BA; PARACATU/MG; VÁRZEA GRANDE/MT; RANCHO ALEGRE DO OESTE/PR; TOLEDO/PR; RIO DE JANEIRO/RJ; LAGES/SC; CAMPINAS/SP; FRANCA/SP; HOLAMBRA/SP; MOGI GUAÇU/SP; SÃO PAULO/SP","R$127.374,89","935","R$838,33","23843","R$20,00","241063","R$8,00","1174817","R$4,00","R$0,00","R$25.430.316,00","R$2.000.000,00","R$54.811.169,58",""
"1828","17/06/2019","1","2","5","6","7","8","9","11","12","13","15","19","21","23","24","0","","R$0,00","345","R$1.815,10","15110","R$20,00","210088","R$8,00","1219924","R$4,00","R$2.035.173,45","R$26.149.242,00","R$4.500.000,00","R$55.280.825,00",""
"1829","19/06/2019","2","3","4","5","7","10","11","13","15","16","19","21","22","23","24","4","CAMAÇARI/BA; SÃO LOURENÇO/MG; ITAPECERICA DA SERRA/SP; RIO CLARO/SP","R$1.204.041,33","625","R$1.369,11","22997","R$20,00","279300","R$8,00","1488286","R$4,00","R$0,00","R$34.047.978,00","R$1.500.000,00","R$55.922.592,36",""
"1830","21/06/2019","1","3","5","8","10","11","12","14","17","18","19","20","22","23","24","7","PARINTINS/AM; SANTANA/AP; GUARAPARI/ES; CONTAGEM/MG; LAVRAS/MG; CARAZINHO/RS; SÃO LOURENÇO DO OESTE/SC","R$225.578,08","682","R$1.017,72","18583","R$20,00","196603","R$8,00","997067","R$4,00","R$0,00","R$21.691.672,00","R$2.000.000,00","R$56.286.987,73",""
"1831","24/06/2019","2","4","5","8","9","10","12","14","16","18","19","20","21","22","23","3","BOA ESPERANÇA/MG; CAMPO VERDE/MT; SÃO JOSÉ DO RIO PRETO/SP","R$603.740,42","618","R$1.288,25","16191","R$20,00","181792","R$8,00","907595","R$4,00","R$0,00","R$21.659.510,00","R$2.000.000,00","R$56.704.961,88",""
"1832","26/06/2019","2","7","8","9","10","11","16","18","19","20","21","22","23","24","25","2","SANTA CRUZ DO ESCALVADO/MG; BOA VISTA/RR","R$1.228.186,65","319","R$2.369,30","14125","R$20,00","146367","R$8,00","945488","R$4,00","R$0,00","R$24.530.996,00","R$2.000.000,00","R$57.271.817,26",""
"1833","28/06/2019","1","7","9","11","12","14","15","16","18","19","20","21","23","24","25","2","CALIFORNIA/PR; VOLTA REDONDA/RJ","R$944.844,65","502","R$1.654,64","18964","R$20,00","249680","R$8,00","1170440","R$4,00","R$0,00","R$25.863.504,00","R$2.000.000,00","R$57.707.899,42",""
"1834","01/07/2019","2","5","6","8","12","13","14","15","17","18","19","20","21","22","23","1","SÃO PAULO/SP","R$2.071.642,00","459","R$1.388,73","17252","R$20,00","215517","R$8,00","1188324","R$4,00","R$0,00","R$26.241.568,00","R$2.000.000,00","R$58.185.970,66",""
"1835","03/07/2019","1","4","6","7","11","13","14","15","16","18","20","21","22","23","24","5","MORRO DO CHAPÉU/BA; MINAÇU/GO; CONTAGEM/MG; UBERLÂNDIA/MG; PASSO FUNDO/RS","R$454.417,95","515","R$1.357,49","15571","R$20,00","199004","R$8,00","1090310","R$4,00","R$0,00","R$25.971.124,00","R$2.000.000,00","R$58.710.299,06",""
"1836","05/07/2019","1","3","4","6","7","8","9","12","14","15","17","18","19","24","25","1","BAURU/SP","R$2.312.324,16","685","R$1.483,80","20313","R$20,00","231276","R$8,00","1221893","R$4,00","R$0,00","R$28.203.630,00","R$2.000.000,00","R$59.243.912,33",""
"1837","08/07/2019","1","4","5","6","8","9","11","12","13","14","15","16","21","24","25","1","IVOTI/RS","R$2.498.536,23","290","R$2.650,97","12683","R$20,00","164780","R$8,00","1021837","R$4,00","R$0,00","R$25.722.540,00","R$2.000.000,00","R$59.820.497,62",""
"1838","10/07/2019","1","3","5","8","9","10","12","15","16","18","20","21","22","23","25","7","SALVADOR/BA; VITÓRIA/ES; ARAGUARI/MG; PORTO MURTINHO/MS; MARIPÁ/PR; NATAL/RN; PORTO NACIONAL/TO","R$229.825,36","994","R$711,42","29464","R$20,00","274284","R$8,00","1157698","R$4,00","R$0,00","R$25.260.208,00","R$2.000.000,00","R$60.191.753,98",""
"1839","12/07/2019","1","3","4","6","7","8","9","14","15","17","18","19","23","24","25","18","MACEIÓ/AL; FEIRA DE SANTANA/BA; SÃO LUIS/MA; JOAO MONLEVADE/MG; INOCÊNCIA/MS; ANANINDEUA/PA; IPOJUCA/PE; IVAIPORÃ/PR; SÃO GONÇALO/RJ; CAXIAS DO SUL/RS; CANINDÉ DE SÃO FRANCISCO/SE; ARAÇATUBA/SP; MOGI GUAÇU/SP; Ribeirão Preto/SP; SÃO PAULO/SP; VOTORANTIM/SP; PALMAS/TO","R$117.331,03","9040","R$102,69","24375","R$20,00","241299","R$8,00","1223572","R$4,00","R$0,00","R$27.575.652,00","R$2.000.000,00","R$60.679.129,03",""
"1840","15/07/2019","2","3","6","7","10","11","12","13","14","15","16","17","19","21","24","3","UBÁ/MG; PAULISTA/PE; SÃO PAULO/SP","R$788.955,70","372","R$1.957,71","14821","R$20,00","194847","R$8,00","1086964","R$4,00","R$0,00","R$26.309.450,00","R$2.000.000,00","R$61.225.329,14",""
"1841","17/07/2019","1","2","3","4","6","7","8","11","12","13","17","18","21","22","25","4","NOVO AIRÃO/AM; LINDOLFO COLLOR/RS; SÃO PAULO/SP","R$601.316,48","636","R$1.662,35","22999","R$20,00","188197","R$8,00","1000755","R$4,00","R$0,00","R$25.963.232,00","R$2.000.000,00","R$61.780.390,51",""
"1842","19/07/2019","3","4","5","6","9","11","12","13","14","16","17","19","20","21","23","2","BELO HORIZONTE/MG; SALINÓPOLIS/PA","R$1.173.213,54","431","R$1.675,13","15699","R$20,00","203230","R$8,00","1123372","R$4,00","R$0,00","R$26.736.984,00","R$2.000.000,00","R$62.321.873,68",""
"1843","22/07/2019","4","6","7","8","11","12","14","15","16","17","19","20","21","22","24","2","CAMPINA VERDE/MG; Canal Eletrônico","R$1.238.406,24","374","R$2.037,69","13126","R$20,00","169792","R$8,00","990216","R$4,00","R$0,00","R$25.433.556,00","R$2.000.000,00","R$62.893.445,80","O GANHADOR DO CANAL ELETRÔNICO, DO PRÊMIO PRINCIPAL, É DE BARRA MANSA/RJ."
"1844","24/07/2019","1","3","5","6","7","8","11","12","14","15","16","17","21","23","25","0","","R$0,00","577","R$1.384,46","21513","R$20,00","222514","R$8,00","1140108","R$4,00","R$1.817.346,96","R$24.833.106,00","R$4.500.000,00","R$63.312.833,57",""
"1845","26/07/2019","3","4","5","6","8","10","11","14","15","17","18","19","20","21","23","6","BRASÍLIA/DF; NOVO GAMA/GO; BLUMENAU/SC; JACAREÍ/SP; SÃO PAULO/SP","R$784.785,08","697","R$1.823,42","24012","R$20,00","305291","R$8,00","1662203","R$4,00","R$0,00","R$36.738.844,00","R$2.000.000,00","R$63.980.071,31",""
"1846","29/07/2019","1","2","3","9","10","11","12","14","15","18","19","20","22","24","25","10","BELO HORIZONTE/MG; BELÉM/PA; RIO DAS OSTRAS/RJ; NOVO HAMBURGO/RS; SALDANHA MARINHO/RS; GUARULHOS/SP; HORTOLÂNDIA/SP; PAULÍNIA/SP; TAUBATÉ/SP","R$198.141,94","731","R$1.191,45","19607","R$20,00","223327","R$8,00","1153713","R$4,00","R$0,00","R$25.717.556,00","R$2.000.000,00","R$64.437.321,95",""
"1847","31/07/2019","1","2","3","5","7","8","9","14","15","17","18","19","20","23","24","3","GOIÂNIA/GO; SÃO PAULO/SP; Canal Eletrônico","R$591.146,04","506","R$1.540,57","21472","R$20,00","237185","R$8,00","1242153","R$4,00","R$0,00","R$25.820.954,00","R$2.000.000,00","R$64.846.576,90","O GANHADOR DO CANAL ELETRÔNICO, DO PRÊMIO PRINCIPAL, É DE BRASÍLIA/DF."
"1848","02/08/2019","2","3","7","8","9","11","13","15","16","17","18","20","21","22","24","3","ALAGOINHAS/BA; TUCURUI/PA; GUARULHOS/SP","R$765.644,62","811","R$1.244,93","22165","R$20,00","238359","R$8,00","1229951","R$4,00","R$0,00","R$28.416.116,00","R$2.000.000,00","R$65.376.638,56",""
"1849","05/08/2019","1","5","9","11","12","13","14","17","18","19","21","22","23","24","25","0","","R$0,00","415","R$1.411,44","16274","R$20,00","242567","R$8,00","1224791","R$4,00","R$1.903.676,29","R$26.180.558,00","R$4.500.000,00","R$65.815.948,48",""
"1850","07/08/2019","4","5","7","10","11","12","14","15","16","18","20","21","23","24","25","6","CATU/BA; CALDAS NOVAS/GO; UBERLÂNDIA/MG; QUERÊNCIA/MT; ITAGUAÍ/RJ; SÃO PAULO/SP","R$771.617,41","861","R$1.391,70","30427","R$20,00","347000","R$8,00","1735430","R$4,00","R$0,00","R$37.641.986,00","R$2.000.000,00","R$66.445.031,91",""
"1851","09/08/2019","1","5","6","7","8","9","10","11","13","16","19","20","22","23","25","1","BENTO GONÇALVES/RS","R$2.535.410,34","355","R$2.197,54","15157","R$20,00","207380","R$8,00","1230670","R$4,00","R$0,00","R$28.736.786,00","R$2.000.000,00","R$67.030.126,61",""
"1852","12/08/2019","1","3","6","9","10","12","13","17","18","19","20","21","23","24","25","4","PEDRO LEOPOLDO/MG; UBERLÂNDIA/MG; CABO FRIO/RJ; PERUÍBE/SP","R$467.863,54","554","R$1.484,86","19596","R$20,00","244743","R$8,00","1278828","R$4,00","R$0,00","R$26.709.236,00","R$2.000.000,00","R$67.462.000,65",""
"1853","14/08/2019","1","3","5","9","10","11","13","14","15","16","17","20","22","23","24","3","Teresina/PI; RIO DE JANEIRO/RJ; BLUMENAU/SC","R$665.712,70","577","R$1.521,42","18783","R$20,00","231866","R$8,00","1205751","R$4,00","R$0,00","R$26.396.992,00","R$2.000.000,00","R$67.922.878,69",""
"1854","16/08/2019","3","4","5","6","8","11","13","14","15","16","17","18","20","22","24","5","AMARGOSA/BA; MAMANGUAPE/PB; RIO DE JANEIRO/RJ; AQUIDABA/SE; SÃO PAULO/SP","R$441.042,09","511","R$1.896,91","18448","R$20,00","226884","R$8,00","1161220","R$4,00","R$0,00","R$26.933.614,00","R$2.000.000,00","R$68.431.773,40",""
"1855","19/08/2019","1","4","5","7","11","12","13","14","15","16","17","20","23","24","25","2","GOIÂNIA/GO; CAXIAS DO SUL/RS","R$1.059.149,27","353","R$1.846,42","14356","R$20,00","184541","R$8,00","1131794","R$4,00","R$0,00","R$25.251.226,00","R$2.000.000,00","R$68.920.611,53",""
"1856","21/08/2019","1","3","4","7","8","10","11","12","13","16","17","18","20","21","23","3","MOGI MIRIM/SP; OURINHOS/SP; TABOÃO DA SERRA/SP","R$625.071,70","630","R$1.308,36","19798","R$20,00","222666","R$8,00","1139607","R$4,00","R$0,00","R$25.045.554,00","R$2.000.000,00","R$69.353.353,48",""
"1857","23/08/2019","2","4","6","7","8","9","14","15","16","17","20","22","23","24","25","0","","R$0,00","352","R$2.122,79","13151","R$20,00","177466","R$8,00","995188","R$4,00","R$2.428.471,20","R$25.377.120,00","R$5.000.000,00","R$69.913.769,92",""
"1858","26/08/2019","2","3","4","7","8","9","11","13","15","17","18","20","21","22","25","10","MACEIÓ/AL; PIRITIBA/BA; FRUTAL/MG; CERRO LARGO/RS; ESTEIO/RS; SOMBRIO/SC; CAMPOS DO JORDÃO/SP; PONTAL/SP; SÃO PAULO/SP","R$485.249,47","1150","R$926,52","32229","R$20,00","288348","R$8,00","1443814","R$4,00","R$0,00","R$32.420.708,00","R$2.000.000,00","R$70.473.159,96","A APOSTA GANHADORA DO PRÊMIO PRINCIPAL DO MUNICÍPIO DE MACEIÓ É UM BOLÃO CAIXA COM 18 COTAS."
"1859","28/08/2019","3","6","7","8","9","12","13","16","17","19","20","21","22","24","25","5","SALVADOR/BA; UBERLÂNDIA/MG; VERMELHO NOVO/MG; RIO DE JANEIRO/RJ; JUNDIAÍ/SP","R$460.895,59","275","R$2.578,44","11780","R$20,00","165751","R$8,00","950635","R$4,00","R$0,00","R$24.057.918,00","R$2.000.000,00","R$71.004.962,58",""
"1860","30/08/2019","1","2","3","4","5","10","11","15","17","18","19","21","22","23","24","2","SALVADOR/BA; PORTO ALEGRE/RS","R$1.125.888,89","380","R$1.823,30","13391","R$20,00","180123","R$8,00","1057081","R$4,00","R$0,00","R$25.112.504,00","R$95.000.000,00","R$71.524.603,61",""
"1861","06/09/2019","2","3","5","6","7","8","9","13","14","16","18","22","23","24","25","33","LUIS EDUARDO MAGALHÃES/BA; SALVADOR/BA; FORTALEZA/CE; APARECIDA DE GOIÂNIA/GO; BELO HORIZONTE/MG; PARÁ DE MINAS/MG; SÃO LOURENÇO/MG; TRÊS MARIAS/MG; ANAURILÂNDIA/MS; ALTA FLORESTA/MT; ÁGUA BOA/MT; ANANINDEUA/PA; RECIFE/PE; FAROL/PR; NOVA IGUAÇU/RJ; RIO DE JANEIRO/RJ; BAURU/SP; CAMPINAS/SP; GUARULHOS/SP; LARANJAL PAULISTA/SP; PRAIA GRANDE/SP; SANTO ANDRÉ/SP; SÃO PAULO/SP; VÁRZEA PAULISTA/SP; Canal Eletrônico","R$3.014.770,55","5589","R$1.786,85","206981","R$20,00","2504156","R$8,00","12782296","R$4,00","R$0,00","R$288.899.056,00","R$2.000.000,00","R$0,00","DAS 33 APOSTAS GANHADORAS, 15 FORAM BOLÃO CAIXA.OS GANHADORES DO CANAL ELETRÔNICO, DO PRÊMIO PRINCIPAL, SÃO DE DUQUE DE CAXIAS/RJ E BELO HORIZONTE/MG."
"1862","09/09/2019","2","3","4","5","7","10","11","13","16","18","19","20","21","23","24","4","BRASÍLIA/DF; JOSÉ BONIFÁCIO/SP; SÃO PAULO/SP","R$426.115,34","533","R$1.405,65","19049","R$20,00","200707","R$8,00","1079222","R$4,00","R$0,00","R$23.182.836,00","R$2.000.000,00","R$393.337,25",""
"1863","11/09/2019","2","3","4","5","6","8","9","10","14","16","18","21","22","24","25","1","FORTALEZA/CE","R$2.682.281,65","407","R$2.027,81","17355","R$20,00","259867","R$8,00","1211818","R$4,00","R$0,00","R$30.377.510,00","R$2.000.000,00","R$1.012.325,33",""
"1864","13/09/2019","2","3","6","7","8","9","10","12","14","16","18","20","21","24","25","1","BROTAS DE MACAUBAS/BA","R$2.392.309,99","693","R$1.517,40","24556","R$20,00","292019","R$8,00","1356028","R$4,00","R$0,00","R$31.163.626,00","R$2.000.000,00","R$1.564.396,87",""
"1865","16/09/2019","2","3","5","6","7","10","11","12","14","17","19","20","21","24","25","7","GUANAMBI/BA; IGUAÍ/BA; CONTAGEM/MG; CARLINDA/MT; AMERICANA/SP; FERNANDOPOLIS/SP; Canal Eletrônico","R$309.112,63","1021","R$931,55","24379","R$20,00","248130","R$8,00","1206000","R$4,00","R$0,00","R$27.802.534,00","R$2.000.000,00","R$2.063.732,65",""
"1866","18/09/2019","1","2","3","4","5","10","11","12","13","14","16","20","21","23","25","2","CAJAMAR/SP; SÃO PAULO/SP","R$1.190.992,04","393","R$1.864,93","14771","R$20,00","215335","R$8,00","1239049","R$4,00","R$0,00","R$28.165.232,00","R$2.000.000,00","R$2.613.421,30",""
"1867","20/09/2019","1","2","4","5","6","7","8","9","12","13","15","16","17","18","25","1","CORUMBÁ/MS","R$2.434.182,03","498","R$1.503,98","15861","R$20,00","204806","R$8,00","1171161","R$4,00","R$0,00","R$27.659.426,00","R$2.000.000,00","R$3.175.155,61",""
"1868","23/09/2019","1","2","4","5","6","8","10","11","13","14","16","17","19","21","24","3","SANHARO/PE; CORONEL VIVIDA/PR; FREI ROGERIO/SC","R$766.891,00","797","R$1.268,86","20877","R$20,00","212662","R$8,00","1077309","R$4,00","R$0,00","R$26.492.494,00","R$2.000.000,00","R$3.706.080,15",""
"1869","25/09/2019","1","2","4","10","11","13","14","15","17","18","21","22","23","24","25","1","BELO HORIZONTE/MG","R$2.252.907,76","434","R$1.597,24","17078","R$20,00","236418","R$8,00","1189840","R$4,00","R$0,00","R$27.551.810,00","R$2.000.000,00","R$4.225.981,95",""
"1870","27/09/2019","1","2","3","4","6","7","10","15","16","18","20","21","22","24","25","1","RIO DE JANEIRO/RJ","R$2.682.057,66","307","R$2.688,11","14739","R$20,00","205744","R$8,00","1204677","R$4,00","R$0,00","R$29.190.478,00","R$2.000.000,00","R$4.844.918,34",""
"1871","30/09/2019","1","2","4","5","6","7","8","11","13","14","18","20","22","23","24","2","PAULINIA/SP; SANTO ANDRE/SP","R$1.109.093,76","457","R$1.493,48","17541","R$20,00","223028","R$8,00","1235739","R$4,00","R$0,00","R$27.573.558,00","R$2.000.000,00","R$5.356.807,78",""
"1872","02/10/2019","1","2","6","8","9","13","14","15","17","19","20","21","22","23","25","0","","R$0,00","444","R$1.860,34","17051","R$20,00","207732","R$8,00","1180825","R$4,00","R$2.684.467,48","R$29.125.962,00","R$5.000.000,00","R$5.976.300,28",""
"1873","04/10/2019","1","4","5","7","8","9","10","11","12","14","15","17","19","21","23","7","BRASILIA/DF; SAO LUIS/MA; BELO HORIZONTE/MG; JARAGUA DO SUL/SC; SAO BENTO DO SUL/SC; SAO PAULO/SP","R$838.856,32","1221","R$1.147,51","36383","R$20,00","413509","R$8,00","2074057","R$4,00","R$0,00","R$44.607.874,00","R$2.000.000,00","R$6.711.883,39",""
"1874","07/10/2019","1","5","6","8","9","10","13","14","17","19","20","21","22","24","25","1","SOROCABA/SP","R$2.304.667,16","551","R$1.838,54","22782","R$20,00","256343","R$8,00","1269366","R$4,00","R$0,00","R$29.178.894,00","R$2.000.000,00","R$7.243.729,66",""
"1875","09/10/2019","1","3","4","5","7","8","13","14","16","18","19","21","22","23","24","0","","R$0,00","584","R$1.665,02","21715","R$20,00","259894","R$8,00","1372683","R$4,00","R$2.212.147,17","R$29.679.460,00","R$5.000.000,00","R$7.754.225,16",""
"1876","11/10/2019","1","2","3","4","7","8","11","13","16","18","19","20","22","23","24","4","MINACU/GO; ARACUAI/MG; PASSO FUNDO/RS; SAO PAULO/SP","R$1.311.951,75","968","R$1.378,46","32955","R$20,00","407548","R$8,00","1942009","R$4,00","R$0,00","R$42.351.326,00","R$2.000.000,00","R$8.454.762,05",""
"1877","14/10/2019","2","4","8","9","11","12","13","14","15","18","19","21","23","24","25","1","CONSELHEIRO LAFAIETE/MG","R$1.792.037,74","412","R$1.338,34","17860","R$20,00","203614","R$8,00","1132946","R$4,00","R$0,00","R$24.120.970,00","R$2.000.000,00","R$8.868.309,23",""
"1878","16/10/2019","1","2","3","4","5","6","8","10","12","15","17","19","23","24","25","3","VILA VELHA/ES; JUIZ DE FORA/MG; LIMEIRA/SP","R$775.414,69","682","R$1.499,30","21866","R$20,00","241435","R$8,00","1258107","R$4,00","R$0,00","R$28.867.018,00","R$2.000.000,00","R$9.405.134,79",""
"1879","18/10/2019","2","4","5","6","8","10","11","13","15","16","19","20","21","24","25","34","CANAL ELETRONICO; FORTALEZA/CE; GOIANIA/GO; BELO HORIZONTE/MG; BETIM/MG; IPATINGA/MG; NEPOMUCENO/MG; PASSOS/MG; UBERLANDIA/MG; CAMPO GRANDE/MS; CUIABA/MT; XINGUARA/PA; FAZENDA RIO GRANDE/PR; JANDAIA DO SUL/PR; MARIPA/PR; NOVA ESPERANCA/PR; RIO DE JANEIRO/RJ; FLORIANOPOLIS/SC; CAMPINAS/SP; FRANCA/SP; ITARARE/SP; PINDAMONHANGABA/SP; SANTOS/SP; SAO PAULO/SP; SOROCABA/SP; PIUM/TO","R$58.200,93","1770","R$491,42","36266","R$20,00","300589","R$8,00","1343954","R$4,00","R$0,00","R$29.653.814,00","R$2.000.000,00","R$9.861.788,23",""
"1880","21/10/2019","1","4","5","6","7","9","11","13","15","18","19","20","22","23","24","4","CANAL ELETRONICO; PORTEIRINHA/MG; RIO DE JANEIRO/RJ; SAO PAULO/SP","R$496.253,13","649","R$1.344,42","20415","R$20,00","230625","R$8,00","1195204","R$4,00","R$0,00","R$26.290.152,00","R$2.000.000,00","R$10.319.868,05",""
"1881","23/10/2019","1","3","4","5","10","14","15","16","17","18","19","21","23","24","25","0","","R$0,00","320","R$2.268,81","13935","R$20,00","208276","R$8,00","1249918","R$4,00","R$2.359.563,43","R$27.982.546,00","R$5.000.000,00","R$10.864.382,70",""
"1882","25/10/2019","1","3","4","5","8","9","11","12","13","14","15","16","22","23","24","1","GOIANIA/GO","R$5.978.396,66","484","R$2.300,60","19209","R$20,00","282002","R$8,00","1621586","R$4,00","R$0,00","R$39.400.276,00","R$2.000.000,00","R$11.699.498,07",""
"1883","28/10/2019","1","2","3","4","5","8","11","13","15","16","17","18","21","22","23","1","LORENA/SP","R$1.951.757,69","469","R$1.829,24","16393","R$20,00","220680","R$8,00","1275450","R$4,00","R$0,00","R$26.492.912,00","R$2.000.000,00","R$12.149.903,70",""
"1884","30/10/2019","1","2","3","5","6","7","8","9","11","12","14","16","17","23","25","2","SALVADOR/BA; CASCAVEL/CE","R$1.208.882,32","399","R$1.864,48","17382","R$20,00","193339","R$8,00","1111715","R$4,00","R$0,00","R$26.885.768,00","R$2.000.000,00","R$12.707.849,39",""
"1885","01/11/2019","1","3","5","8","9","10","11","12","14","17","18","21","22","23","25","6","BARCELOS/AM; SAO FELIX/BA; AGUA BOA/MG; FREDERICO WESTPHALEN/RS; SAO LEOPOLDO/RS; VOTUPORANGA/SP","R$354.420,21","714","R$1.309,15","24339","R$20,00","281007","R$8,00","1396691","R$4,00","R$0,00","R$29.977.562,00","R$2.000.000,00","R$13.198.585,08",""
"1886","04/11/2019","1","2","3","6","9","11","12","14","15","16","19","20","21","22","25","1","SAO JOSE DOS CAMPOS/SP","R$2.383.242,78","350","R$2.095,16","12840","R$20,00","143271","R$8,00","831892","R$4,00","R$0,00","R$22.995.230,00","R$2.000.000,00","R$13.748.564,18",""
"1887","06/11/2019","1","3","4","6","7","8","9","10","11","12","14","16","17","18","22","1","BELEM/PA","R$2.508.547,83","361","R$2.138,12","16343","R$20,00","194077","R$8,00","1136806","R$4,00","R$0,00","R$27.543.234,00","R$2.000.000,00","R$14.327.459,84",""
"1888","09/11/2019","2","4","6","7","8","11","12","14","17","18","20","22","23","24","25","6","SALVADOR/BA; SAO MIGUEL DO ARAGUAIA/GO; CAMPO NOVO DO PARECIS/MT; PALMEIRA/PR; BRUSQUE/SC; SOROCABA/SP","R$451.223,92","862","R$1.380,55","27972","R$20,00","310051","R$8,00","1496943","R$4,00","R$0,00","R$34.550.924,00","R$1.500.000,00","R$14.952.231,42",""
"1889","11/11/2019","1","2","4","6","7","11","13","14","15","19","20","22","23","24","25","2","CONTAGEM/MG; SANTO ANDRE/SP","R$904.445,15","349","R$1.594,79","12531","R$25,00","155878","R$10,00","808713","R$5,00","R$0,00","R$22.817.077,50","R$2.000.000,00","R$15.369.667,66",""
"1890","13/11/2019","1","2","4","5","7","8","9","10","11","13","15","16","17","21","23","1","PALMAS/TO","R$1.872.831,78","471","R$1.747,81","18430","R$25,00","231661","R$10,00","1141741","R$5,00","R$0,00","R$29.070.770,00","R$2.000.000,00","R$15.801.859,62",""
"1891","16/11/2019","3","4","6","7","11","14","15","16","19","20","21","22","23","24","25","4","CANAL ELETRONICO; UBERLANDIA/MG; TUBARAO/SC; PIRACICABA/SP","R$605.561,47","371","R$2.008,91","10106","R$25,00","134560","R$10,00","748846","R$5,00","R$0,00","R$24.604.607,50","R$2.000.000,00","R$16.360.839,44",""
"1892","18/11/2019","1","3","5","6","7","8","9","10","11","19","20","21","23","24","25","1","ITAUNA/MG","R$1.761.663,57","254","R$2.134,06","9593","R$25,00","147469","R$10,00","835252","R$5,00","R$0,00","R$22.520.330,00","R$2.000.000,00","R$16.767.377,19",""
"1893","21/11/2019","2","3","4","5","7","9","10","14","15","16","19","20","21","22","25","3","RECIFE/PE; BALSAMO/SP; SAO PAULO/SP","R$728.248,55","301","R$2.233,32","12603","R$25,00","137335","R$10,00","764748","R$5,00","R$0,00","R$23.791.935,00","R$2.000.000,00","R$17.271.549,27",""
"1894","22/11/2019","2","4","5","8","9","11","12","15","16","17","18","19","21","22","25","4","SANTA LEOPOLDINA/ES; MATEUS LEME/MG; PEDERNEIRAS/SP; SAO PAULO/SP","R$638.030,92","449","R$1.748,93","13701","R$25,00","157974","R$10,00","871931","R$5,00","R$0,00","R$27.430.180,00","R$2.000.000,00","R$17.860.500,90",""
"1895","25/11/2019","1","2","3","4","6","8","9","10","13","14","19","22","23","24","25","1","MORRINHOS/GO","R$1.972.088,45","306","R$1.982,99","13631","R$25,00","185266","R$10,00","1001070","R$5,00","R$0,00","R$26.604.487,50","R$2.000.000,00","R$18.315.598,24",""
"1896","27/11/2019","1","2","3","6","8","9","12","15","16","17","18","20","21","22","24","2","GOIANIA/GO; MINEIROS/GO","R$1.262.903,65","371","R$2.094,80","12261","R$25,00","151360","R$10,00","822485","R$5,00","R$0,00","R$26.490.830,00","R$2.000.000,00","R$18.898.476,85",""
"1897","29/11/2019","1","3","4","5","7","8","12","13","14","15","16","17","20","21","24","0","","R$0,00","346","R$2.148,61","13659","R$25,00","169950","R$10,00","963663","R$5,00","R$2.416.115,10","R$28.072.510,00","R$6.000.000,00","R$19.456.041,88",""
"1898","02/12/2019","5","6","8","9","10","12","13","14","16","18","19","20","21","22","23","4","CANOINHAS/SC; ARACAJU/SE; SAO PAULO/SP; VOTUPORANGA/SP","R$1.495.244,98","592","R$1.852,84","20390","R$25,00","241630","R$10,00","1319364","R$5,00","R$0,00","R$40.040.917,50","R$2.000.000,00","R$20.278.702,99",""
"1899","04/12/2019","1","3","5","6","9","10","11","14","15","16","17","18","19","20","23","0","","R$0,00","351","R$2.262,36","13530","R$25,00","169367","R$10,00","1033868","R$5,00","R$2.580.780,41","R$29.696.205,00","R$6.300.000,00","R$20.874.267,71",""
"1900","06/12/2019","1","5","6","7","8","10","11","12","13","16","17","18","19","22","25","4","VITORIA/ES; SORRISO/MT; ANGRA DOS REIS/RJ; RIO DE JANEIRO/RJ","R$1.691.737,38","429","R$3.002,45","17427","R$25,00","241755","R$10,00","1436956","R$5,00","R$0,00","R$44.379.185,00","R$2.000.000,00","R$21.840.306,75",""
"1901","09/12/2019","2","3","4","5","9","10","12","13","14","15","16","17","18","19","20","2","CANAL ELETRONICO; CASCAVEL/PR","R$1.367.413,23","736","R$1.633,31","15848","R$25,00","147993","R$10,00","895998","R$5,00","R$0,00","R$28.527.630,00","R$2.000.000,00","R$22.471.420,55",""
"1902","11/12/2019","1","2","4","5","6","8","9","11","12","15","16","17","22","23","25","3","BETIM/MG; MARINGA/PR; CACHOEIRINHA/RS","R$872.209,99","509","R$1.581,77","16075","R$25,00","184023","R$10,00","940832","R$5,00","R$0,00","R$29.289.735,00","R$2.500.000,00","R$23.075.258,25",""
"1903","13/12/2019","4","6","7","8","9","10","12","14","15","16","19","20","21","23","24","1","BATATAIS/SP","R$2.956.190,96","315","R$2.887,61","12923","R$25,00","176577","R$10,00","1012552","R$5,00","R$0,00","R$31.484.955,00","R$2.500.000,00","R$23.757.456,17",""
"1904","16/12/2019","1","6","7","8","10","11","12","13","14","15","17","18","20","23","25","1","TAUBATE/SP","R$2.386.362,70","255","R$2.879,48","11460","R$25,00","178200","R$10,00","1007702","R$5,00","R$0,00","R$28.493.110,00","R$2.500.000,00","R$24.308.155,26",""
"1905","18/12/2019","1","3","6","8","9","11","12","15","16","17","18","19","21","23","24","2","SAO JOAO DA FRONTEIRA/PI; SAO PAULO/SP","R$1.188.538,26","596","R$1.753,13","16332","R$25,00","188340","R$10,00","976802","R$5,00","R$0,00","R$28.604.507,50","R$2.500.000,00","R$24.856.711,38",""
"1906","20/12/2019","1","2","3","4","6","7","10","11","14","16","17","18","23","24","25","3","CORONEL FABRICIANO/MG; RIO DE JANEIRO/RJ; TRES RIOS/RJ","R$932.249,54","393","R$2.189,67","14385","R$25,00","166449","R$10,00","963983","R$5,00","R$0,00","R$29.967.082,50","R$2.500.000,00","R$25.502.114,92",""
"1907","23/12/2019","1","3","4","5","9","10","13","15","16","17","19","21","23","24","25","4","FORTALEZA/CE; ARAGUARI/MG; OURINHOS/SP; SAO PAULO/SP","R$408.154,57","800","R$897,04","26933","R$25,00","241882","R$10,00","1083581","R$5,00","R$0,00","R$27.908.240,00","R$2.500.000,00","R$25.878.872,99",""
"1908","26/12/2019","2","4","6","7","8","12","13","14","16","17","20","22","23","24","25","3","BELEM/PA; SAO PAULO/SP","R$530.770,32","444","R$1.576,38","17248","R$25,00","153978","R$10,00","737259","R$5,00","R$0,00","R$21.123.090,00","R$2.500.000,00","R$26.246.329,37",""
"1909","28/12/2019","2","3","4","5","6","8","9","10","11","12","14","17","18","22","25","1","MOSSORO/RN","R$2.130.630,60","338","R$1.939,59","14104","R$25,00","181331","R$10,00","956595","R$5,00","R$0,00","R$26.831.810,00","R$1.500.000,00","R$26.738.013,36",""
"1910","30/12/2019","2","3","4","7","9","10","12","13","14","15","16","18","22","23","25","3","QUATRO BARRAS/PR; ARACAJU/SE; ARUJA/SP","R$565.404,78","513","R$1.453,38","14871","R$25,00","155935","R$10,00","807729","R$5,00","R$0,00","R$22.370.735,00","R$2.500.000,00","R$27.129.447,45",""
"1911","03/01/2020","1","2","4","5","8","11","12","13","14","15","19","21","22","24","25","2","DIRCE REIS/SP; SAO PAULO/SP","R$1.463.182,41","523","R$1.721,65","27120","R$25,00","193503","R$10,00","1097414","R$5,00","R$0,00","R$33.521.732,50","R$2.500.000,00","R$27.804.762,42",""
"1912","06/01/2020","2","5","6","7","8","9","10","14","16","18","20","21","22","23","24","1","SAO PAULO/SP","R$2.648.822,19","271","R$3.007,46","12066","R$25,00","179103","R$10,00","952250","R$5,00","R$0,00","R$29.239.947,50","R$2.500.000,00","R$28.416.029,09",""
"1913","08/01/2020","2","5","6","7","8","9","10","11","12","14","16","19","20","24","25","2","MANAUS/AM; RIO DE JANEIRO/RJ","R$1.387.140,40","313","R$2.727,24","11711","R$25,00","166072","R$10,00","983286","R$5,00","R$0,00","R$29.912.907,50","R$2.500.000,00","R$29.056.247,73",""
"1914","10/01/2020","2","4","5","8","10","12","13","14","15","17","18","19","20","21","25","0","","R$0,00","445","R$1.685,25","17607","R$25,00","222425","R$10,00","1178198","R$5,00","R$2.437.286,67","R$32.092.477,50","R$6.500.000,00","R$29.618.698,51",""
"1915","13/01/2020","2","4","8","10","11","12","13","15","16","17","19","20","21","22","25","5","BRASILIA/DF; ITAGUAI/RJ; AMERICANA/SP; SAO PAULO/SP","R$1.204.496,59","754","R$1.463,05","26339","R$25,00","313980","R$10,00","1521105","R$5,00","R$0,00","R$44.482.935,00","R$2.500.000,00","R$30.446.051,51",""
"1916","15/01/2020","4","5","6","7","8","10","11","13","15","18","19","20","23","24","25","4","ABRE CAMPO/MG; CASCA/RS; ITAPOA/SC; PAULO LOPES/SC","R$550.718,18","459","R$1.476,70","16493","R$25,00","215896","R$10,00","1161444","R$5,00","R$0,00","R$30.495.925,00","R$2.500.000,00","R$30.954.406,75",""
"1917","17/01/2020","1","2","3","4","10","13","14","15","17","19","20","21","23","24","25","1","IMPERATRIZ/MA","R$2.120.328,12","586","R$1.590,46","21546","R$25,00","242306","R$10,00","1207500","R$5,00","R$0,00","R$31.509.277,50","R$2.500.000,00","R$31.443.713,25",""
"1918","20/01/2020","2","4","5","6","7","9","10","11","12","17","18","19","20","22","24","5","CANAL ELETRONICO; GOIANIA/GO; ARAGUARI/MG; CAXIAS DO SUL/RS; PORTO ALEGRE/RS","R$483.114,79","685","R$1.550,05","16363","R$25,00","188757","R$10,00","982465","R$5,00","R$0,00","R$28.876.410,00","R$2.500.000,00","R$32.001.153,40",""
"1919","22/01/2020","1","2","3","5","6","9","10","11","15","19","20","21","22","23","24","3","ALAGOINHAS/BA; SAO JOSE DO RIO PRETO/SP; SAO JOSE DOS CAMPOS/SP","R$900.849,47","362","R$2.297,11","13292","R$25,00","173483","R$10,00","1002720","R$5,00","R$0,00","R$30.035.517,50","R$2.500.000,00","R$32.624.818,43",""
"1920","24/01/2020","2","4","6","9","10","11","12","13","14","17","18","20","21","22","25","4","BARBACENA/MG; PINHAIS/PR; SAO PAULO/SP; PALMAS/TO","R$615.741,54","468","R$1.619,31","16848","R$25,00","202190","R$10,00","1070430","R$5,00","R$0,00","R$30.469.117,50","R$2.500.000,00","R$33.193.195,24",""
"1921","27/01/2020","2","3","4","5","6","7","8","9","10","13","15","16","18","21","24","5","JUAZEIRO/BA; SALVADOR/BA; TERESOPOLIS/RJ; BARUERI/SP; SUMARE/SP","R$493.983,95","326","R$2.331,21","12021","R$25,00","164638","R$10,00","995872","R$5,00","R$0,00","R$28.499.792,50","R$2.500.000,00","R$33.763.176,73",""
"1922","29/01/2020","2","3","4","5","6","7","8","10","12","16","17","18","19","23","25","1","SAO PAULO/SP","R$2.511.528,39","288","R$2.683,26","10990","R$25,00","161818","R$10,00","933877","R$5,00","R$0,00","R$27.871.182,50","R$2.500.000,00","R$34.342.760,21",""
"1923","31/01/2020","1","4","5","7","10","11","12","14","17","19","20","22","23","24","25","16","ARACRUZ/ES; LAVRAS/MG; PATOS DE MINAS/MG; VAZANTE/MG; CUIABA/MT; PARAUAPEBAS/PA; RECIFE/PE; APUCARANA/PR; CURITIBA/PR; MARICA/RJ; SAO GONCALO/RJ; NATAL/RN; ARARAS/SP; ATIBAIA/SP; FRANCA/SP","R$125.766,86","1021","R$866,32","24038","R$25,00","239504","R$10,00","1123261","R$5,00","R$0,00","R$30.068.895,00","R$2.500.000,00","R$34.807.130,17",""
"1924","03/02/2020","2","3","8","9","10","11","12","13","14","17","18","22","23","24","25","3","SAO MATEUS/ES; TUCURUI/PA; CURITIBA/PR","R$646.859,02","681","R$1.252,57","21567","R$25,00","229779","R$10,00","1095965","R$5,00","R$0,00","R$29.023.747,50","R$2.500.000,00","R$35.254.955,66",""
"1925","05/02/2020","1","2","3","4","5","6","7","9","13","14","16","18","20","21","23","1","SAO JOSE DO RIO PRETO/SP","R$2.427.637,13","510","R$1.464,64","18295","R$25,00","197668","R$10,00","1054845","R$5,00","R$0,00","R$30.089.380,00","R$2.500.000,00","R$35.815.179,62",""
"1926","07/02/2020","1","4","5","6","9","10","13","14","15","16","17","18","21","23","24","4","SERRA/ES; CLAUDIO/MG; RIO DE JANEIRO/RJ; SAO PAULO/SP","R$726.052,56","518","R$1.725,11","15512","R$25,00","189687","R$10,00","1071374","R$5,00","R$0,00","R$32.351.602,50","R$2.500.000,00","R$36.485.381,99",""
"1927","10/02/2020","1","2","4","5","8","10","11","13","15","17","18","21","22","23","24","4","CARIACICA/ES; RECIFE/PE; FOZ DO IGUACU/PR; RIO DE JANEIRO/RJ","R$466.003,81","818","R$1.001,64","23694","R$25,00","223024","R$10,00","1112856","R$5,00","R$0,00","R$28.797.247,50","R$2.500.000,00","R$36.915.539,36",""
"1928","12/02/2020","1","2","3","5","6","7","8","9","10","15","16","19","23","24","25","1","SOROCABA/SP","R$2.721.135,79","344","R$2.433,93","12065","R$25,00","167686","R$10,00","1022500","R$5,00","R$0,00","R$30.153.410,00","R$2.500.000,00","R$37.543.493,79",""
"1929","14/02/2020","1","2","3","4","7","8","9","10","11","13","15","19","20","22","25","5","CANAL ELETRONICO; EUSEBIO/CE; GOIANIA/GO; VITORIA DE SANTO ANTAO/PE; RIO DE JANEIRO/RJ","R$437.513,87","458","R$1.469,65","17535","R$25,00","223311","R$10,00","1206826","R$5,00","R$0,00","R$31.172.917,50","R$2.500.000,00","R$38.048.317,49",""
"1930","17/02/2020","1","2","4","5","7","8","10","13","14","16","17","21","22","23","24","2","CANAL ELETRONICO; CAMPO GRANDE/MS","R$1.166.806,58","421","R$1.705,55","16644","R$25,00","199771","R$10,00","1021828","R$5,00","R$0,00","R$29.185.167,50","R$2.500.000,00","R$38.586.843,61",""
"1931","19/02/2020","3","4","5","6","7","9","10","11","12","14","16","18","19","22","23","4","ANAPOLIS/GO; CARUARU/PE; LORENA/SP; SAO BERNARDO DO CAMPO/SP","R$629.196,05","483","R$1.603,31","15184","R$25,00","176924","R$10,00","952160","R$5,00","R$0,00","R$28.699.040,00","R$2.500.000,00","R$39.167.639,97",""
"1932","21/02/2020","2","4","6","8","9","10","11","12","14","16","17","19","20","22","24","20","BARRA DE SAO FRANCISCO/ES; RIO VERDE/GO; SANTA TEREZINHA DE GOIAS/GO; SAO LUIS DE MONTES BELOS/GO; CORONEL FABRICIANO/MG; DIVINOPOLIS/MG; MONTE CARMELO/MG; FATIMA DO SUL/MS; RONDONOPOLIS/MT; ELDORADO DOS CARAJAS/PA; IBAITI/PR; RIO DE JANEIRO/RJ; PORTO ALEGRE/RS; FRANCISCO MORATO/SP; ILHABELA/SP; PERUIBE/SP; SAO PAULO/SP","R$114.247,62","1274","R$788,36","26303","R$25,00","228536","R$10,00","1002379","R$5,00","R$0,00","R$29.934.725,00","R$2.200.000,00","R$39.694.936,67",""
"1933","26/02/2020","1","7","9","10","11","12","13","16","19","20","21","22","23","24","25","1","APUCARANA/PR","R$2.519.622,33","309","R$2.508,96","11413","R$25,00","147541","R$10,00","919024","R$5,00","R$0,00","R$27.435.955,00","R$2.500.000,00","R$40.276.387,99",""
"1934","28/02/2020","1","2","3","4","5","7","8","9","10","11","12","20","23","24","25","4","BRASILIA/DF; GOIANIA/GO; CONCEICAO DO PARA/MG; MAGE/RJ","R$603.920,56","803","R$1.322,33","18943","R$25,00","203233","R$10,00","1148459","R$5,00","R$0,00","R$31.274.260,00","R$2.500.000,00","R$40.833.853,12",""
"1935","02/03/2020","1","3","5","6","7","8","10","12","15","16","17","18","22","23","24","3","MACAPA/AP; CONSELHEIRO LAFAIETE/MG; COSMORAMA/SP","R$853.336,08","486","R$1.620,77","15620","R$25,00","193540","R$10,00","1046238","R$5,00","R$0,00","R$30.411.722,50","R$2.500.000,00","R$41.424.624,25",""
"1936","04/03/2020","2","3","4","5","6","8","11","13","14","15","17","19","20","21","25","4","SALVADOR/BA; CASCAVEL/PR; CHAPECO/SC; SAO PAULO/SP","R$548.195,23","850","R$1.133,95","23160","R$25,00","237813","R$10,00","1126800","R$5,00","R$0,00","R$30.935.245,00","R$2.500.000,00","R$41.930.650,62",""
"1937","06/03/2020","3","4","5","6","9","10","11","12","15","17","19","21","22","23","24","4","BRASILIA/DF; PIRIPIRI/PI; CACAPAVA/SP; SAO PAULO/SP","R$701.737,74","504","R$1.713,65","16172","R$25,00","203525","R$10,00","1132670","R$5,00","R$0,00","R$32.922.775,00","R$2.500.000,00","R$42.578.408,53",""
"1938","09/03/2020","3","4","6","7","8","10","11","12","16","18","19","20","21","22","25","2","MOGI GUACU/SP; SAO PAULO/SP","R$1.506.583,43","287","R$3.230,41","11650","R$25,00","156822","R$10,00","929826","R$5,00","R$0,00","R$30.290.530,00","R$2.500.000,00","R$43.273.754,74",""
"1939","11/03/2020","2","3","4","6","7","9","10","11","12","13","19","20","22","23","24","6","DOMINGOS MARTINS/ES; TEOFILO OTONI/MG; ARARAS/SP; CAMPINAS/SP; SAO CAETANO DO SUL/SP; SAO PAULO/SP","R$330.481,66","850","R$1.025,41","24338","R$25,00","246400","R$10,00","1200766","R$5,00","R$0,00","R$30.990.265,00","R$2.500.000,00","R$43.731.344,73",""
"1940","13/03/2020","1","5","8","10","11","12","13","15","17","18","21","22","23","24","25","0","","R$0,00","555","R$1.660,67","23190","R$25,00","238738","R$10,00","1294567","R$5,00","R$2.096.805,79","R$32.406.757,50","R$5.000.000,00","R$44.215.222,99",""
"1941","16/03/2020","1","3","4","5","8","10","12","13","14","16","17","20","22","24","25","9","CANAL ELETRONICO; RIO BRANCO/AC; GOIANIA/GO; PIRENOPOLIS/GO; BELEM/PA; BOTUCATU/SP; RIBEIRAO PRETO/SP; SAO PAULO/SP; PALMAS/TO","R$589.437,55","930","R$1.516,30","26673","R$25,00","292772","R$10,00","1490622","R$5,00","R$0,00","R$41.749.700,00","R$2.500.000,00","R$44.955.561,19",""
"1942","18/03/2020","1","2","3","4","7","8","10","11","12","13","15","18","20","24","25","2","PONTA GROSSA/PR; AMERICANA/SP","R$846.566,03","418","R$1.780,46","18295","R$25,00","218588","R$10,00","1072421","R$5,00","R$0,00","R$27.050.817,50","R$2.500.000,00","R$45.346.283,99",""
"1943","20/03/2020","2","3","6","9","10","13","14","15","16","17","18","19","20","22","23","2","CANAL ELETRONICO; SAO PAULO/SP","R$1.072.981,26","271","R$2.436,52","9992","R$25,00","131986","R$10,00","753871","R$5,00","R$0,00","R$23.195.885,00","R$1.500.000,00","R$45.841.506,11",""
"1944","23/03/2020","1","2","4","5","7","8","9","10","11","13","16","18","22","23","24","11","SALVADOR/BA; DIVINOPOLIS/MG; ARAPONGAS/PR; CABO FRIO/RJ; VOLTA REDONDA/RJ; GRAVATAI/RS; TRAMANDAI/RS; PEDERNEIRAS/SP; SAO BERNARDO DO CAMPO/SP; SAO SIMAO/SP; SUMARE/SP","R$86.111,88","641","R$649,55","10827","R$25,00","112622","R$10,00","542398","R$5,00","R$0,00","R$14.280.762,50","R$1.000.000,00","R$46.060.097,80",""
"1945","25/03/2020","3","4","5","8","9","10","12","15","17","19","20","22","23","24","25","5","CANAL ELETRONICO; MANAUS/AM; SAO JOAO DA VARJOTA/PI; PORTO ALEGRE/RS; ITAPEVI/SP","R$135.824,04","339","R$880,57","9572","R$25,00","108547","R$10,00","495454","R$5,00","R$0,00","R$12.213.637,50","R$1.000.000,00","R$46.216.817,85",""
"1946","27/03/2020","1","2","3","4","6","7","10","11","13","14","15","20","21","22","23","1","CANAL ELETRONICO","R$1.262.797,55","184","R$2.111,70","7066","R$25,00","89670","R$10,00","528586","R$5,00","R$0,00","R$14.974.992,50","R$1.500.000,00","R$46.508.232,68",""
"1947","30/03/2020","2","5","6","9","11","13","14","15","16","18","19","22","23","24","25","2","VITORIA/ES; DUARTINA/SP","R$685.774,00","257","R$1.642,08","8979","R$25,00","105279","R$10,00","556326","R$5,00","R$0,00","R$16.316.692,50","R$1.500.000,00","R$46.824.743,76",""
"1948","01/04/2020","1","3","7","9","11","12","13","14","16","17","19","20","21","22","24","3","CANAL ELETRONICO; RIO DE JANEIRO/RJ; SAO PAULO/SP","R$519.304,90","274","R$1.749,49","10806","R$25,00","120818","R$10,00","631461","R$5,00","R$0,00","R$18.591.980,00","R$1.500.000,00","R$47.184.262,54",""
"1949","03/04/2020","2","3","5","6","8","10","11","14","15","16","19","20","22","23","25","5","ITABUNA/BA; POCOES/BA; CURITIBA/PR; LIMEIRA/SP; PIRACICABA/SP","R$294.763,06","626","R$1.034,87","15298","R$25,00","155924","R$10,00","783065","R$5,00","R$0,00","R$20.983.090,00","R$1.500.000,00","R$47.524.373,77",""
"1950","06/04/2020","2","3","4","6","8","9","10","11","12","16","18","20","21","23","25","2","VITORIA/ES; PONTALINA/GO","R$750.195,79","441","R$1.495,49","13226","R$25,00","139111","R$10,00","698320","R$5,00","R$0,00","R$19.633.042,50","R$1.500.000,00","R$47.870.617,99",""
"1951","08/04/2020","3","4","6","9","10","11","12","13","16","18","19","20","22","23","25","4","HEITORAI/GO; DOURADOS/MS; SANTO ANTONIO DO PARAISO/PR; JALES/SP","R$356.297,13","521","R$1.202,41","16065","R$25,00","164641","R$10,00","736870","R$5,00","R$0,00","R$20.449.060,00","R$1.500.000,00","R$48.199.507,65",""
"1952","11/04/2020","3","5","7","9","10","11","13","14","16","17","18","20","21","22","24","6","AMARGOSA/BA; FORMIGA/MG; ITAOBIM/MG; MOJU/PA; JOINVILLE/SC; SAO PAULO/SP","R$211.744,87","581","R$961,18","13723","R$25,00","128797","R$10,00","604554","R$5,00","R$0,00","R$17.176.597,50","R$1.400.000,00","R$48.492.692,86",""
"1953","13/04/2020","1","3","4","5","6","9","10","15","16","18","19","20","21","22","23","1","PONTA GROSSA/PR","R$1.466.453,85","180","R$2.506,76","6394","R$25,00","93237","R$10,00","566125","R$5,00","R$0,00","R$16.484.015,00","R$1.500.000,00","R$48.831.105,29",""
"1954","15/04/2020","2","3","4","6","7","8","10","13","16","18","21","22","23","24","25","2","SANTOS/SP; TAUBATE/SP","R$784.732,48","234","R$2.063,73","9154","R$25,00","133964","R$10,00","732846","R$5,00","R$0,00","R$20.027.897,50","R$1.500.000,00","R$49.193.289,52",""
"1955","17/04/2020","1","2","4","5","9","12","14","15","16","19","20","22","23","24","25","2","CANAL ELETRONICO; ELDORADO/MS","R$835.538,37","278","R$1.849,56","10981","R$25,00","141629","R$10,00","741163","R$5,00","R$0,00","R$20.921.167,50","R$1.500.000,00","R$49.578.922,61",""
"1956","20/04/2020","3","4","6","7","8","9","10","14","15","16","19","20","21","22","23","0","","R$0,00","268","R$2.101,08","9083","R$25,00","111426","R$10,00","614373","R$5,00","R$1.830.039,16","R$19.458.510,00","R$4.100.000,00","R$50.001.239,35",""
"1957","22/04/2020","1","2","3","4","5","7","11","14","15","16","17","19","20","23","25","1","SALTINHO/SP","R$3.903.995,94","272","R$2.346,10","10547","R$25,00","133848","R$10,00","801419","R$5,00","R$0,00","R$23.454.202,50","R$1.500.000,00","R$50.479.844,77",""
"1958","24/04/2020","2","3","5","6","7","8","11","15","17","18","20","21","22","23","25","4","CUIABA/MT; GUAPIMIRIM/RJ; SAO JOSE/SC; SITIO NOVO DO TOCANTINS/TO","R$422.730,99","283","R$1.838,46","11684","R$25,00","143319","R$10,00","768553","R$5,00","R$0,00","R$21.417.235,00","R$1.500.000,00","R$50.870.057,99",""
"1959","27/04/2020","1","2","3","6","7","9","10","12","13","16","17","18","20","24","25","0","","R$0,00","271","R$2.046,58","10352","R$25,00","124511","R$10,00","688163","R$5,00","R$1.802.523,92","R$20.545.135,00","R$4.000.000,00","R$51.286.025,05",""
"1960","29/04/2020","2","3","7","9","10","12","13","15","17","18","20","21","23","24","25","10","CANAL ELETRONICO; BETIM/MG; PARA DE MINAS/MG; CASTANHAL/PA; ANITA GARIBALDI/SC; ARACATUBA/SP; CAMPINAS/SP; JACAREI/SP; SAO PAULO/SP","R$355.322,73","1513","R$508,61","26920","R$25,00","254848","R$10,00","1121709","R$5,00","R$0,00","R$29.245.040,00","R$1.500.000,00","R$51.690.033,55",""
"1961","02/05/2020","2","4","5","7","12","13","14","15","18","19","20","21","22","23","24","2","SANTA LUZIA/MG; SANTOS/SP","R$780.227,54","283","R$1.696,61","10018","R$25,00","131523","R$10,00","746217","R$5,00","R$0,00","R$20.129.957,50","R$1.500.000,00","R$52.050.138,56",""
"1962","04/05/2020","1","2","3","4","6","9","12","13","14","15","16","19","20","21","22","1","SANTOS/SP","R$1.827.305,70","180","R$3.123,60","7832","R$25,00","98835","R$10,00","587526","R$5,00","R$0,00","R$18.772.402,50","R$1.500.000,00","R$52.471.824,50",""
"1963","06/05/2020","3","4","5","8","9","10","11","12","13","14","15","18","20","24","25","3","CANAL ELETRONICO; ITANHAEM/SP; SAO PAULO/SP","R$574.692,53","521","R$1.454,58","17557","R$25,00","165016","R$10,00","942913","R$5,00","R$0,00","R$24.435.597,50","R$1.500.000,00","R$52.869.688,56",""
"1964","08/05/2020","1","2","3","5","8","9","10","12","13","14","15","16","17","19","23","0","","R$0,00","305","R$2.079,42","12844","R$25,00","163243","R$10,00","941174","R$5,00","R$2.061.226,00","R$25.812.150,00","R$5.000.000,00","R$53.345.356,10",""
"1965","11/05/2020","1","2","4","5","6","10","12","16","19","20","21","22","23","24","25","0","","R$0,00","464","R$1.946,34","17848","R$25,00","221543","R$10,00","1167138","R$5,00","R$4.996.304,67","R$34.482.220,00","R$9.000.000,00","R$54.022.681,96",""
"1966","13/05/2020","1","3","4","5","6","7","9","12","13","14","15","16","18","19","24","3","COTRIGUACU/MT; JI-PARANA/RO; JACAREI/SP","R$3.004.752,37","701","R$1.763,61","24023","R$25,00","305166","R$10,00","1674872","R$5,00","R$0,00","R$48.113.632,50","R$1.500.000,00","R$54.949.901,75",""
"1967","15/05/2020","1","2","3","5","7","8","10","11","12","13","14","15","17","23","24","2","CANAL ELETRONICO; MARCIONILIO SOUZA/BA","R$851.319,15","451","R$1.659,45","15957","R$25,00","233781","R$10,00","1076115","R$5,00","R$0,00","R$27.357.260,00","R$1.500.000,00","R$55.342.818,29",""
"1968","18/05/2020","1","2","3","4","5","7","9","13","14","16","18","20","22","23","25","2","SANTO ANTONIO DO AMPARO/MG; SAO PEDRO DA UNIAO/MG","R$833.767,00","620","R$1.182,22","20348","R$25,00","207350","R$10,00","1033029","R$5,00","R$0,00","R$26.325.847,50","R$1.500.000,00","R$55.727.633,84",""
"1969","20/05/2020","4","5","6","7","9","13","14","15","16","18","19","20","22","23","24","7","BELO HORIZONTE/MG; RIO DE JANEIRO/RJ; MULITERNO/RS; ARACAJU/SE; SAO PAULO/SP","R$260.440,77","411","R$1.364,84","15801","R$25,00","190888","R$10,00","945853","R$5,00","R$0,00","R$25.467.015,00","R$1.500.000,00","R$56.148.345,85",""
"1970","22/05/2020","3","6","8","9","10","11","12","13","14","16","17","20","21","24","25","0","","R$0,00","293","R$2.601,91","11186","R$25,00","148570","R$10,00","884244","R$5,00","R$2.477.669,34","R$26.832.750,00","R$5.500.000,00","R$56.720.115,70",""
"1971","25/05/2020","3","6","8","9","10","13","14","15","16","17","18","19","21","23","25","0","","R$0,00","417","R$2.081,78","16007","R$25,00","212059","R$10,00","1208431","R$5,00","R$5.299.003,41","R$34.056.872,50","R$9.000.000,00","R$57.371.192,80",""
"1972","28/05/2020","3","7","8","11","12","13","14","15","16","18","20","21","22","23","25","2","CUIABA/MT; CASCAVEL/PR","R$4.714.103,41","613","R$2.072,63","22756","R$25,00","311777","R$10,00","1684563","R$5,00","R$0,00","R$48.868.875,00","R$1.800.000,00","R$58.324.085,89",""
"1973","29/05/2020","2","3","6","7","8","9","10","13","14","16","17","18","19","23","25","2","GOIANIA/GO; NAZARE PAULISTA/SP","R$1.109.439,66","493","R$1.384,86","26499","R$25,00","198198","R$10,00","1066093","R$5,00","R$0,00","R$29.646.085,00","R$2.000.000,00","R$58.836.134,98",""
"1974","01/06/2020","1","2","4","5","6","9","10","11","12","16","20","21","23","24","25","3","MANAUS/AM; UBERLANDIA/MG; RIO BRILHANTE/MS","R$738.427,19","599","R$1.625,62","24285","R$25,00","201457","R$10,00","995547","R$5,00","R$0,00","R$28.761.662,50","R$2.000.000,00","R$59.347.353,81",""
"1975","03/06/2020","2","5","7","8","9","10","11","12","13","16","17","20","22","23","25","2","CAMPO GRANDE/MS; RIO DE JANEIRO/RJ","R$1.206.059,04","360","R$2.061,64","14582","R$25,00","189025","R$10,00","1031124","R$5,00","R$0,00","R$29.323.595,00","R$2.500.000,00","R$59.903.996,46",""
"1976","05/06/2020","1","3","7","9","10","11","13","14","15","17","18","19","20","22","24","7","MACAPA/AP; GOIANIA/GO; BELO HORIZONTE/MG; SANTANA DO ARAGUAIA/PA; CURITIBA/PR; SAO PAULO/SP","R$255.447,27","965","R$814,49","28155","R$25,00","270902","R$10,00","1212649","R$5,00","R$0,00","R$30.925.255,00","R$2.500.000,00","R$60.316.642,06",""
"1977","08/06/2020","1","3","4","5","7","10","12","13","15","16","17","18","19","22","23","5","CANAL ELETRONICO; BRASILIA/DF; VILA VELHA/ES; BAURU/SP; PALMITAL/SP","R$443.554,24","431","R$1.583,28","16768","R$25,00","191953","R$10,00","1032812","R$5,00","R$0,00","R$28.551.355,00","R$2.500.000,00","R$60.828.435,42",""
"1978","10/06/2020","1","4","5","6","7","8","9","10","12","13","15","16","20","23","24","3","BRASILIA/DF; SANTO ANDRE/SP; SAO PAULO/SP","R$864.708,80","297","R$2.687,52","13088","R$25,00","172210","R$10,00","1070427","R$5,00","R$0,00","R$30.225.632,50","R$2.500.000,00","R$61.427.079,98",""
"1979","12/06/2020","4","5","6","9","10","11","12","13","14","15","16","18","21","22","25","2","CANAL ELETRONICO; VITORIA/ES","R$1.287.589,80","259","R$3.059,32","9344","R$25,00","135726","R$10,00","843718","R$5,00","R$0,00","R$26.457.175,00","R$2.500.000,00","R$62.021.352,19",""
"1980","15/06/2020","3","4","5","7","9","10","13","16","17","18","19","21","22","23","24","3","CANAL ELETRONICO; NAVIRAI/MS; CACHOEIRINHA/RS","R$706.486,83","356","R$1.831,86","14712","R$25,00","204642","R$10,00","1079946","R$5,00","R$0,00","R$28.770.715,00","R$2.500.000,00","R$62.510.458,47",""
"1981","17/06/2020","1","2","3","4","5","6","7","12","13","15","17","20","23","24","25","5","ITABIRITO/MG; SAO JOAO DE MERITI/RJ; VOLTA REDONDA/RJ; OURO PRETO DO OESTE/RO; MARQUES DE SOUZA/RS","R$430.519,74","428","R$1.547,52","14815","R$25,00","199093","R$10,00","1106422","R$5,00","R$0,00","R$29.122.032,50","R$2.500.000,00","R$63.007.212,01",""
"1982","19/06/2020","1","2","3","4","5","7","14","15","16","17","18","19","20","22","25","1","NAVEGANTES/SC","R$3.146.356,88","322","R$3.006,55","12107","R$25,00","146730","R$10,00","912745","R$5,00","R$0,00","R$30.562.330,00","R$2.500.000,00","R$63.733.294,37",""
"1983","22/06/2020","1","2","5","6","7","8","9","10","11","12","16","19","20","23","24","3","ARUANA/GO; CUIABA/MT; RIO DE JANEIRO/RJ","R$867.624,50","404","R$1.982,39","15811","R$25,00","183184","R$10,00","960304","R$5,00","R$0,00","R$29.410.002,50","R$2.500.000,00","R$64.333.957,49",""
"1984","24/06/2020","2","4","5","10","11","12","13","14","16","19","20","21","23","24","25","0","","R$0,00","385","R$1.577,95","15471","R$25,00","197167","R$10,00","1022299","R$5,00","R$1.974.410,15","R$27.241.760,00","R$4.500.000,00","R$64.789.590,60",""
"1985","26/06/2020","1","2","3","6","7","9","11","12","14","15","17","21","22","23","24","2","CANAL ELETRONICO; MONTES CLAROS/MG","R$2.801.663,02","401","R$2.784,51","16476","R$25,00","218779","R$10,00","1247896","R$5,00","R$0,00","R$38.788.487,50","R$2.500.000,00","R$65.627.032,74",""
"1986","29/06/2020","1","4","5","7","8","10","11","12","13","15","17","18","21","23","24","9","FUNDAO/ES; GUIA LOPES DA LAGUNA/MS; GUARABIRA/PB; RIO DE JANEIRO/RJ; LAJEADO/RS; BAURU/SP; GUARUJA/SP; MONTE ALTO/SP; SAO PAULO/SP","R$199.867,28","851","R$929,12","22493","R$25,00","209075","R$10,00","1024360","R$5,00","R$0,00","R$27.054.887,50","R$2.500.000,00","R$66.042.141,72",""
"1987","01/07/2020","2","3","4","5","6","10","11","12","13","15","16","17","19","21","22","3","CANAL ELETRONICO; SOROCABA/SP; SUMARE/SP","R$895.149,47","392","R$2.107,89","12050","R$25,00","163434","R$10,00","943042","R$5,00","R$0,00","R$28.957.057,50","R$2.500.000,00","R$66.661.860,58",""
"1988","03/07/2020","2","5","6","7","9","11","12","14","15","17","19","21","22","23","24","8","BELO HORIZONTE/MG; MARIANA/MG; PLANALTO DA SERRA/MT; BELEM/PA; FRANCA/SP; SANTO ANDRE/SP; SAO JOSE DO RIO PRETO/SP","R$306.986,59","713","R$1.514,04","28790","R$25,00","223867","R$10,00","1068803","R$5,00","R$0,00","R$31.603.232,50","R$2.500.000,00","R$67.228.605,05",""
"1989","06/07/2020","1","2","4","6","7","9","10","11","12","16","17","19","23","24","25","2","CANAL ELETRONICO; LONDRINA/PR","R$1.189.748,54","540","R$1.355,84","16980","R$25,00","207134","R$10,00","1023173","R$5,00","R$0,00","R$29.622.535,00","R$2.500.000,00","R$67.777.719,77",""
"1990","08/07/2020","4","6","7","8","9","11","13","14","16","17","19","20","23","24","25","0","","R$0,00","318","R$2.658,04","12646","R$25,00","166185","R$10,00","996829","R$5,00","R$2.747.077,87","R$29.987.725,00","R$5.500.000,00","R$68.411.660,83",""
"1991","10/07/2020","1","2","5","6","7","8","10","14","15","16","17","18","20","22","24","5","CARMO DO RIO CLARO/MG; ITATIAIA/RJ; RIO DE JANEIRO/RJ; ITAQUAQUECETUBA/SP; SAO PAULO/SP","R$1.345.085,15","546","R$2.241,96","19843","R$25,00","267902","R$10,00","1429749","R$5,00","R$0,00","R$43.984.917,50","R$2.500.000,00","R$69.329.741,11",""
"1992","13/07/2020","3","4","5","6","7","8","9","11","12","14","19","20","21","22","23","3","CURITIBA/PR; EMBU DAS ARTES/SP; SAO PAULO/SP","R$897.002,22","471","R$1.757,97","15044","R$25,00","175283","R$10,00","957222","R$5,00","R$0,00","R$29.594.787,50","R$2.500.000,00","R$69.950.742,66",""
"1993","15/07/2020","1","3","4","5","6","8","9","10","13","15","16","20","21","22","23","0","","R$0,00","372","R$1.968,45","16081","R$25,00","220253","R$10,00","1027787","R$5,00","R$2.379.848,71","R$29.928.320,00","R$6.000.000,00","R$70.499.938,53",""
"1994","17/07/2020","3","4","5","6","7","8","9","11","12","17","19","20","22","24","25","6","CANAL ELETRONICO; MANAUS/AM; SAO GONCALO/RJ; FLORIANOPOLIS/SC; CARAGUATATUBA/SP; SOROCABA/SP","R$988.553,02","756","R$1.445,45","24406","R$25,00","294430","R$10,00","1497933","R$5,00","R$0,00","R$43.482.220,00","R$2.500.000,00","R$71.319.508,40",""
"1995","20/07/2020","1","3","5","7","9","10","11","12","13","14","18","19","20","23","25","6","GOIANIA/GO; DOURADOS/MS; SAO GABRIEL/RS; SANTO ANDRE/SP; SAO PAULO/SP; SAO ROQUE/SP","R$255.185,83","622","R$1.082,02","22276","R$25,00","261284","R$10,00","1216607","R$5,00","R$0,00","R$29.106.950,00","R$2.500.000,00","R$71.672.842,63",""
"1996","22/07/2020","2","4","5","7","8","9","10","11","12","13","18","19","20","22","25","4","FORTALEZA/CE; VILA VELHA/ES; TUNTUM/MA; TERESINA/PI","R$478.524,36","622","R$1.352,67","18670","R$25,00","215861","R$10,00","1099083","R$5,00","R$0,00","R$28.437.330,00","R$2.500.000,00","R$72.114.557,43",""
"1997","24/07/2020","2","4","6","7","8","9","12","13","14","15","16","18","20","21","22","1","LAURO DE FREITAS/BA","R$2.525.613,12","428","R$1.815,69","16974","R$25,00","192995","R$10,00","1004284","R$5,00","R$0,00","R$29.818.957,50","R$2.500.000,00","R$72.697.391,23",""
"1998","27/07/2020","1","3","4","5","6","10","11","12","13","14","17","19","20","22","24","1","CUIABA/MT","R$1.940.879,25","463","R$1.842,62","18565","R$25,00","209555","R$10,00","1033495","R$5,00","R$0,00","R$27.665.095,00","R$2.500.000,00","R$73.145.286,45",""
"1999","29/07/2020","3","4","6","7","8","9","13","15","17","19","20","22","23","24","25","3","PATOS/PB; SAO PAULO/SP","R$625.696,46","516","R$1.599,01","17574","R$25,00","220718","R$10,00","1085804","R$5,00","R$0,00","R$28.145.377,50","R$2.500.000,00","R$73.578.460,93",""
"2000","31/07/2020","2","3","4","7","11","12","14","16","17","18","19","20","22","23","24","2","EUCLIDES DA CUNHA/BA; MARINGA/PR","R$1.289.106,48","376","R$2.109,83","14425","R$25,00","199362","R$10,00","1085059","R$5,00","R$0,00","R$31.017.167,50","R$2.500.000,00","R$74.173.433,15",""
"2001","03/08/2020","1","2","3","6","7","9","10","11","16","17","19","20","21","22","25","1","JATAI/GO","R$2.756.377,87","288","R$2.006,77","10884","R$25,00","147755","R$10,00","885172","R$5,00","R$0,00","R$28.896.450,00","R$1.500.000,00","R$74.840.298,78",""
"2002","04/08/2020","2","3","5","8","10","12","13","14","16","17","18","19","20","24","25","1","APARECIDA/SP","R$993.438,32","124","R$1.679,85","6157","R$25,00","83386","R$10,00","467996","R$5,00","R$0,00","R$12.956.847,50","R$1.200.000,00","R$75.080.646,76",""
"2003","05/08/2020","1","5","6","7","8","9","10","11","12","15","17","20","22","24","25","1","LAGOA SANTA/MG","R$1.626.526,25","289","R$1.685,84","10037","R$25,00","134658","R$10,00","720698","R$5,00","R$0,00","R$20.643.025,00","R$1.200.000,00","R$75.474.161,19",""
"2004","06/08/2020","1","3","4","8","10","11","12","13","14","15","18","19","21","22","25","1","BELO HORIZONTE/MG","R$1.239.053,43","145","R$1.791,74","6564","R$25,00","82173","R$10,00","475541","R$5,00","R$0,00","R$14.344.860,00","R$1.500.000,00","R$75.773.932,18",""
"2005","07/08/2020","3","6","8","9","11","12","13","15","17","18","19","21","22","24","25","1","FRANCA/SP","R$1.750.257,63","379","R$1.383,30","11494","R$25,00","139636","R$10,00","779227","R$5,00","R$0,00","R$22.174.617,50","R$1.200.000,00","R$76.197.381,62",""
"2006","08/08/2020","1","2","4","5","7","8","10","13","17","19","20","21","23","24","25","1","ARAPEI/SP","R$678.635,19","219","R$928,20","8576","R$25,00","96524","R$10,00","468275","R$5,00","R$0,00","R$11.729.390,00","R$1.500.000,00","R$76.361.567,57",""
"2007","10/08/2020","1","3","5","6","10","11","15","16","17","18","19","20","21","22","24","0","","R$0,00","185","R$1.968,58","9287","R$25,00","119091","R$10,00","667681","R$5,00","R$1.736.889,98","R$20.215.780,00","R$3.000.000,00","R$76.781.782,89",""
"2008","11/08/2020","2","3","5","6","8","10","11","12","13","14","15","17","21","23","25","0","","R$0,00","413","R$920,76","13412","R$25,00","142149","R$10,00","732315","R$5,00","R$3.006.430,90","R$19.247.000,00","R$5.000.000,00","R$77.088.929,89",""
"2009","12/08/2020","1","2","3","4","5","7","12","13","15","16","17","19","20","22","24","4","ITABUNA/BA; BELO HORIZONTE/MG; RIBEIRAO PRETO/SP; SAO PEDRO/SP","R$1.268.071,61","469","R$1.319,41","16185","R$25,00","208064","R$10,00","1093620","R$5,00","R$2.276.866,93","R$29.327.337,50","R$3.500.000,00","R$77.588.733,65",""
"2010","13/08/2020","2","3","4","5","6","10","11","12","16","19","20","21","22","24","25","1","LAGOA SANTA/MG","R$4.007.314,75","342","R$1.305,10","12050","R$25,00","134204","R$10,00","700041","R$5,00","R$0,00","R$19.785.290,00","R$1.500.000,00","R$77.949.243,62",""
"2011","14/08/2020","1","5","7","10","11","13","16","18","19","20","21","22","23","24","25","4","SAO JOAO EVANGELISTA/MG; BELEM/PA; ALTO PARANA/PR; COTIA/SP","R$358.718,16","342","R$1.256,72","13118","R$25,00","153797","R$10,00","853049","R$5,00","R$0,00","R$21.770.065,00","R$1.200.000,00","R$78.296.390,24",""
"2012","15/08/2020","1","3","4","6","9","10","12","15","16","17","18","20","22","24","25","0","","R$0,00","241","R$1.228,07","7110","R$25,00","81404","R$10,00","413212","R$5,00","R$988.074,72","R$12.305.697,50","R$2.500.000,00","R$78.535.440,58",""
"2013","17/08/2020","1","2","4","7","8","10","11","14","16","19","20","21","23","24","25","5","GOIANIA/GO; SAO LUIS/MA; PINHAIS/PR; AVARE/SP; SAO PAULO/SP","R$547.050,76","578","R$905,44","16161","R$25,00","169887","R$10,00","825856","R$5,00","R$0,00","R$23.663.052,50","R$1.500.000,00","R$78.958.145,21",""
"2014","18/08/2020","3","4","6","7","8","9","10","15","16","17","18","19","22","23","25","0","","R$0,00","115","R$2.591,29","5384","R$25,00","80409","R$10,00","467968","R$5,00","R$1.421.218,53","R$15.117.017,50","R$3.500.000,00","R$79.301.988,41",""
"2015","19/08/2020","2","3","4","5","6","8","9","11","13","15","17","18","20","23","25","7","CANAL ELETRONICO; CURITIBA/PR; NITEROI/RJ; ESPUMOSO/RS; TORRES/RS; SAO BERNARDO DO CAMPO/SP; SAO PAULO/SP","R$410.145,27","675","R$643,36","16766","R$25,00","176005","R$10,00","882120","R$5,00","R$0,00","R$22.907.380,00","R$1.200.000,00","R$79.652.746,09",""
"2016","20/08/2020","2","3","9","10","11","13","14","15","17","18","19","22","23","24","25","1","SAO LUIS/MA","R$943.821,08","286","R$988,50","9675","R$25,00","110003","R$10,00","571748","R$5,00","R$0,00","R$14.706.685,00","R$1.500.000,00","R$79.881.089,91",""
"2017","21/08/2020","1","2","3","4","5","8","13","15","16","19","20","21","22","24","25","1","PORTO FIRME/MG","R$1.597.282,60","270","R$1.772,03","8825","R$25,00","120994","R$10,00","681549","R$5,00","R$0,00","R$19.650.945,00","R$1.200.000,00","R$80.267.529,26",""
"2018","22/08/2020","1","2","3","4","5","8","11","12","13","14","17","18","20","21","22","0","","R$0,00","124","R$1.806,31","4979","R$25,00","69367","R$10,00","409638","R$5,00","R$1.068.223,87","R$12.289.920,00","R$2.900.000,00","R$80.525.970,52",""
"2019","24/08/2020","1","3","5","6","8","9","10","11","14","17","18","20","23","24","25","2","APARECIDA DE GOIANIA/GO; COTIA/SP","R$1.326.158,55","460","R$1.031,51","15420","R$25,00","172242","R$10,00","883440","R$5,00","R$1.973.316,77","R$23.471.982,50","R$3.500.000,00","R$80.909.218,89",""
"2020","25/08/2020","2","3","4","5","7","8","9","12","15","16","17","19","20","21","25","4","BRASILIA/DF; POSSE/GO; TRES RIOS/RJ; GUARATINGUETA/SP","R$932.809,46","214","R$1.483,19","8974","R$25,00","117344","R$10,00","659053","R$5,00","R$0,00","R$18.871.957,50","R$1.500.000,00","R$81.275.452,44",""
"2021","26/08/2020","1","2","3","4","6","7","8","10","12","15","18","19","22","23","24","0","","R$0,00","200","R$1.537,89","8693","R$25,00","115156","R$10,00","642584","R$5,00","R$1.466.912,53","R$18.366.292,50","R$3.000.000,00","R$81.630.350,65",""
"2022","27/08/2020","1","3","6","8","9","10","11","12","13","14","17","18","21","22","25","1","GUARANTA DO NORTE/MT","R$2.994.993,69","266","R$1.720,75","8985","R$25,00","115215","R$10,00","627672","R$5,00","R$0,00","R$18.537.622,50","R$1.500.000,00","R$82.000.047,72",""
"2023","28/08/2020","1","2","4","8","10","11","12","14","15","16","17","19","20","21","25","2","RECIFE/PE; SAO PAULO/SP","R$859.171,14","306","R$1.682,06","10496","R$25,00","118566","R$10,00","633076","R$5,00","R$0,00","R$19.775.672,50","R$1.200.000,00","R$82.415.775,70",""
"2024","29/08/2020","1","2","3","4","5","6","8","9","11","14","17","18","21","23","24","1","SANTA LUZIA/MG","R$1.056.196,30","164","R$1.350,37","6473","R$25,00","81271","R$10,00","420334","R$5,00","R$0,00","R$12.710.120,00","R$1.500.000,00","R$82.671.307,07",""
"2025","31/08/2020","2","3","4","6","8","9","10","12","14","15","16","18","19","20","22","6","CONDEUBA/BA; HELIOPOLIS/BA; APARECIDA DE GOIANIA/GO; PORTEIRINHA/MG; MARICA/RJ; ARIQUEMES/RO","R$231.866,61","667","R$624,76","15286","R$25,00","146620","R$10,00","675581","R$5,00","R$0,00","R$19.450.482,50","R$1.200.000,00","R$83.007.887,64",""
"2026","01/09/2020","1","3","4","5","6","11","13","14","16","19","20","21","22","23","24","0","","R$0,00","161","R$1.741,63","6396","R$25,00","92040","R$10,00","514465","R$5,00","R$1.337.300,21","R$15.533.937,50","R$3.400.000,00","R$83.331.428,02",""
"2027","02/09/2020","1","2","3","6","7","9","12","13","16","17","20","21","23","24","25","2","SAO MATEUS DO MARANHAO/MA; PRESIDENTE EPITACIO/SP","R$1.617.835,87","408","R$1.393,71","13288","R$25,00","146003","R$10,00","782964","R$5,00","R$0,00","R$23.255.312,50","R$1.200.000,00","R$83.790.711,47",""
"2028","03/09/2020","1","2","3","4","5","6","8","9","15","16","18","19","20","23","25","1","ANANINDEUA/PA","R$1.245.054,98","263","R$1.418,03","6163","R$25,00","92036","R$10,00","531776","R$5,00","R$0,00","R$15.229.770,00","R$1.500.000,00","R$84.091.934,47",""
"2029","04/09/2020","3","4","7","8","10","11","12","13","16","17","19","22","23","24","25","0","","R$0,00","492","R$821,64","13905","R$25,00","153986","R$10,00","791999","R$5,00","R$87.863.333,46","R$20.662.230,00","R$120.000.000,00","R$87.863.333,46",""
"2030","12/09/2020","2","3","4","5","6","9","10","12","14","15","17","19","22","23","25","50","CANAL ELETRONICO; ANTONIO CARDOSO/BA; SALVADOR/BA; CACHOEIRO DE ITAPEMIRIM/ES; SANTA HELENA DE GOIAS/G; GOIANIA/GO; PERI MIRIM/MA; ARCOS/MG; IBIRITE/MG; PITANGUI/MG; MARACAJU/MS; BELEM/PA; GRAVATA/PE; RIO DE JANEIRO/RJ; NATAL/RN; BENTO GONCALVES/RS; CACHOEIRA DO SUL/RS; CANOAS/RS; PORTO ALEGRE/RS; CAPINZAL/SC; CHAPECO/SC; JARAGUA DO SUL/SC; JOINVILLE/SC; ARACAJU/SE; ARACATUBA/SP; BOITUVA/SP; COROADOS/SP; JANDIRA/SP; MONTE ALTO/SP; PIRACICABA/SP","R$2.499.998,20","8408","R$942,83","246828","R$25,00","2702658","R$10,00","13506290","R$5,00","R$0,00","R$373.029.597,50","R$1.500.000,00","R$0,00",""
"2031","14/09/2020","1","2","3","7","8","9","10","12","13","15","18","20","23","24","25","2","CANAL ELETRONICO; CENTRO DO GUILHERME/MA","R$645.326,93","572","R$675,87","16891","R$25,00","172356","R$10,00","853199","R$5,00","R$0,00","R$21.650.950,00","R$1.200.000,00","R$312.254,98",""
"2032","15/09/2020","2","4","5","7","8","9","12","13","15","17","18","19","21","22","25","8","GOIANIA/GO; JUIZ DE FORA/MG; MONTES CLAROS/MG; CANDIOTA/RS; CARAPICUIBA/SP; SANTO ANDRE/SP; SAO PAULO/SP","R$136.774,22","592","R$553,63","13677","R$25,00","132604","R$10,00","621838","R$5,00","R$0,00","R$16.835.845,00","R$1.500.000,00","R$576.979,29",""
"2033","16/09/2020","1","2","5","6","10","11","12","13","14","16","17","19","20","21","22","2","UBERABA/MG; CRAVINHOS/SP","R$862.601,79","275","R$1.879,14","9209","R$25,00","116028","R$10,00","625551","R$5,00","R$0,00","R$19.592.580,00","R$1.200.000,00","R$994.367,26",""
"2034","17/09/2020","1","3","4","5","7","8","9","11","13","14","16","18","19","22","24","103","CANAL ELETRONICO; CAMPO ALEGRE/AL; BOM JESUS DA LAPA/BA; CAMACARI/BA; CORACAO DE MARIA/BA; ESPLANADA/BA; FEIRA DE SANTANA/BA; FORTALEZA/C; CAUCAIA/CE; BRASILIA/DF; CATALAO/GO; FORMOSA/GO; ARAXA/MG; BARBACENA/MG; BELO HORIZONTE/MG; CAMPO DO MEIO/MG; BELEM/PA; CAMPINA GRANDE/PB; FERREIROS/PE; ARAUCARIA/PR; CAFELANDIA/PR; BOA VISTA/RR; BOSSOROCA/RS; ARACAJU/SE; ANDRADINA/SP; BREJO ALEGRE/SP; CARAGUATATUBA/SP; CERQUILHO/SP; COTIA/SP; AUGUSTINOPOLIS/TO","R$10.712,22","582","R$567,86","12673","R$25,00","119702","R$10,00","575259","R$5,00","R$0,00","R$15.991.790,00","R$1.500.000,00","R$1.261.308,87",""
"2035","18/09/2020","3","8","10","11","12","13","14","16","18","19","20","22","23","24","25","5","CAMPANARIO/MG; UBERLANDIA/MG; RECIFE/PE; CURITIBA/PR; MAUA/SP","R$292.851,45","282","R$1.555,32","11056","R$25,00","162825","R$10,00","785271","R$5,00","R$0,00","R$21.233.840,00","R$1.200.000,00","R$1.615.564,67",""
"2036","19/09/2020","4","5","6","7","8","11","12","13","17","18","19","21","22","23","25","2","FRUTAL/MG; ITAPEMA/SC","R$612.268,82","281","R$1.305,32","7594","R$25,00","89139","R$10,00","490671","R$5,00","R$0,00","R$14.662.307,50","R$1.500.000,00","R$1.911.823,79",""
"2037","21/09/2020","1","2","4","7","8","9","10","11","14","16","18","20","21","22","23","1","COTRIGUACU/MT","R$1.757.769,51","293","R$1.796,99","9727","R$25,00","120192","R$10,00","635819","R$5,00","R$0,00","R$20.010.035,00","R$1.200.000,00","R$2.337.090,61",""
"2038","22/09/2020","1","3","5","7","10","11","12","14","15","17","18","19","20","24","25","1","MARINGA/PR","R$977.219,58","435","R$672,90","10964","R$25,00","118988","R$10,00","597314","R$5,00","R$0,00","R$15.460.687,50","R$1.500.000,00","R$2.573.514,72",""
"2039","23/09/2020","1","2","3","4","5","6","10","11","14","15","19","21","23","24","25","2","BELO HORIZONTE/MG; CURITIBANOS/SC","R$732.184,95","245","R$1.790,35","9845","R$25,00","127788","R$10,00","661352","R$5,00","R$1.951.865,09","R$18.927.080,00","R$3.500.000,00","R$2.927.797,77",""
"2040","24/09/2020","2","3","8","10","11","12","13","14","15","16","20","21","22","23","24","1","ARACI/BA","R$4.075.719,94","245","R$1.565,20","9503","R$25,00","135166","R$10,00","781117","R$5,00","R$0,00","R$22.396.350,00","R$1.500.000,00","R$3.370.267,53",""
"2041","25/09/2020","1","2","4","7","9","11","13","14","16","17","19","22","23","24","25","4","CENTRO DO GUILHERME/MA; VESPASIANO/MG; PONTA GROSSA/PR; PASSO DO SOBRADO/RS","R$319.676,47","749","R$511,37","15475","R$25,00","156669","R$10,00","751053","R$5,00","R$0,00","R$19.965.760,00","R$1.200.000,00","R$3.679.631,88",""
"2042","26/09/2020","2","3","4","8","9","10","12","14","15","17","18","21","22","24","25","1","UBATUBA/SP","R$989.842,89","261","R$1.136,00","8449","R$25,00","95737","R$10,00","510570","R$5,00","R$0,00","R$13.845.880,00","R$1.500.000,00","R$3.919.110,01",""
"2043","28/09/2020","3","5","7","9","12","13","14","15","17","18","19","21","22","23","25","4","CANDEIAS/BA; SAO LUIS/MA; CASCAVEL/PR; JARAGUA DO SUL/SC","R$223.772,11","538","R$498,35","19766","R$25,00","182588","R$10,00","787736","R$5,00","R$0,00","R$19.195.215,00","R$1.200.000,00","R$4.135.663,66",""
"2044","29/09/2020","3","5","6","10","11","13","16","17","18","19","20","21","22","24","25","0","","R$0,00","206","R$1.736,87","7753","R$25,00","96360","R$10,00","553674","R$5,00","R$1.194.490,50","R$15.405.022,50","R$3.500.000,00","R$4.424.653,31",""
"2045","30/09/2020","1","3","5","9","12","13","15","16","17","18","19","20","21","24","25","1","BRASILIA/DF","R$3.033.086,77","285","R$1.352,68","11759","R$25,00","157828","R$10,00","890473","R$5,00","R$0,00","R$24.362.207,50","R$1.200.000,00","R$4.869.475,00",""
"2046","01/10/2020","1","3","4","7","10","11","14","15","17","20","21","22","23","24","25","2","SAO PAULO/SP; COLMEIA/TO","R$541.177,28","298","R$1.087,94","9941","R$25,00","111781","R$10,00","576612","R$5,00","R$0,00","R$15.555.477,50","R$1.500.000,00","R$5.131.334,98",""
"2047","02/10/2020","2","3","4","5","7","8","10","11","12","15","16","18","20","21","23","2","NITEROI/RJ; PARAISO DO TOCANTINS/TO","R$706.617,17","468","R$904,52","13807","R$25,00","147195","R$10,00","740380","R$5,00","R$0,00","R$20.242.965,00","R$1.200.000,00","R$5.473.246,52",""
"2048","03/10/2020","1","3","4","6","7","8","9","12","13","16","19","20","21","22","25","1","SAO PAULO/SP","R$1.319.439,95","179","R$1.545,57","6505","R$25,00","78189","R$10,00","447713","R$5,00","R$0,00","R$14.355.857,50","R$1.500.000,00","R$5.792.465,88",""
"2049","05/10/2020","3","4","8","9","10","11","13","14","16","17","20","21","22","24","25","1","UBERABA/MG","R$1.534.058,09","258","R$1.781,04","10207","R$25,00","114992","R$10,00","641386","R$5,00","R$1.862.227,54","R$18.792.897,50","R$3.500.000,00","R$6.163.608,98",""
"2050","06/10/2020","1","2","3","4","5","6","7","9","13","15","17","18","19","21","22","1","SAO PAULO/SP","R$3.719.530,70","299","R$1.602,22","11500","R$25,00","144169","R$10,00","763501","R$5,00","R$0,00","R$21.296.010,00","R$1.500.000,00","R$6.550.547,15",""
"2051","07/10/2020","1","2","3","4","7","9","10","12","16","18","19","20","22","23","25","1","CIANORTE/PR","R$1.365.807,36","289","R$1.415,61","11127","R$25,00","133169","R$10,00","724649","R$5,00","R$0,00","R$19.331.330,00","R$1.200.000,00","R$6.880.984,42",""
"2052","08/10/2020","1","3","4","6","8","10","12","13","14","16","17","18","20","24","25","2","PONTES E LACERDA/MT; SAO PAULO/SP","R$567.127,53","401","R$847,26","10681","R$25,00","110468","R$10,00","538534","R$5,00","R$0,00","R$15.404.535,00","R$1.500.000,00","R$7.155.400,97",""
"2053","09/10/2020","3","4","9","11","12","13","15","16","17","18","20","21","22","23","24","1","BELO HORIZONTE/MG","R$1.620.159,55","171","R$1.986,61","8225","R$25,00","126375","R$10,00","670879","R$5,00","R$0,00","R$19.739.000,00","R$1.200.000,00","R$7.547.375,06",""
"2054","10/10/2020","1","2","3","5","7","8","10","11","12","14","17","19","21","22","23","4","CANAL ELETRONICO; CURITIBA/PR; RIO DE JANEIRO/RJ; ITAQUAQUECETUBA/SP","R$221.102,97","426","R$621,86","11171","R$25,00","112276","R$10,00","541675","R$5,00","R$0,00","R$14.182.757,50","R$1.500.000,00","R$7.761.345,69",""
"2055","13/10/2020","1","2","3","4","5","7","11","14","15","16","18","19","21","23","25","3","BRASILIA/DF; CURITIBA/PR; SAO PAULO/SP","R$504.509,00","218","R$1.455,75","9740","R$25,00","113412","R$10,00","633765","R$5,00","R$0,00","R$18.532.490,00","R$1.500.000,00","R$8.127.521,58",""
"2056","14/10/2020","1","3","4","5","6","9","10","13","15","16","17","18","19","20","21","0","","R$0,00","215","R$1.442,31","8188","R$25,00","113743","R$10,00","637585","R$5,00","R$1.478.918,09","R$18.310.727,50","R$3.400.000,00","R$8.485.324,36","ACUMULADO PARA O PRÓXIMO CONCURSO: R$ 1.478.918,09."
"2057","15/10/2020","2","5","6","8","9","10","11","12","13","14","15","16","18","20","25","4","GOIANIA/GO; CHAPECO/SC; GUARULHOS/SP; PALMAS/TO","R$803.932,83","301","R$1.728,38","11459","R$25,00","155019","R$10,00","809238","R$5,00","R$0,00","R$22.802.142,50","R$1.500.000,00","R$8.905.521,12",""
"2058","16/10/2020","1","5","7","8","10","12","13","14","15","17","20","21","22","23","24","1","CANAL ELETRONICO","R$1.485.508,22","275","R$1.618,06","10313","R$25,00","133439","R$10,00","718162","R$5,00","R$0,00","R$19.852.030,00","R$1.200.000,00","R$9.264.918,27",""
"2059","17/10/2020","1","4","5","10","12","14","15","16","17","18","19","20","21","23","25","1","LAGES/SC","R$1.180.261,05","191","R$1.850,96","6385","R$25,00","83694","R$10,00","482559","R$5,00","R$1.999.945,37","R$14.138.075,00","R$3.700.000,00","R$9.550.465,31",""
"2060","19/10/2020","3","5","9","13","14","16","17","18","19","20","21","22","23","24","25","4","BELO HORIZONTE/MG; TERESINA/PI; CURITIBA/PR","R$1.019.961,91","497","R$1.079,44","13135","R$25,00","165073","R$10,00","855165","R$5,00","R$0,00","R$23.948.605,00","R$1.200.000,00","R$9.983.778,29",""
"2061","20/10/2020","1","2","5","8","10","11","12","15","16","17","18","19","20","21","23","2","SALVADOR/BA; JI-PARANA/RO","R$596.417,10","193","R$1.851,29","7433","R$25,00","100161","R$10,00","551377","R$5,00","R$0,00","R$15.438.952,50","R$1.500.000,00","R$10.272.367,22",""
"2062","21/10/2020","3","4","6","7","8","9","10","12","14","15","19","20","22","23","24","1","IMPERATRIZ/MA","R$1.370.413,54","227","R$1.808,33","9942","R$25,00","118900","R$10,00","633180","R$5,00","R$0,00","R$17.903.310,00","R$1.200.000,00","R$10.603.918,90",""
"2063","22/10/2020","1","2","5","6","7","10","11","13","16","18","19","20","22","24","25","1","TAPEJARA/RS","R$1.083.129,98","317","R$1.023,46","9585","R$25,00","103348","R$10,00","526645","R$5,00","R$0,00","R$14.768.215,00","R$1.500.000,00","R$10.865.966,48",""
"2064","23/10/2020","6","7","9","10","11","12","13","17","18","19","20","21","22","24","25","1","MANAUS/AM","R$1.594.731,33","269","R$1.775,77","8003","R$25,00","109315","R$10,00","627829","R$5,00","R$0,00","R$18.700.960,00","R$1.200.000,00","R$11.251.788,59",""
"2065","24/10/2020","4","5","6","7","8","9","10","11","12","13","14","17","19","21","22","5","DOM AQUINO/MT; PAULISTA/PE; RECIFE/PE; RIO DE JANEIRO/RJ; ANHUMAS/SP","R$220.157,41","180","R$1.831,82","7104","R$25,00","79634","R$10,00","466401","R$5,00","R$0,00","R$13.477.095,00","R$1.500.000,00","R$11.518.108,05",""
"2066","26/10/2020","2","4","6","8","9","10","12","14","15","16","17","18","19","24","25","0","","R$0,00","300","R$1.404,22","11183","R$25,00","120309","R$10,00","599726","R$5,00","R$1.406.387,64","R$17.812.732,50","R$3.000.000,00","R$11.858.363,14","ACUMULADO PARA O PRÓXIMO CONCURSO: R$ 1.406.387,64."
"2067","27/10/2020","1","7","8","9","12","13","14","16","17","19","20","21","23","24","25","3","CANAL ELETRONICO","R$1.012.386,20","280","R$1.744,57","9532","R$25,00","127753","R$10,00","715973","R$5,00","R$0,00","R$20.422.680,00","R$1.500.000,00","R$12.252.904,51",""
"2068","28/10/2020","1","2","3","7","10","14","15","16","18","19","20","21","23","24","25","0","","R$0,00","262","R$1.555,90","8925","R$25,00","111278","R$10,00","593521","R$5,00","R$1.360.911,70","R$17.160.902,50","R$3.000.000,00","R$12.582.157,35","ACUMULADO PARA O PRÓXIMO CONCURSO: R$ 1.360.911,70"
"2069","29/10/2020","1","2","3","4","5","6","7","9","13","17","21","22","23","24","25","5","FEIRA DE SANTANA/BA; BELO HORIZONTE/MG; LEOPOLDINA/MG; TEOFILO OTONI/MG; RIO DE JANEIRO/RJ","R$588.014,26","701","R$674,77","13397","R$25,00","129898","R$10,00","702104","R$5,00","R$1.986.955,79","R$20.260.765,00","R$3.500.000,00","R$12.964.212,10",""
"2070","30/10/2020","2","4","6","8","9","12","13","14","15","16","17","19","20","24","25","4","BRASILIA/DF; JARAGUA/GO; BELO HORIZONTE/MG; DIANOPOLIS/TO","R$1.045.312,05","388","R$1.458,73","17081","R$25,00","162642","R$10,00","846444","R$5,00","R$0,00","R$24.543.067,50","R$1.200.000,00","R$13.421.356,36",""
"2071","31/10/2020","1","2","4","6","9","10","11","12","13","15","16","17","20","21","25","1","LIMEIRA/SP","R$1.195.242,75","216","R$1.657,50","6740","R$25,00","84522","R$10,00","455293","R$5,00","R$0,00","R$13.942.792,50","R$1.500.000,00","R$13.710.528,00",""
"2072","03/11/2020","1","3","4","9","10","11","12","13","14","15","17","18","21","22","24","0","","R$0,00","252","R$1.763,47","8778","R$25,00","114336","R$10,00","642257","R$5,00","R$1.483.593,96","R$18.437.172,50","R$4.000.000,00","R$14.069.462,03","ACUMULADO PARA O PRÓXIMO CONCURSO: R$ 1.483.593,96."
"2073","04/11/2020","4","5","6","7","11","12","13","15","16","18","19","20","23","24","25","5","VILA VELHA/ES; PARAGOMINAS/PA; ROLIM DE MOURA/RO; RIO DO OESTE/SC; MONTE DO CARMO/TO","R$701.726,69","286","R$1.484,63","12717","R$25,00","153389","R$10,00","870152","R$5,00","R$0,00","R$25.071.660,00","R$1.200.000,00","R$14.559.390,96",""
"2074","05/11/2020","2","3","4","5","6","9","14","15","18","19","20","21","22","24","25","2","LONDRINA/PR; OURO PRETO DO OESTE/RO","R$689.161,51","182","R$1.587,93","7040","R$25,00","90255","R$10,00","530535","R$5,00","R$0,00","R$15.933.297,50","R$1.500.000,00","R$14.892.856,21",""
"2075","06/11/2020","2","3","5","7","8","9","11","12","13","14","17","19","23","24","25","7","GUANAMBI/BA; ITABUNA/BA; APARECIDA DE GOIANIA/GO; NOVO HAMBURGO/RS; BRAGANCA PAULISTA/SP; PRESIDENTE PRUDENTE/SP; SAO PAULO/SP","R$125.199,96","701","R$374,48","19460","R$25,00","192235","R$10,00","843414","R$5,00","R$0,00","R$19.942.962,50","R$1.500.000,00","R$15.104.888,42",""
"2076","07/11/2020","1","3","5","6","9","10","11","12","13","14","15","18","22","24","25","3","CANAL ELETRONICO; ALVORADA/RS; SANTA BARBARA D'OESTE/SP","R$357.104,84","196","R$1.637,24","7113","R$25,00","95742","R$10,00","521955","R$5,00","R$0,00","R$14.333.302,50","R$1.500.000,00","R$15.364.077,42",""
"2077","09/11/2020","3","4","5","7","8","10","11","12","13","14","15","16","21","24","25","3","CANAL ELETRONICO; POA/SP","R$550.697,66","211","R$1.641,74","7357","R$25,00","103194","R$10,00","657667","R$5,00","R$0,00","R$19.171.547,50","R$1.500.000,00","R$15.763.777,34",""
"2078","10/11/2020","1","2","3","4","6","12","13","15","17","18","19","21","22","24","25","0","","R$0,00","234","R$1.665,93","8498","R$25,00","104672","R$10,00","581585","R$5,00","R$1.301.428,31","R$16.530.052,50","R$3.500.000,00","R$16.078.639,04","ACUMULADO PARA O PRÓXIMO CONCURSO: R$ 1.301.428,31."
"2079","11/11/2020","1","2","3","6","9","12","14","15","17","18","19","22","23","24","25","0","","R$0,00","593","R$865,93","16625","R$25,00","194561","R$10,00","904945","R$5,00","R$5.063.754,38","R$24.996.467,50","R$7.500.000,00","R$16.493.389,97",""
"2080","12/11/2020","1","2","3","5","12","13","14","15","16","17","18","21","22","23","25","2","PRAINHA/PA; PALMAS/TO","R$4.258.044,26","426","R$1.463,24","14805","R$25,00","205088","R$10,00","1205720","R$5,00","R$0,00","R$35.292.905,00","R$1.500.000,00","R$17.212.626,25",""
"2081","13/11/2020","2","4","5","6","7","9","10","11","15","16","17","18","19","20","21","1","SORRISO/MT","R$1.801.360,52","298","R$1.810,66","9615","R$25,00","121239","R$10,00","659258","R$5,00","R$0,00","R$20.529.770,00","R$1.500.000,00","R$17.648.439,30",""
"2082","14/11/2020","1","4","5","6","7","8","9","10","13","15","16","17","19","20","25","0","","R$0,00","244","R$1.438,63","6662","R$25,00","87105","R$10,00","502337","R$5,00","R$1.171.889,86","R$14.416.360,00","R$4.000.000,00","R$17.931.961,05","ACUMULADO PARA O PRÓXIMO CONCURSO: R$ 1.171.889,86."
"2083","16/11/2020","4","5","7","9","10","11","12","14","16","19","20","21","22","23","24","3","CANAL ELETRONICO; CURITIBA/PR; BLUMENAU/SC","R$1.014.946,55","453","R$1.238,45","15204","R$25,00","176720","R$10,00","901831","R$5,00","R$0,00","R$25.310.282,50","R$1.500.000,00","R$18.385.094,07",""
"2084","17/11/2020","1","3","4","5","6","8","9","10","11","14","15","16","19","22","24","1","ERECHIM/RS","R$1.315.420,33","207","R$1.903,47","7762","R$25,00","95887","R$10,00","516881","R$5,00","R$0,00","R$15.613.027,50","R$1.500.000,00","R$18.703.340,93",""
"2085","18/11/2020","1","4","6","9","10","12","13","14","15","16","18","20","23","24","25","0","","R$0,00","255","R$1.564,60","9482","R$25,00","117473","R$10,00","624577","R$5,00","R$1.331.958,13","R$17.540.237,50","R$3.500.000,00","R$19.025.588,88","ACUMULADO PARA O PRÓXIMO CONCURSO: R$ 1.331.958,13."
"2086","19/11/2020","4","5","6","10","11","12","14","15","17","20","21","22","23","24","25","0","","R$0,00","239","R$1.499,53","9338","R$25,00","124709","R$10,00","742863","R$5,00","R$3.041.194,28","R$21.068.482,50","R$5.000.000,00","R$19.439.113,77","ACUMULADO PARA O PRÓXIMO CONCURSO: R$ 3.041.194,28"
"2087","20/11/2020","3","6","8","10","13","14","15","16","17","18","19","20","23","24","25","1","CALDAS NOVAS/GO","R$4.807.141,32","351","R$1.507,03","13590","R$25,00","168284","R$10,00","923038","R$5,00","R$0,00","R$24.698.460,00","R$1.500.000,00","R$19.866.359,03",""
"2088","21/11/2020","1","2","4","5","6","7","9","11","13","14","15","21","22","23","24","1","SANTA MARIA/RS","R$1.247.782,56","144","R$1.816,89","5564","R$25,00","86032","R$10,00","480618","R$5,00","R$0,00","R$14.481.165,00","R$1.500.000,00","R$20.168.241,91",""
"2089","23/11/2020","1","2","5","6","8","9","10","11","12","13","16","19","20","23","25","2","ANTA GORDA/RS; SAO PAULO/SP","R$673.394,78","404","R$998,55","11419","R$25,00","122724","R$10,00","673698","R$5,00","R$2.187.634,48","R$18.418.470,00","R$4.000.000,00","R$20.494.078,11",""
"2090","24/11/2020","1","6","8","9","10","12","14","15","16","18","19","20","22","24","25","1","SINOP/MT","R$4.127.997,33","470","R$1.064,87","15783","R$25,00","168608","R$10,00","806882","R$5,00","R$0,00","R$22.987.292,50","R$1.500.000,00","R$20.898.320,38",""
"2091","25/11/2020","2","3","4","5","6","7","8","9","10","11","16","17","19","20","24","0","","R$0,00","174","R$1.951,35","8430","R$25,00","92468","R$10,00","542961","R$5,00","R$1.619.322,42","R$17.488.795,00","R$3.500.000,00","R$21.290.091,93","ACUMULADO PARA O PRÓXIMO CONCURSO R$ 1.619.322,42."
"2092","26/11/2020","1","2","3","5","7","9","11","13","15","17","18","19","20","22","25","4","PAPAGAIOS/MG; MACAE/RJ; PORTO ALEGRE/RS; SANTO ANTONIO DA PATRULHA/RS","R$683.726,57","749","R$446,14","21396","R$25,00","196339","R$10,00","821513","R$5,00","R$0,00","R$21.167.992,50","R$1.500.000,00","R$21.559.991,27",""
"2093","27/11/2020","1","2","3","4","6","8","9","12","14","15","19","20","21","24","25","1","SALVADOR/BA","R$1.514.086,98","296","R$1.532,19","10003","R$25,00","119606","R$10,00","637419","R$5,00","R$0,00","R$18.735.662,50","R$1.500.000,00","R$21.926.302,65",""
"2094","28/11/2020","2","4","5","6","8","9","10","11","12","14","18","19","23","24","25","4","RUSSAS/CE; GOIANIA/GO; PARANAGUA/PR; LIMEIRA/SP","R$240.535,54","289","R$997,22","9472","R$25,00","106802","R$10,00","542824","R$5,00","R$0,00","R$14.384.907,50","R$1.500.000,00","R$22.159.078,99",""
"2095","30/11/2020","1","2","4","6","8","11","12","14","15","17","18","19","20","22","23","1","RIO DO SUL/SC","R$1.655.179,90","221","R$1.570,38","7926","R$25,00","100938","R$10,00","573201","R$5,00","R$0,00","R$18.194.495,00","R$1.500.000,00","R$22.559.525,76",""
"2096","01/12/2020","2","3","7","8","9","10","11","13","14","15","18","19","20","21","25","0","","R$0,00","210","R$1.753,12","8018","R$25,00","103731","R$10,00","613301","R$5,00","R$1.229.072,51","R$16.461.890,00","R$3.500.000,00","R$22.856.882,01","Acumulado próximo concurso R$ 1.229.072,51"
"2097","02/12/2020","2","3","6","7","8","10","12","14","15","16","18","19","21","23","24","2","PARNAMIRIM/RN; SAO PAULO/SP","R$1.635.264,31","671","R$911,32","13982","R$25,00","151605","R$10,00","786133","R$5,00","R$0,00","R$24.221.640,00","R$1.500.000,00","R$23.350.782,69",""
"2098","03/12/2020","4","7","8","9","10","12","13","15","16","17","18","19","20","22","25","0","","R$0,00","184","R$1.409,18","7473","R$25,00","107710","R$10,00","570846","R$5,00","R$1.236.609,27","R$16.072.630,00","R$3.500.000,00","R$23.649.962,35","ACUMULADO PARA O PRÓXIMO CONCURSO: R$ 1.236.609,27."
"2099","04/12/2020","1","2","5","7","8","9","11","12","14","15","17","18","20","24","25","2","VITORIA/ES; MARIAPOLIS/SP","R$1.639.052,03","577","R$1.059,80","16825","R$25,00","186363","R$10,00","954961","R$5,00","R$2.163.701,27","R$27.134.867,50","R$3.700.000,00","R$24.143.872,40",""
"2100","05/12/2020","1","3","5","6","7","10","11","14","17","18","19","20","21","23","25","1","OSASCO/SP","R$3.734.376,30","441","R$918,67","14009","R$25,00","156958","R$10,00","756349","R$5,00","R$0,00","R$20.341.335,00","R$1.500.000,00","R$24.471.096,37",""
"2101","07/12/2020","1","2","3","8","10","11","14","17","18","19","20","21","23","24","25","0","","R$0,00","324","R$1.191,21","12397","R$25,00","153372","R$10,00","728732","R$5,00","R$1.288.496,19","R$19.506.782,50","R$3.500.000,00","R$24.782.829,33","ACUMULADO PARA O PRÓXIMO CONCURSO R$ 1.288.496,19"
"2102","08/12/2020","2","3","4","5","8","9","10","11","12","13","15","16","20","22","25","2","VICOSA/MG; HORIZONTINA/RS","R$1.319.112,59","345","R$1.171,87","12112","R$25,00","152759","R$10,00","811800","R$5,00","R$0,00","R$20.759.780,00","R$1.500.000,00","R$25.109.376,67",""
"2103","09/12/2020","1","2","5","7","10","11","12","13","15","16","18","19","20","21","25","1","RONDONOPOLIS/MT","R$1.268.032,83","290","R$1.309,74","11717","R$25,00","141269","R$10,00","712582","R$5,00","R$0,00","R$18.893.332,50","R$1.500.000,00","R$25.416.158,81",""
"2104","10/12/2020","2","4","5","6","8","9","10","11","12","14","17","18","20","21","23","7","MANAUS/AM; BRASILIA/DF; CARIACICA/ES; JATAI/GO; SAO LUIS/MA; PORTO ALEGRE/RS","R$167.619,53","505","R$695,96","12651","R$25,00","120768","R$10,00","586911","R$5,00","R$0,00","R$16.521.455,00","R$1.500.000,00","R$25.700.030,60",""
"2105","11/12/2020","3","7","8","9","10","13","14","16","17","18","19","20","21","22","25","3","SETE LAGOAS/MG; SAO PAULO/SP","R$557.825,03","235","R$1.493,15","7907","R$25,00","116789","R$10,00","651429","R$5,00","R$0,00","R$19.558.577,50","R$1.500.000,00","R$26.104.903,61",""
"2106","12/12/2020","2","4","6","7","8","9","11","12","13","14","15","16","17","21","24","1","CANAL ELETRONICO","R$1.374.310,91","134","R$2.150,46","5635","R$25,00","81057","R$10,00","479137","R$5,00","R$0,00","R$15.025.940,00","R$1.500.000,00","R$26.437.398,19",""
"2107","14/12/2020","1","2","3","5","7","8","9","12","13","16","18","20","22","24","25","4","PALHANO/CE; JUIZ DE FORA/MG; UNIAO DA VITORIA/PR; GUARULHOS/SP","R$302.613,74","513","R$706,78","13247","R$25,00","138420","R$10,00","673464","R$5,00","R$0,00","R$18.158.620,00","R$1.500.000,00","R$26.730.250,22",""
"2108","15/12/2020","1","3","4","5","6","7","9","13","16","17","18","19","21","24","25","0","","R$0,00","167","R$1.661,13","7001","R$25,00","97237","R$10,00","539366","R$5,00","R$1.323.023,98","R$15.900.040,00","R$3.500.000,00","R$27.050.336,67","ACUMULADO PARA O PRÓXIMO CONCURSO: R$ 1.323.023,98."
"2109","16/12/2020","2","4","5","8","9","10","11","12","13","14","16","17","21","22","23","4","INDAIAL/SC; PORTO UNIAO/SC; ITU/SP; SAO PAULO/SP","R$810.518,54","343","R$1.675,89","11484","R$25,00","140922","R$10,00","776650","R$5,00","R$2.029.017,69","R$23.071.152,50","R$3.800.000,00","R$27.514.623,01",""
"2110","17/12/2020","2","6","8","10","11","13","14","15","16","17","18","21","22","24","25","0","","R$0,00","209","R$1.759,64","9744","R$25,00","125855","R$10,00","707818","R$5,00","R$4.065.861,97","R$20.951.782,50","R$7.000.000,00","R$27.938.965,57","ACUMULADO PARA O PRÓXIMO CONCURSO R$ 4.065.861,97"
"2111","18/12/2020","1","3","4","5","9","11","12","13","14","16","19","20","21","23","24","3","LONDRINA/PR; HORTOLANDIA/SP; SAO PAULO/SP","R$2.114.335,40","567","R$1.202,98","20998","R$25,00","229369","R$10,00","1176802","R$5,00","R$0,00","R$32.178.837,50","R$1.500.000,00","R$28.489.887,56",""
"2112","19/12/2020","2","3","4","7","8","9","10","11","12","15","16","18","22","24","25","0","","R$0,00","223","R$1.395,51","8365","R$25,00","101664","R$10,00","526954","R$5,00","R$1.038.929,57","R$14.427.640,00","R$3.200.000,00","R$28.741.241,50","ACUMULADO PRÓXIMO CONCURSO: R$ 1.038.929,57"
"2113","21/12/2020","1","2","4","7","8","9","10","11","13","16","17","20","22","24","25","5","CANAL ELETRONICO; ANAPOLIS/GO; CAMBORIU/SC; SAO PAULO/SP","R$546.238,35","529","R$958,22","15584","R$25,00","168800","R$10,00","855835","R$5,00","R$0,00","R$23.658.585,00","R$1.500.000,00","R$29.150.659,78",""
"2114","22/12/2020","2","5","7","8","9","10","11","15","16","17","18","19","20","21","24","0","","R$0,00","175","R$1.655,89","7262","R$25,00","96486","R$10,00","567178","R$5,00","R$1.382.030,55","R$16.532.185,00","R$3.500.000,00","R$29.485.022,03","ACUMULADO PRÓXIMO CONCURSO: R$ 1.382.030,55"
"2115","23/12/2020","3","5","7","9","10","12","13","16","17","18","20","21","22","24","25","1","JUIZ DE FORA/MG","R$2.873.395,00","669","R$667,74","19168","R$25,00","203351","R$10,00","938491","R$5,00","R$0,00","R$24.547.840,00","R$800.000,00","R$29.845.836,02",""
"2116","24/12/2020","2","3","4","6","7","8","9","10","12","13","14","18","21","24","25","2","FORTALEZA/CE; TERESINA/PI","R$429.423,34","132","R$1.364,25","5773","R$25,00","74539","R$10,00","436106","R$5,00","R$0,00","R$11.647.415,00","R$1.200.000,00","R$30.053.621,51",""
"2117","26/12/2020","1","2","4","5","7","9","14","15","16","17","19","20","21","22","24","1","CANAL ELETRONICO","R$1.140.275,97","180","R$1.897,54","6377","R$25,00","80967","R$10,00","427907","R$5,00","R$0,00","R$13.231.820,00","R$1.500.000,00","R$30.329.494,74",""
"2118","28/12/2020","3","6","8","9","10","11","12","14","16","17","18","19","20","22","25","3","JURUAIA/MG; ITAOCARA/RJ; SAO JOSE DOS CAMPOS/SP","R$540.313,50","294","R$1.651,48","9451","R$25,00","132554","R$10,00","679753","R$5,00","R$0,00","R$20.058.745,00","R$1.500.000,00","R$30.721.657,78",""
"2119","29/12/2020","1","5","6","7","8","10","12","13","14","18","20","21","22","23","24","0","","R$0,00","198","R$1.570,62","8336","R$25,00","103593","R$10,00","582547","R$5,00","R$3.577.498,89","R$17.472.820,00","R$7.000.000,00","R$31.080.485,04",""
"2120","30/12/2020","2","4","5","8","9","12","13","14","17","18","20","21","22","23","25","2","BALNEARIO CAMBORIU/SC; SANTOS/SP","R$2.862.955,39","647","R$856,49","19489","R$25,00","216372","R$10,00","1062424","R$5,00","R$0,00","R$28.202.507,50","R$800.000,00","R$31.528.070,85",""
"2121","31/12/2020","1","2","4","5","7","8","9","14","17","18","19","20","22","23","25","0","","R$0,00","131","R$1.532,17","6816","R$25,00","91602","R$10,00","471340","R$5,00","R$957.254,20","R$13.030.622,50","R$2.500.000,00","R$31.759.664,62","ACUMULADO PRÓXIMO CONCURSO: R$ 957.254,20"
"2122","02/01/2021","1","3","4","5","9","10","11","14","15","18","20","21","22","23","25","1","VARZEA GRANDE/MT","R$1.741.071,92","153","R$1.534,53","5813","R$25,00","73627","R$10,00","402620","R$5,00","R$0,00","R$10.843.660,00","R$1.500.000,00","R$31.949.297,95",""
"2123","04/01/2021","1","5","6","8","9","10","14","17","18","19","20","21","23","24","25","0","","R$0,00","304","R$1.502,05","11056","R$25,00","131679","R$10,00","706259","R$5,00","R$1.524.426,73","R$19.923.850,00","R$3.700.000,00","R$32.318.110,88","ACUMULADO PARA O PRÓXIMO CONCURSO: R$ 1.524.426,73"
"2124","05/01/2021","1","3","5","6","7","8","9","10","11","13","16","22","23","24","25","3","BELO HORIZONTE/MG; IPATINGA/MG","R$1.175.091,60","210","R$1.997,78","9802","R$25,00","138734","R$10,00","832632","R$5,00","R$0,00","R$24.004.150,00","R$1.500.000,00","R$32.802.187,03",""
"2125","06/01/2021","1","8","10","11","12","13","15","16","17","19","20","21","23","24","25","1","ALFREDO MARCONDES/SP","R$1.389.553,45","227","R$1.833,59","9284","R$25,00","135312","R$10,00","684738","R$5,00","R$0,00","R$18.940.360,00","R$1.500.000,00","R$33.138.369,33",""
"2126","07/01/2021","1","3","4","5","7","8","9","10","12","15","17","21","22","24","25","2","CANAL ELETRONICO; BRASILIA/DF","R$658.356,21","199","R$1.387,36","8169","R$25,00","113117","R$10,00","618612","R$5,00","R$0,00","R$17.214.197,50","R$1.500.000,00","R$33.456.928,80",""
"2127","08/01/2021","2","3","4","5","6","10","11","13","14","15","16","18","20","23","24","2","CANAL ELETRONICO; PASSO FUNDO/RS","R$658.057,62","375","R$1.051,27","14586","R$25,00","150609","R$10,00","757645","R$5,00","R$0,00","R$20.049.570,00","R$1.500.000,00","R$33.775.343,80",""
"2128","09/01/2021","2","3","4","6","7","9","10","11","14","16","17","18","22","23","25","2","BARRA MANSA/RJ; ITAJAI/SC","R$663.052,56","237","R$1.676,03","7570","R$25,00","87427","R$10,00","483755","R$5,00","R$0,00","R$15.081.515,00","R$1.500.000,00","R$34.096.175,69",""
"2129","11/01/2021","1","3","4","6","7","8","10","11","14","15","19","20","21","22","24","1","ASSIS CHATEAUBRIAND/PR","R$1.742.255,72","321","R$1.625,77","9057","R$25,00","107429","R$10,00","597339","R$5,00","R$1.993.078,80","R$19.150.690,00","R$4.000.000,00","R$34.517.689,18",""
"2130","12/01/2021","3","4","6","7","9","10","11","12","13","14","15","16","18","20","23","1","BELO HORIZONTE/MG","R$4.352.218,76","320","R$1.901,58","12834","R$25,00","171546","R$10,00","906657","R$5,00","R$0,00","R$25.952.545,00","R$1.500.000,00","R$35.009.176,68",""
"2131","13/01/2021","1","2","3","7","8","9","10","11","13","14","16","17","19","23","25","0","","R$0,00","325","R$1.200,71","12011","R$25,00","139006","R$10,00","718333","R$5,00","R$1.302.771,44","R$19.109.060,00","R$3.700.000,00","R$35.324.363,32","VALOR ACUMULADO PARA O PRÓXIMO CONCURSO: R$ 1.302.771,44"
"2132","14/01/2021","1","3","6","9","10","11","12","15","17","19","20","21","22","23","24","2","PRESIDENTE DUTRA/MA; SAO JOSE/SC","R$1.641.427,28","390","R$1.520,80","12516","R$25,00","153585","R$10,00","846869","R$5,00","R$0,00","R$24.557.090,00","R$1.500.000,00","R$35.803.415,70",""
"2133","15/01/2021","2","4","6","7","8","9","10","11","14","15","17","18","19","21","23","0","","R$0,00","281","R$1.773,93","9898","R$25,00","122281","R$10,00","670252","R$5,00","R$1.664.143,67","R$19.967.595,00","R$4.000.000,00","R$36.206.031,12","VALOR ACUMULADO PARA O PRÓXIMO CONCURSO: R$ 1.664.143,67"
"2134","16/01/2021","1","3","4","6","8","10","12","14","17","18","19","20","21","22","25","5","RIO DE JANEIRO/RJ; GUARUJA/SP; GUARULHOS/SP; PALMAS/TO","R$670.540,12","439","R$1.152,13","12760","R$25,00","141268","R$10,00","724189","R$5,00","R$0,00","R$21.322.512,50","R$1.500.000,00","R$36.614.552,97",""
"2135","18/01/2021","1","2","3","4","5","6","8","13","15","16","18","19","21","23","25","2","RIO DE JANEIRO/RJ; FLORIANOPOLIS/SC","R$755.985,02","495","R$914,93","12670","R$25,00","151289","R$10,00","685274","R$5,00","R$0,00","R$20.161.042,50","R$1.500.000,00","R$36.980.352,18",""
"2136","19/01/2021","2","3","4","6","7","9","10","13","14","16","18","19","20","24","25","0","","R$0,00","283","R$1.305,54","9188","R$25,00","115387","R$10,00","610780","R$5,00","R$1.233.462,65","R$16.792.502,50","R$3.500.000,00","R$37.278.770,57","ACUMULADO PARA O PRÓXIMO CONCURSO R$ 1.233.462,65"
"2137","20/01/2021","2","6","7","9","11","12","13","14","16","17","18","19","20","21","23","1","PINHAIS/PR","R$3.341.828,36","273","R$1.619,33","10241","R$25,00","143386","R$10,00","797082","R$5,00","R$0,00","R$24.298.225,00","R$1.500.000,00","R$37.788.859,06",""
"2138","21/01/2021","2","3","5","6","7","8","9","12","13","16","18","19","21","22","24","1","CANAL ELETRONICO","R$1.281.983,38","367","R$1.046,33","10239","R$25,00","108887","R$10,00","558972","R$5,00","R$0,00","R$16.363.515,00","R$1.500.000,00","R$38.099.016,34",""
"2139","22/01/2021","1","2","3","7","8","12","13","14","16","17","18","19","22","23","25","3","BRASILIA/DF; SAO JOSE DO RIO PRETO/SP; SAO PAULO/SP","R$459.613,18","545","R$757,82","12963","R$25,00","147281","R$10,00","666146","R$5,00","R$2.282.286,51","R$19.157.242,50","R$4.000.000,00","R$38.432.606,56",""
"2140","23/01/2021","1","3","5","6","7","8","9","11","15","17","20","21","22","23","24","0","","R$0,00","243","R$1.439,51","10565","R$25,00","143079","R$10,00","747678","R$5,00","R$4.219.649,01","R$21.400.872,50","R$7.000.000,00","R$38.836.223,76","ACUMULADO PRÓXIMO CONCURSO: R$ 4.219.649,01."
"2141","25/01/2021","1","2","3","4","5","7","8","9","10","14","18","22","23","24","25","4","SAO GABRIEL DA CACHOEIRA/AM; BELEM/PA; JOAO PESSOA/PB","R$1.718.918,12","479","R$1.660,92","20101","R$25,00","217408","R$10,00","1248198","R$5,00","R$0,00","R$34.688.500,00","R$1.500.000,00","R$39.478.810,10",""
"2142","26/01/2021","2","4","6","7","9","11","12","14","16","17","20","22","23","24","25","2","CURITIBA/PR; PORTO ALEGRE/RS","R$653.504,61","367","R$1.066,75","10553","R$25,00","109324","R$10,00","532242","R$5,00","R$0,00","R$16.216.417,50","R$1.500.000,00","R$39.795.022,02",""
"2143","27/01/2021","1","2","3","6","9","10","11","14","17","18","19","20","21","23","25","0","","R$0,00","400","R$938,28","12785","R$25,00","123231","R$10,00","653120","R$5,00","R$1.252.976,26","R$17.772.957,50","R$3.500.000,00","R$40.098.161,45","ACUMULADO PARA O PRÓXIMO CONCURSO R$ 1.252.976,26."
"2144","28/01/2021","1","2","5","6","8","9","11","12","13","14","15","17","19","20","25","1","MIRASSOL/SP","R$3.071.714,37","276","R$1.381,70","9710","R$25,00","129530","R$10,00","751511","R$5,00","R$0,00","R$21.882.920,00","R$1.500.000,00","R$40.538.178,75",""
"2145","29/01/2021","2","5","6","7","8","10","12","13","14","15","17","20","23","24","25","1","BRASILIA/DF","R$1.351.143,28","251","R$1.612,43","10304","R$25,00","130805","R$10,00","706902","R$5,00","R$0,00","R$18.946.697,50","R$1.500.000,00","R$40.865.068,26",""
"2146","30/01/2021","1","2","4","6","8","9","11","13","16","17","18","19","20","21","22","4","MANAUS/AM; CANOAS/RS; PORTO DA FOLHA/SE; BOTUCATU/SP","R$343.084,01","170","R$1.692,63","6718","R$25,00","81111","R$10,00","469334","R$5,00","R$0,00","R$14.966.077,50","R$1.500.000,00","R$41.197.085,06",""
"2147","01/02/2021","1","3","5","6","7","8","9","12","14","15","16","19","20","22","25","1","DUQUE DE CAXIAS/RJ","R$1.603.464,29","349","R$1.376,21","11010","R$25,00","125178","R$10,00","657509","R$5,00","R$0,00","R$19.629.050,00","R$1.500.000,00","R$41.585.019,98",""
"2148","02/02/2021","1","3","4","7","8","11","14","15","16","18","20","22","23","24","25","0","","R$0,00","284","R$1.380,48","9294","R$25,00","109286","R$10,00","570383","R$5,00","R$1.308.865,50","R$16.592.720,00","R$3.500.000,00","R$41.901.680,99","ACUMULADO PARA O PRÓXIMO CONCURSO R$ 1.308.865,50"
"2149","03/02/2021","1","2","4","8","9","10","12","13","14","15","16","17","18","20","23","2","SALVADOR/BA; SANTA MARIA DE JETIBA/ES","R$1.679.845,72","297","R$1.447,85","11135","R$25,00","151900","R$10,00","864679","R$5,00","R$2.374.416,44","R$25.020.012,50","R$4.000.000,00","R$42.397.848,57",""
"2150","04/02/2021","1","2","3","5","7","8","9","11","12","14","15","16","21","23","25","1","CANAL ELETRONICO","R$4.709.815,72","355","R$1.696,85","13998","R$25,00","170789","R$10,00","944186","R$5,00","R$0,00","R$26.326.410,00","R$1.500.000,00","R$42.884.390,09",""
"2151","05/02/2021","1","3","6","7","8","9","11","12","13","14","15","18","21","22","24","1","PICOS/PI","R$1.837.096,27","180","R$2.139,99","7358","R$25,00","109252","R$10,00","684383","R$5,00","R$0,00","R$20.602.827,50","R$1.500.000,00","R$43.328.848,88",""
"2152","06/02/2021","2","3","4","6","10","11","12","13","15","16","17","18","20","23","25","1","SAO PAULO/SP","R$1.194.465,72","187","R$1.339,32","8004","R$25,00","107594","R$10,00","582021","R$5,00","R$0,00","R$16.005.467,50","R$1.500.000,00","R$43.617.832,53",""
"2153","08/02/2021","1","2","4","7","8","9","10","11","13","14","15","17","18","20","21","1","ORIXIMINA/PA","R$1.438.395,33","339","R$1.270,96","12050","R$25,00","142525","R$10,00","741117","R$5,00","R$0,00","R$20.176.147,50","R$1.500.000,00","R$43.965.831,40",""
"2154","09/02/2021","3","4","5","7","8","10","11","12","16","18","19","20","21","23","24","2","CANAL ELETRONICO; SAO PAULO/SP","R$741.317,57","296","R$1.500,36","9517","R$25,00","109908","R$10,00","601670","R$5,00","R$0,00","R$17.904.417,50","R$1.500.000,00","R$44.324.533,47",""
"2155","10/02/2021","1","2","3","4","6","9","13","14","15","17","18","19","20","21","22","2","POCOS DE CALDAS/MG; SAO GONCALO/RJ","R$834.507,34","238","R$1.470,40","9595","R$25,00","112715","R$10,00","624878","R$5,00","R$0,00","R$19.231.997,50","R$1.500.000,00","R$44.728.327,35",""
"2156","11/02/2021","4","5","6","7","8","10","12","13","14","17","18","19","20","21","23","2","BRASILIA/DF; SAO PAULO/SP","R$633.962,65","282","R$1.346,78","9578","R$25,00","111402","R$10,00","592347","R$5,00","R$0,00","R$16.693.637,50","R$1.500.000,00","R$45.035.083,48",""
"2157","12/02/2021","2","4","5","6","12","13","14","16","17","18","19","21","22","24","25","1","CANAL ELETRONICO","R$1.816.562,69","192","R$1.983,81","8100","R$25,00","112419","R$10,00","653546","R$5,00","R$0,00","R$20.253.860,00","R$1.500.000,00","R$45.474.574,45",""
"2158","13/02/2021","3","5","7","8","9","12","14","17","18","19","20","21","23","24","25","1","MERUOCA/CE","R$836.537,02","359","R$697,98","12507","R$25,00","131440","R$10,00","636396","R$5,00","R$0,00","R$15.539.930,00","R$1.500.000,00","R$45.676.962,45",""
"2159","17/02/2021","1","2","4","5","7","12","13","14","16","18","20","21","22","24","25","0","","R$0,00","402","R$1.463,11","13137","R$25,00","167972","R$10,00","855159","R$5,00","R$4.142.012,19","R$24.932.732,50","R$7.000.000,00","R$46.152.024,41","ACUMULADO PRÓXIMO CONCURSO: R$ 4.142.012,19"
"2160","18/02/2021","2","4","5","6","8","11","12","14","15","16","18","19","21","24","25","6","CANAL ELETRONICO; UNAI/MG; ARAPONGAS/PR; ARAGUAINA/TO; PALMAS/TO","R$1.190.843,37","808","R$958,65","20992","R$25,00","222315","R$10,00","1059739","R$5,00","R$0,00","R$32.306.975,00","R$1.500.000,00","R$46.777.659,43",""
"2161","19/02/2021","1","2","3","5","6","7","9","13","14","15","18","19","22","24","25","1","SAO JERONIMO DA SERRA/PR","R$1.333.409,21","361","R$1.106,39","11445","R$25,00","136557","R$10,00","692969","R$5,00","R$0,00","R$18.890.222,50","R$1.500.000,00","R$47.100.258,45",""
"2162","20/02/2021","1","2","3","5","6","8","10","12","14","15","16","17","19","21","22","2","CAMPINA GRANDE/PB; SAO PAULO/SP","R$648.675,22","257","R$1.512,09","8142","R$25,00","89750","R$10,00","469973","R$5,00","R$0,00","R$14.856.290,00","R$1.500.000,00","R$47.414.133,55",""
"2163","22/02/2021","1","2","4","6","10","11","12","13","16","18","19","20","21","23","25","4","BRASILIA/DF; IBIRITE/MG; SERRANOPOLIS DO IGUACU/PR","R$327.090,35","357","R$1.097,77","11151","R$25,00","128438","R$10,00","639925","R$5,00","R$0,00","R$17.941.032,50","R$1.500.000,00","R$47.730.672,62",""
"2164","23/02/2021","2","3","8","10","11","13","14","15","16","17","19","20","21","24","25","2","MANAUS/AM; BELO HORIZONTE/MG","R$622.086,40","182","R$1.433,38","7250","R$25,00","95388","R$10,00","527793","R$5,00","R$0,00","R$15.319.152,50","R$1.500.000,00","R$48.031.682,17",""
"2165","24/02/2021","1","3","5","6","8","13","14","15","16","17","18","20","21","22","23","2","GOIANIA/GO; GOIOERE/PR","R$634.950,72","237","R$1.605,00","8710","R$25,00","121209","R$10,00","569693","R$5,00","R$0,00","R$16.619.020,00","R$1.500.000,00","R$48.338.916,40",""
"2166","25/02/2021","2","3","4","6","9","10","11","12","13","14","15","18","20","21","24","2","CANAL ELETRONICO; BARUERI/SP","R$565.171,46","203","R$1.667,89","6944","R$25,00","92764","R$10,00","531242","R$5,00","R$0,00","R$14.675.725,00","R$1.500.000,00","R$48.612.386,47",""
"2167","26/02/2021","2","3","4","6","7","9","11","12","14","16","17","18","19","20","23","1","TURVO/SC","R$1.414.258,84","273","R$1.551,74","10249","R$25,00","108640","R$10,00","592743","R$5,00","R$0,00","R$17.450.982,50","R$1.500.000,00","R$48.954.545,88",""
"2168","27/02/2021","1","3","4","6","8","10","11","12","13","14","16","17","21","23","25","1","GOIANIA/GO","R$1.008.649,20","301","R$1.003,75","8679","R$25,00","90721","R$10,00","468221","R$5,00","R$0,00","R$13.354.940,00","R$1.500.000,00","R$49.198.573,92",""
"2169","01/03/2021","1","2","4","5","8","10","11","12","13","16","20","22","23","24","25","2","CANAL ELETRONICO; ILHEUS/BA","R$608.874,78","223","R$1.635,71","9788","R$25,00","123153","R$10,00","625369","R$5,00","R$1.810.354,13","R$17.091.002,50","R$3.500.000,00","R$49.493.190,77",""
"2170","02/03/2021","1","6","7","9","10","11","13","17","18","19","21","22","23","24","25","0","","R$0,00","252","R$1.564,85","10400","R$25,00","138905","R$10,00","775131","R$5,00","R$3.994.404,30","R$22.740.802,50","R$7.000.000,00","R$49.948.201,22","ACUMULADO PRÓXIMO CONCURSO: R$ 3.994.404,30"
"2171","03/03/2021","1","4","9","10","11","13","15","17","18","19","21","22","23","24","25","7","CANAL ELETRONICO; TEIXEIRA DE FREITAS/BA; BRASILIA/DF; CUIABA/MT; VARZEA GRANDE/MT; PEDERNEIRAS/SP","R$899.910,20","667","R$1.035,12","28682","R$25,00","248860","R$10,00","1236378","R$5,00","R$0,00","R$33.906.630,00","R$1.500.000,00","R$50.505.854,56",""
"2172","04/03/2021","6","8","9","10","11","13","14","15","16","17","19","20","22","23","25","3","VICOSA/MG; RIO DE JANEIRO/RJ; ENCANTADO/RS","R$461.149,68","211","R$1.374,78","7363","R$25,00","101934","R$10,00","552588","R$5,00","R$0,00","R$16.502.942,50","R$1.500.000,00","R$50.840.559,98",""
"2173","05/03/2021","1","2","3","9","11","12","13","15","16","18","19","20","21","22","25","0","","R$0,00","178","R$1.948,29","8217","R$25,00","117819","R$10,00","676509","R$5,00","R$1.653.943,67","R$19.785.675,00","R$3.500.000,00","R$51.240.707,65","Acumulado próximo concurso R$ 1.653.943,67"
"2174","06/03/2021","1","2","3","5","6","7","8","11","13","14","15","16","21","24","25","1","COXIM/MS","R$3.227.458,28","198","R$1.666,32","7555","R$25,00","102685","R$10,00","644857","R$5,00","R$0,00","R$18.605.812,50","R$1.500.000,00","R$51.621.396,67",""
"2175","08/03/2021","1","3","5","7","10","11","12","13","14","15","16","17","19","22","23","1","APUCARANA/PR","R$1.371.785,96","245","R$1.677,15","10081","R$25,00","123996","R$10,00","653000","R$5,00","R$0,00","R$18.264.780,00","R$1.500.000,00","R$51.953.280,38",""
"2176","09/03/2021","1","2","4","5","7","8","9","11","12","13","16","18","20","21","22","1","VARZEA GRANDE/MT","R$1.288.876,05","270","R$1.429,88","8417","R$25,00","102705","R$10,00","542488","R$5,00","R$0,00","R$15.962.342,50","R$1.500.000,00","R$52.265.105,23",""
"2177","10/03/2021","1","3","4","7","8","10","12","14","15","16","17","19","20","22","24","11","BARREIRAS/BA; MARACANAU/CE; NEROPOLIS/GO; BELO HORIZONTE/MG; GOVERNADOR VALADARES/MG; PONTA GROSSA/PR; CANGUARETAMA/RN; CACADOR/SC; CAJAMAR/SP; PONTAL/SP; ALMAS/TO","R$123.599,41","578","R$704,58","12656","R$25,00","122313","R$10,00","601828","R$5,00","R$0,00","R$17.719.432,50","R$1.500.000,00","R$52.594.039,17",""
"2178","11/03/2021","2","5","8","9","11","13","14","15","17","18","19","20","22","23","24","2","BRASILIA/DF; CRISTALINA/GO","R$517.069,54","284","R$1.090,72","9501","R$25,00","110961","R$10,00","584398","R$5,00","R$0,00","R$15.344.715,00","R$1.500.000,00","R$52.844.234,12",""
"2179","12/03/2021","3","6","7","8","9","10","13","14","15","16","18","19","20","21","25","1","MONGAGUA/SP","R$1.421.779,10","253","R$1.683,31","9121","R$25,00","112953","R$10,00","644411","R$5,00","R$2.160.007,74","R$18.121.335,00","R$4.000.000,00","R$53.188.212,94",""
"2180","13/03/2021","1","3","6","7","8","9","10","11","13","14","16","18","20","21","24","2","MONTES CLAROS/MG; SANTA BARBARA D'OESTE/SP","R$1.901.030,07","362","R$1.170,01","11527","R$25,00","142787","R$10,00","693743","R$5,00","R$0,00","R$19.475.895,00","R$1.500.000,00","R$53.530.307,20",""
"2181","15/03/2021","1","2","3","5","6","9","11","13","14","15","17","18","22","23","25","2","PATOS DE MINAS/MG; SAO JOAO DEL REI/MG","R$591.778,64","345","R$1.027,59","10863","R$25,00","130702","R$10,00","658283","R$5,00","R$0,00","R$17.525.030,00","R$1.500.000,00","R$53.816.651,70",""
"2182","16/03/2021","2","3","8","9","10","12","13","14","16","17","19","20","22","23","25","2","CANAL ELETRONICO; FORTALEZA/CE","R$507.622,62","330","R$921,53","10000","R$25,00","111961","R$10,00","561326","R$5,00","R$0,00","R$15.030.022,50","R$1.500.000,00","R$54.062.275,57",""
"2183","17/03/2021","1","2","4","6","9","11","14","15","16","18","19","20","21","22","25","1","MANHUACU/MG","R$1.428.095,65","257","R$1.664,47","8352","R$25,00","99469","R$10,00","518979","R$5,00","R$0,00","R$16.352.775,00","R$1.500.000,00","R$54.407.782,59",""
"2184","18/03/2021","5","7","9","10","11","12","14","15","17","19","20","21","22","24","25","3","BRASILIA/DF; RIO DE JANEIRO/RJ; PORTO ALEGRE/RS","R$301.819,54","349","R$777,13","11221","R$25,00","105156","R$10,00","522673","R$5,00","R$0,00","R$13.914.095,00","R$1.500.000,00","R$54.626.845,17",""
"2185","19/03/2021","1","3","5","8","9","12","13","14","16","17","18","19","20","21","25","3","CANAL ELETRONICO; DOURADOS/MS; AURIFLAMA/SP","R$395.475,24","224","R$1.586,52","9552","R$25,00","115753","R$10,00","626203","R$5,00","R$0,00","R$16.749.815,00","R$1.500.000,00","R$54.913.883,65",""
"2186","20/03/2021","4","6","7","9","12","13","15","16","17","18","19","22","23","24","25","0","","R$0,00","174","R$1.860,95","7148","R$25,00","87422","R$10,00","476354","R$5,00","R$1.081.012,77","R$13.668.980,00","R$3.000.000,00","R$55.175.419,01","Acumulado próximo concurso R$ 1.081.012,77"
"2187","22/03/2021","3","4","6","7","8","9","10","11","13","15","16","17","21","22","24","2","SANTA MARIA DE JETIBA/ES; GOIANIA/GO","R$1.590.345,77","260","R$1.693,29","9994","R$25,00","129904","R$10,00","748692","R$5,00","R$0,00","R$23.368.672,50","R$1.500.000,00","R$55.683.405,82",""
"2188","23/03/2021","1","3","6","8","10","11","14","15","16","17","19","20","23","24","25","1","MAIRINQUE/SP","R$1.051.059,51","238","R$1.322,82","8451","R$25,00","99987","R$10,00","522125","R$5,00","R$0,00","R$14.402.690,00","R$1.500.000,00","R$55.937.694,42",""
"2189","24/03/2021","1","3","4","5","6","8","10","11","13","14","17","18","19","22","24","2","BOA VISTA/RR; TIETE/SP","R$562.642,90","961","R$350,74","11251","R$25,00","114691","R$10,00","546932","R$5,00","R$1.786.422,46","R$15.584.012,50","R$4.000.000,00","R$56.209.940,99",""
"2190","25/03/2021","1","2","3","4","5","8","9","11","12","13","14","16","17","23","24","2","CURITIBA/PR; BLUMENAU/SC","R$1.967.138,86","285","R$1.360,73","9755","R$25,00","122941","R$10,00","712692","R$5,00","R$0,00","R$21.449.510,00","R$1.500.000,00","R$56.657.410,84",""
"2191","26/03/2021","3","4","5","6","10","11","13","14","15","17","18","19","20","21","23","0","","R$0,00","338","R$964,99","8095","R$25,00","107031","R$10,00","604576","R$5,00","R$1.088.905,05","R$15.696.800,00","R$3.300.000,00","R$56.920.855,62","Acumulado para o próximo concurso R$1.088.905,05"
"2192","27/03/2021","2","3","4","5","6","7","11","12","14","17","19","21","22","23","25","0","","R$0,00","207","R$1.379,18","8567","R$25,00","105233","R$10,00","563067","R$5,00","R$2.450.474,18","R$16.653.047,50","R$4.900.000,00","R$57.250.267,52","ACUMULADO PARA O PRÓXIMO CONCURSO: R$ 2.450.474,18."
"2193","29/03/2021","2","4","5","6","7","9","10","11","13","14","19","20","22","23","24","3","UBERABA/MG; VARZEA GRANDE/MT; SAO SEBASTIAO/SP","R$1.457.414,67","543","R$1.060,12","16549","R$25,00","182924","R$10,00","945041","R$5,00","R$0,00","R$26.288.837,50","R$1.500.000,00","R$57.715.211,84",""
"2194","30/03/2021","3","4","5","6","7","8","9","11","13","15","17","19","20","22","25","1","PIEDADE DE PONTE NOVA/MG","R$884.164,66","289","R$916,40","9567","R$25,00","106904","R$10,00","536485","R$5,00","R$0,00","R$13.905.157,50","R$1.500.000,00","R$57.929.122,65",""
"2195","31/03/2021","2","3","5","7","8","9","11","12","13","16","17","18","20","22","23","2","ARARIPINA/PE; PORTO VELHO/RO","R$529.671,84","447","R$709,87","11147","R$25,00","121832","R$10,00","595838","R$5,00","R$0,00","R$15.956.330,00","R$1.500.000,00","R$58.185.415,49",""
"2196","01/04/2021","4","5","6","8","10","11","13","15","17","18","20","21","23","24","25","2","GUARATUBA/PR; VIDEIRA/SC","R$435.600,93","682","R$382,63","15723","R$25,00","147426","R$10,00","586650","R$5,00","R$0,00","R$15.704.642,50","R$1.500.000,00","R$58.396.190,14",""
"2197","03/04/2021","1","2","3","4","7","8","10","11","13","14","15","16","17","18","21","0","","R$0,00","165","R$1.413,51","6918","R$25,00","83879","R$10,00","488138","R$5,00","R$1.112.323,29","R$13.876.325,00","R$3.000.000,00","R$58.665.300,62","ACUMULADO PARA O PRÓXIMO CONCURSO: R$ 1.112.323,29"
"2198","05/04/2021","1","4","5","7","9","11","12","13","15","17","18","20","21","22","23","1","IRAI DE MINAS/MG","R$2.854.783,75","503","R$1.037,64","15729","R$25,00","181242","R$10,00","916266","R$5,00","R$0,00","R$24.917.787,50","R$1.500.000,00","R$59.086.863,65",""
"2199","06/04/2021","1","2","5","6","7","9","12","14","15","17","18","19","20","23","24","3","CANAL ELETRONICO; TERESINA/PI","R$433.580,76","226","R$1.723,99","8154","R$25,00","98310","R$10,00","537646","R$5,00","R$1.829.432,27","R$15.853.015,00","R$4.000.000,00","R$59.401.559,36",""
"2200","07/04/2021","1","2","4","6","8","9","10","11","13","14","16","17","19","23","25","10","CANAL ELETRONICO; FORTALEZA/CE; PARA DE MINAS/MG; CARUARU/PE; LAGES/SC; COSMOPOLIS/SP; ILHA SOLTEIRA/SP; OSASCO/SP; SAO PAULO/SP","R$398.339,33","752","R$738,81","19263","R$25,00","196043","R$10,00","956256","R$5,00","R$0,00","R$26.521.377,50","R$1.500.000,00","R$59.850.301,24",""
"2201","08/04/2021","1","3","5","6","7","8","9","10","13","14","16","18","19","21","24","0","","R$0,00","190","R$1.437,79","9590","R$25,00","107145","R$10,00","568306","R$5,00","R$1.302.858,60","R$16.504.517,50","R$3.500.000,00","R$60.165.508,97","ACUMULADO PARA O PRÓXIMO CONCURSO: R$ 1.302.858,60"
"2202","09/04/2021","1","5","9","10","13","14","15","16","17","18","20","21","22","24","25","4","FORTALEZA/CE; SANTA RITA DO SAPUCAI/MG; LAPA/PR","R$847.453,91","317","R$1.380,40","12026","R$25,00","158598","R$10,00","904329","R$5,00","R$0,00","R$25.875.275,00","R$1.500.000,00","R$60.670.417,93",""
"2203","10/04/2021","2","3","5","7","10","12","13","14","18","20","21","22","23","24","25","1","GUARAPUAVA/PR","R$931.682,43","284","R$982,65","9762","R$25,00","115925","R$10,00","581895","R$5,00","R$0,00","R$14.900.827,50","R$1.500.000,00","R$60.895.824,98",""
"2204","12/04/2021","1","2","3","4","5","6","9","11","12","13","16","18","20","23","24","1","MANOEL VITORINO/BA","R$1.501.232,17","244","R$1.842,94","7780","R$25,00","108093","R$10,00","611345","R$5,00","R$0,00","R$17.972.815,00","R$1.500.000,00","R$61.259.026,32",""
"2205","13/04/2021","1","2","5","6","7","9","10","12","14","17","18","19","22","24","25","3","BURITI ALEGRE/GO; IPIRANGA/PR; UMUARAMA/PR","R$406.575,78","345","R$1.059,00","10205","R$25,00","112995","R$10,00","549340","R$5,00","R$0,00","R$16.014.317,50","R$1.500.000,00","R$61.554.121,65",""
"2206","14/04/2021","1","2","3","4","6","8","12","13","15","16","17","20","21","23","25","2","BELEM/PA; BARAUNA/RN","R$656.576,52","309","R$1.272,94","11272","R$25,00","121246","R$10,00","609967","R$5,00","R$0,00","R$17.462.037,50","R$1.500.000,00","R$61.871.819,97",""
"2207","15/04/2021","3","5","6","7","8","9","10","11","12","13","14","17","20","22","25","1","MARACANAU/CE","R$1.143.097,52","177","R$1.354,13","7174","R$25,00","103798","R$10,00","601529","R$5,00","R$0,00","R$15.822.007,50","R$1.500.000,00","R$62.148.375,83",""
"2208","16/04/2021","4","5","9","10","11","12","14","15","16","18","19","21","22","23","24","4","CANAL ELETRONICO; BELO HORIZONTE/MG; PIRAI/RJ; SAO PAULO/SP","R$384.937,11","269","R$1.714,55","8988","R$25,00","106350","R$10,00","592217","R$5,00","R$0,00","R$17.986.372,50","R$1.500.000,00","R$62.520.895,62",""
"2209","17/04/2021","1","4","5","6","7","9","11","12","14","15","16","17","21","22","23","0","","R$0,00","165","R$1.725,11","5774","R$25,00","75764","R$10,00","425441","R$5,00","R$3.356.883,36","R$14.203.335,00","R$7.000.000,00","R$62.849.330,46",""
"2210","19/04/2021","1","3","4","8","9","10","13","14","15","16","17","19","22","23","25","4","SERRA/ES; ESTANCIA VELHA/RS; ARARAQUARA/SP; ATIBAIA/SP","R$1.593.978,81","701","R$1.110,86","21672","R$25,00","247745","R$10,00","1267668","R$5,00","R$0,00","R$35.404.227,50","R$1.500.000,00","R$63.478.295,44",""
"2211","20/04/2021","4","5","8","9","10","11","12","13","17","18","19","20","21","22","23","12","ARACI/BA; SALVADOR/BA; APARECIDA DE GOIANIA/GO; SAO LUIS/MA; SABINOPOLIS/MG; PRIMAVERA DO LESTE/MT; RONDONOPOLIS/MT; CARUARU/PE; OURO/SC; SAO PAULO/SP","R$105.712,98","735","R$516,98","11366","R$25,00","113556","R$10,00","584232","R$5,00","R$0,00","R$16.756.192,50","R$1.500.000,00","R$63.785.204,09",""
"2212","22/04/2021","1","4","5","6","7","8","10","11","12","13","17","18","20","21","22","2","CANAL ELETRONICO; PERUIBE/SP","R$738.151,33","256","R$1.727,38","10367","R$25,00","131981","R$10,00","635726","R$5,00","R$0,00","R$18.821.762,50","R$1.500.000,00","R$64.142.374,10",""
"2213","23/04/2021","3","4","5","6","7","8","10","16","17","18","19","20","22","24","25","0","","R$0,00","186","R$2.069,86","5921","R$25,00","85678","R$10,00","550301","R$5,00","R$1.836.122,82","R$18.424.470,00","R$4.000.000,00","R$64.586.597,37","ACUMULADO PARA O PRÓXIMO CONCURSO: R$ 1.836.122,82"
"2214","24/04/2021","3","6","7","9","11","12","13","14","16","17","19","21","22","23","25","0","","R$0,00","397","R$1.163,38","13160","R$25,00","151322","R$10,00","787661","R$5,00","R$3.378.034,91","R$21.530.145,00","R$7.000.000,00","R$64.959.640,63","ACUMULADO PARA O PRÓXIMO CONCURSO: R$ 3.378.034,91"
"2215","26/04/2021","2","3","4","6","7","9","11","13","15","17","18","19","23","24","25","11","RIO PRETO DA EVA/AM; GOIANIA/GO; MONTES CLAROS/MG; PATOS DE MINAS/MG; PARANAVAI/PR; SARANDI/PR; FLORIANOPOLIS/SC; MOGI DAS CRUZES/SP; SUMARE/SP; TABOAO DA SERRA/SP; ARAGUAINA/TO","R$515.075,56","1082","R$633,34","28002","R$25,00","289311","R$10,00","1391525","R$5,00","R$0,00","R$36.498.742,50","R$1.500.000,00","R$65.513.139,73",""
"2216","27/04/2021","1","2","3","4","6","9","10","13","14","15","17","19","21","22","25","2","CANAL ELETRONICO; SAO PAULO/SP","R$630.105,53","238","R$1.586,06","8612","R$25,00","103218","R$10,00","558450","R$5,00","R$0,00","R$16.017.167,50","R$1.500.000,00","R$65.818.029,51",""
"2217","28/04/2021","1","6","7","9","10","11","14","15","16","18","19","20","22","23","25","1","CANAL ELETRONICO","R$1.580.367,35","188","R$1.762,59","7130","R$25,00","96117","R$10,00","558450","R$5,00","R$0,00","R$17.469.595,00","R$1.500.000,00","R$66.200.376,46",""
"2218","29/04/2021","3","4","5","6","11","12","13","15","16","17","18","20","21","23","24","0","","R$0,00","153","R$1.687,73","7022","R$25,00","95138","R$10,00","544180","R$5,00","R$1.231.520,50","R$15.421.995,00","R$3.500.000,00","R$66.498.324,98","Acumulado próximo concurso R$ 1.231.520,50."
"2219","30/04/2021","2","5","6","7","8","10","13","15","16","17","19","20","22","24","25","3","CANAA DOS CARAJAS/PA; CAMPOS DOS GOYTACAZES/RJ; PALMAS/TO","R$1.044.027,90","486","R$1.171,38","17888","R$25,00","183565","R$10,00","907917","R$5,00","R$2.319.895,41","R$25.839.937,50","R$4.000.000,00","R$66.958.138,67",""
"2220","03/05/2021","1","5","6","7","8","9","10","12","13","16","18","20","23","24","25","3","CANAL ELETRONICO; CRATEUS/CE; SAO JOSE DO RIO PARDO/SP","R$1.695.274,10","351","R$1.422,80","13902","R$25,00","186447","R$10,00","1063874","R$5,00","R$0,00","R$30.033.080,00","R$1.500.000,00","R$67.534.373,45",""
"2221","04/05/2021","1","2","3","4","5","8","9","10","12","13","16","18","20","22","23","1","BRUSQUE/SC","R$1.117.758,21","326","R$1.027,03","10696","R$25,00","129852","R$10,00","626667","R$5,00","R$0,00","R$16.781.395,00","R$1.500.000,00","R$67.804.798,83",""
"2222","05/05/2021","2","4","5","6","7","8","9","10","12","13","14","19","22","23","24","1","CAMPINAS/SP","R$1.328.248,76","277","R$1.436,32","11408","R$25,00","134334","R$10,00","704431","R$5,00","R$0,00","R$18.941.582,50","R$1.500.000,00","R$68.126.149,34",""
"2223","06/05/2021","1","4","5","7","8","9","11","12","14","18","20","21","22","24","25","0","","R$0,00","297","R$1.393,24","9808","R$25,00","112349","R$10,00","584895","R$5,00","R$1.381.434,16","R$17.246.120,00","R$3.500.000,00","R$68.460.367,29","ACUMULADO PARA O PRÓXIMO CONCURSO: R$ 1.381.434,16"
"2224","07/05/2021","3","5","6","7","9","10","12","13","14","15","18","19","20","23","24","3","COTIA/SP; SAO BERNARDO DO CAMPO/SP; SAO PAULO/SP","R$1.029.613,71","593","R$862,45","18625","R$25,00","213260","R$10,00","1077454","R$5,00","R$0,00","R$27.496.222,50","R$1.500.000,00","R$68.873.449,64",""
"2225","08/05/2021","2","3","4","7","8","9","10","11","13","17","19","21","22","23","25","0","","R$0,00","322","R$771,20","12440","R$25,00","140869","R$10,00","676479","R$5,00","R$829.032,04","R$16.176.002,50","R$3.000.000,00","R$69.074.021,92","ACUMULADO PRÓXIMO CONCURSO R$ 829.032,04."
"2226","10/05/2021","1","3","4","5","9","10","12","13","14","15","16","17","19","21","22","4","UNIAO DOS PALMARES/AL; ALAGOINHAS/BA; FEIRA DE SANTANA/BA; MACAE/RJ","R$749.346,18","352","R$1.845,18","12632","R$25,00","168662","R$10,00","918388","R$5,00","R$0,00","R$26.737.172,50","R$1.500.000,00","R$69.598.623,38",""
"2227","11/05/2021","2","3","7","8","9","10","11","12","15","17","20","21","22","23","24","0","","R$0,00","195","R$1.568,60","8005","R$25,00","105464","R$10,00","607532","R$5,00","R$1.458.798,71","R$17.655.622,50","R$3.500.000,00","R$69.951.558,56","ACUMULADO PARA O PRÓXIMO CONCURSO: R$ 1.458.798,71"
"2228","12/05/2021","1","4","5","6","7","11","12","13","16","17","18","19","20","22","23","2","CANAL ELETRONICO; CHAPECO/SC","R$1.851.143,62","350","R$1.344,03","11771","R$25,00","154202","R$10,00","850390","R$5,00","R$0,00","R$25.969.027,50","R$1.500.000,00","R$70.494.338,05",""
"2229","13/05/2021","1","2","3","4","7","8","9","10","14","17","19","20","23","24","25","1","MANAUS/AM","R$1.098.450,21","268","R$1.227,71","9172","R$25,00","120409","R$10,00","630961","R$5,00","R$2.150.479,05","R$16.422.575,00","R$4.000.000,00","R$70.760.092,14",""
"2230","14/05/2021","3","4","6","8","9","10","11","13","14","15","17","18","19","20","24","2","FORTALEZA/CE; SAO PAULO/SP","R$2.219.103,81","537","R$1.098,86","17555","R$25,00","214815","R$10,00","1071369","R$5,00","R$0,00","R$28.795.880,00","R$1.500.000,00","R$71.236.702,27",""
"2231","15/05/2021","1","4","5","6","7","8","10","11","16","18","19","20","22","24","25","2","CANAL ELETRONICO; JACAREI/SP","R$677.519,41","203","R$1.399,61","7862","R$25,00","88225","R$10,00","508033","R$5,00","R$0,00","R$15.550.575,00","R$1.500.000,00","R$71.564.534,25",""
"2232","17/05/2021","2","4","5","6","8","9","12","13","14","19","20","22","23","24","25","5","CANAL ELETRONICO; CABO FRIO/RJ; CHAPECO/SC; SAO PAULO/SP","R$232.476,16","517","R$673,45","15638","R$25,00","147294","R$10,00","720536","R$5,00","R$0,00","R$18.788.620,00","R$1.500.000,00","R$71.845.755,42",""
"2233","18/05/2021","1","2","6","7","8","9","10","12","13","14","15","16","20","21","25","0","","R$0,00","138","R$2.316,87","5321","R$25,00","78708","R$10,00","502381","R$5,00","R$1.524.858,02","R$16.021.932,50","R$3.500.000,00","R$72.214.672,69","ACUMULADO PARA O PRÓXIMO CONCURSO: R$ 1.524.858,02"
"2234","19/05/2021","1","2","3","6","7","11","14","15","17","18","20","21","22","24","25","3","CONTAGEM/MG; CAMPINAS/SP; PENAPOLIS/SP","R$1.257.153,41","290","R$1.624,35","10701","R$25,00","130836","R$10,00","742390","R$5,00","R$0,00","R$24.139.187,50","R$1.500.000,00","R$72.758.205,49",""
"2235","20/05/2021","2","4","6","7","8","10","11","12","16","17","19","21","22","23","25","2","CANAL ELETRONICO; JANDIRA/SP","R$670.058,17","267","R$1.503,43","7851","R$25,00","92744","R$10,00","485200","R$5,00","R$0,00","R$15.311.512,50","R$1.500.000,00","R$73.082.427,20",""
"2236","21/05/2021","2","3","4","5","8","9","10","11","12","17","18","19","21","22","24","1","DIADEMA/SP","R$1.302.088,30","364","R$1.071,50","10871","R$25,00","123579","R$10,00","643193","R$5,00","R$0,00","R$17.817.147,50","R$1.500.000,00","R$73.397.448,57",""
"2237","22/05/2021","3","5","6","9","12","13","14","15","17","19","20","21","22","23","25","2","PALHOCA/SC; PEQUIZEIRO/TO","R$430.434,76","314","R$821,22","10790","R$25,00","118420","R$10,00","579735","R$5,00","R$0,00","R$14.616.367,50","R$1.500.000,00","R$73.605.723,45",""
"2238","24/05/2021","1","3","4","5","6","7","10","11","14","15","16","18","19","20","25","2","CANAL ELETRONICO; SAO PAULO/SP","R$679.146,80","258","R$1.576,98","8375","R$25,00","108847","R$10,00","597113","R$5,00","R$0,00","R$17.100.620,00","R$1.500.000,00","R$73.934.342,89",""
"2239","25/05/2021","1","2","5","6","7","10","13","14","15","16","17","20","22","23","24","3","TERESINA/PI; NAVEGANTES/SC; RIBEIRAO PIRES/SP","R$436.622,74","265","R$1.480,59","8955","R$25,00","87655","R$10,00","483905","R$5,00","R$2.009.696,07","R$15.082.075,00","R$4.000.000,00","R$74.251.246,49",""
"2240","26/05/2021","2","3","4","6","7","9","11","12","13","15","17","18","19","20","25","2","BRASILIA/DF; SAO LUIS/MA","R$1.951.586,16","450","R$1.085,32","16295","R$25,00","178935","R$10,00","942306","R$5,00","R$0,00","R$24.602.427,50","R$1.500.000,00","R$74.645.720,71",""
"2241","27/05/2021","1","3","7","8","9","10","13","15","16","18","20","21","23","24","25","0","","R$0,00","320","R$765,18","12564","R$25,00","131050","R$10,00","557108","R$5,00","R$817.450,62","R$14.518.262,50","R$3.000.000,00","R$74.843.491,04","VALOR ACUMULADO PARA O PRÓXIMO CONCURSO R$817.450,62"
"2242","28/05/2021","3","4","5","8","9","10","11","12","16","17","19","20","21","22","25","1","CANAL ELETRONICO","R$2.655.495,83","458","R$1.202,11","11971","R$25,00","145607","R$10,00","775695","R$5,00","R$0,00","R$22.765.737,50","R$1.500.000,00","R$75.288.179,40",""
"2243","29/05/2021","1","5","6","8","10","11","14","15","17","18","19","20","21","24","25","0","","R$0,00","276","R$1.183,29","8997","R$25,00","101486","R$10,00","525031","R$5,00","R$1.090.303,47","R$14.710.865,00","R$3.000.000,00","R$75.551.962,51","VALOR ACUMULADO PARA O PRÓXIMO CONCURSO R$ 1.090.303,47."
"2244","31/05/2021","4","5","6","8","9","10","11","13","14","15","16","17","21","23","25","1","MACEIO/AL","R$2.944.022,13","268","R$1.450,31","11406","R$25,00","149558","R$10,00","822245","R$5,00","R$0,00","R$23.444.512,50","R$1.500.000,00","R$76.000.442,84",""
"2245","01/06/2021","2","5","6","7","8","13","14","16","17","18","21","22","23","24","25","2","RIO DE JANEIRO/RJ; MOGI GUACU/SP","R$730.061,01","259","R$1.688,66","8647","R$25,00","96900","R$10,00","531969","R$5,00","R$0,00","R$16.630.580,00","R$1.500.000,00","R$76.353.698,18",""
"2246","02/06/2021","2","3","4","5","7","8","10","11","12","13","14","15","18","20","25","1","SETE LAGOAS/MG","R$1.248.427,85","239","R$1.564,65","9890","R$25,00","147990","R$10,00","720936","R$5,00","R$0,00","R$18.935.160,00","R$1.500.000,00","R$76.655.737,18",""
"2247","04/06/2021","1","3","6","7","8","9","10","12","17","18","19","20","22","24","25","3","BELO HORIZONTE/MG; CARMO DO CAJURU/MG; DIVINOPOLIS/MG","R$556.867,48","274","R$1.826,31","10305","R$25,00","147448","R$10,00","773257","R$5,00","R$0,00","R$21.794.012,50","R$1.500.000,00","R$77.059.915,20",""
"2248","05/06/2021","1","2","4","6","7","8","10","11","12","13","14","16","17","23","25","2","CANAL ELETRONICO; SANTOS/SP","R$645.840,79","195","R$1.388,90","8510","R$25,00","95388","R$10,00","533866","R$5,00","R$0,00","R$15.714.382,50","R$1.500.000,00","R$77.372.418,81",""
"2249","07/06/2021","2","6","11","12","14","15","16","17","18","19","21","22","23","24","25","1","UBERLANDIA/MG","R$1.830.424,77","189","R$2.030,68","17826","R$25,00","88369","R$10,00","540570","R$5,00","R$2.113.028,46","R$19.030.585,00","R$4.000.000,00","R$77.815.263,53",""
"2250","08/06/2021","4","5","6","10","12","13","14","18","19","20","21","22","23","24","25","2","CAMPINAS/SP; SAO PAULO/SP","R$2.197.232,24","441","R$1.334,38","13541","R$25,00","168916","R$10,00","921534","R$5,00","R$0,00","R$25.748.590,00","R$1.500.000,00","R$78.290.562,71",""
"2251","09/06/2021","2","4","5","7","9","12","13","14","15","18","19","21","22","23","24","4","BRASILIA/DF; PORTO VELHO/RO; UMBAUBA/SE","R$286.010,76","520","R$659,01","13817","R$25,00","154391","R$10,00","709014","R$5,00","R$0,00","R$18.616.952,50","R$1.500.000,00","R$78.567.347,33",""
"2252","10/06/2021","1","5","6","8","9","10","12","16","17","19","20","21","22","24","25","0","","R$0,00","182","R$1.629,48","7302","R$25,00","103642","R$10,00","542943","R$5,00","R$1.414.388,18","R$16.592.027,50","R$3.500.000,00","R$78.909.538,03","ACUMULADO PRÓXIMO CONCURSO: R$ 1.414.388,18."
"2253","11/06/2021","2","3","5","6","7","8","12","14","15","16","18","19","20","23","25","4","GOIANIA/GO; TEOFILO OTONI/MG; LIMEIRA/SP; SAO BERNARDO DO CAMPO/SP","R$838.476,52","496","R$1.171,29","15135","R$25,00","170077","R$10,00","886664","R$5,00","R$0,00","R$25.331.950,00","R$1.500.000,00","R$79.378.776,24",""
"2254","12/06/2021","2","3","5","6","7","8","10","12","13","14","19","20","21","24","25","3","ATIBAIA/SP; MOGI DAS CRUZES/SP; ROSANA/SP","R$343.411,22","417","R$740,03","10501","R$25,00","108827","R$10,00","560792","R$5,00","R$0,00","R$15.060.127,50","R$1.500.000,00","R$79.628.026,34","As Loterias CAIXA informam que o sorteio do concurso nº 2255 da Lotofácil, previsto para às 20h de hoje (14/06), ainda não foi realizado devido a problemas operacionais, mas será transmitido ao vivo nos perfis da CAIXA no YouTube e Facebook. Acompanhe!"
"2255","14/06/2021","1","3","6","7","8","11","14","15","17","19","20","21","22","24","25","0","","R$0,00","282","R$1.534,70","10708","R$25,00","112645","R$10,00","593193","R$5,00","R$1.444.843,47","R$17.737.595,00","R$3.500.000,00","R$79.977.585,25","Acumulado próximo concurso: R$ 1.444.843,47."
"2256","15/06/2021","1","3","4","5","6","8","9","10","11","12","13","16","20","23","24","3","CONTAGEM/MG; DUQUE DE CAXIAS/RJ; RIBEIRAO PRETO/SP","R$1.091.657,14","287","R$1.337,06","13041","R$25,00","158428","R$10,00","864246","R$5,00","R$0,00","R$24.102.467,50","R$1.500.000,00","R$80.420.358,16",""
"2257","16/06/2021","1","4","5","6","7","8","9","11","12","13","15","18","20","22","24","3","TERESINA/PI; CARAGUATATUBA/SP; OSVALDO CRUZ/SP","R$491.352,52","236","R$1.870,92","8991","R$25,00","117158","R$10,00","643340","R$5,00","R$0,00","R$18.476.357,50","R$1.500.000,00","R$80.776.984,99",""
"2258","17/06/2021","3","5","6","7","8","10","11","14","15","16","17","19","20","22","24","4","CANAL ELETRONICO; CAMPINAS/SP; RIBEIRAO PRETO/SP; NATIVIDADE/TO","R$302.802,81","309","R$1.174,12","10114","R$25,00","118886","R$10,00","578661","R$5,00","R$0,00","R$16.437.887,50","R$1.500.000,00","R$81.070.019,97",""
"2259","18/06/2021","5","6","7","8","9","10","14","16","18","19","20","22","23","24","25","0","","R$0,00","277","R$1.641,20","11214","R$25,00","119497","R$10,00","680975","R$5,00","R$3.615.477,24","R$19.324.637,50","R$7.000.000,00","R$81.437.208,70",""
"2260","19/06/2021","1","2","4","6","9","10","11","12","14","16","17","20","22","23","25","5","MUCUGE/BA; FORTALEZA/CE; URUACU/GO; OSASCO/SP; SAO PAULO/SP","R$1.276.104,49","571","R$1.249,04","16713","R$25,00","185329","R$10,00","948219","R$5,00","R$0,00","R$28.831.397,50","R$1.500.000,00","R$82.013.259,79",""
"2261","21/06/2021","1","3","4","6","7","8","9","12","13","17","18","22","23","24","25","2","CANAL ELETRONICO; MAGE/RJ","R$652.956,94","342","R$1.143,77","11776","R$25,00","142098","R$10,00","677710","R$5,00","R$0,00","R$18.714.990,00","R$1.500.000,00","R$82.329.206,71",""
"2262","22/06/2021","2","3","4","6","7","8","9","10","11","19","20","21","22","24","25","1","BETIM/MG","R$1.406.905,06","201","R$1.467,65","6449","R$25,00","88282","R$10,00","517601","R$5,00","R$0,00","R$15.856.440,00","R$1.500.000,00","R$82.669.586,98",""
"2263","23/06/2021","1","2","3","7","8","10","11","14","15","16","18","19","22","23","25","5","SAO LUIS/MA; PAULISTA/PE; NATAL/RN; PASSO FUNDO/RS; SAO LEOPOLDO/RS","R$287.642,00","367","R$1.173,84","9499","R$25,00","110541","R$10,00","570882","R$5,00","R$0,00","R$17.326.742,50","R$1.500.000,00","R$83.017.541,02",""
"2264","24/06/2021","2","3","4","5","6","8","9","10","12","14","15","16","17","18","19","2","TERESINA/PI; RIO DE JANEIRO/RJ","R$567.662,48","313","R$1.086,49","8078","R$25,00","86990","R$10,00","475737","R$5,00","R$0,00","R$13.994.212,50","R$1.500.000,00","R$83.292.216,42",""
"2265","25/06/2021","2","4","5","7","9","10","12","13","14","15","16","18","19","20","22","2","CANAL ELETRONICO; PETROPOLIS/RJ","R$562.913,38","460","R$733,10","13795","R$25,00","137802","R$10,00","672255","R$5,00","R$0,00","R$17.712.205,00","R$1.500.000,00","R$83.564.593,87",""
"2266","26/06/2021","1","3","5","9","10","11","12","13","15","16","19","21","23","24","25","3","CANAL ELETRONICO; FORTALEZA/CE; SAO LUIS/MA","R$251.757,90","357","R$633,70","12763","R$25,00","119608","R$10,00","539098","R$5,00","R$0,00","R$13.727.582,50","R$1.500.000,00","R$83.747.321,38",""
"2267","28/06/2021","2","3","5","6","7","9","10","13","14","15","17","19","20","22","24","4","GOIANESIA/GO; BELO HORIZONTE/MG; NOVA FRIBURGO/RJ; SAO PAULO/SP","R$233.684,29","604","R$463,56","14729","R$25,00","147753","R$10,00","674588","R$5,00","R$0,00","R$17.006.845,00","R$1.500.000,00","R$83.973.467,48",""
"2268","29/06/2021","1","3","8","10","11","12","14","15","18","19","20","21","23","24","25","0","","R$0,00","235","R$1.186,89","9254","R$25,00","108619","R$10,00","569094","R$5,00","R$931.168,56","R$14.552.617,50","R$3.000.000,00","R$84.198.750,21","Acumulado próximo concurso: R$ 931.168,56"
"2269","30/06/2021","2","3","4","5","7","9","10","11","13","14","17","20","21","22","25","2","PICOS/PI; CAMPOS DOS GOYTACAZES/RJ","R$1.164.245,67","575","R$727,91","18179","R$25,00","189100","R$10,00","925022","R$5,00","R$1.682.368,18","R$23.506.857,50","R$4.000.000,00","R$84.536.812,18",""
"2270","01/07/2021","1","4","5","6","8","10","11","15","16","18","19","20","21","22","25","3","JUNDIAI/SP; SAO PAULO/SP","R$1.285.112,71","635","R$882,65","18090","R$25,00","195856","R$10,00","881397","R$5,00","R$0,00","R$25.672.995,00","R$1.500.000,00","R$84.989.514,26",""
"2271","02/07/2021","2","3","5","6","7","8","10","11","16","17","18","19","21","23","24","3","CANAL ELETRONICO; CASA BRANCA/SP; SAO PAULO/SP","R$561.201,99","197","R$1.791,95","8180","R$25,00","103948","R$10,00","607859","R$5,00","R$0,00","R$18.829.415,00","R$1.500.000,00","R$85.396.838,29",""
"2272","03/07/2021","1","2","5","7","8","10","11","13","14","15","16","18","21","22","24","7","CANAL ELETRONICO; SALVADOR/BA; IMPERATRIZ/MA; SAO JERONIMO DA SERRA/PR; MARILIA/SP; SAO PAULO/SP; APARECIDA DO RIO NEGRO/TO","R$189.142,97","310","R$1.279,32","9027","R$25,00","101649","R$10,00","528520","R$5,00","R$0,00","R$15.998.750,00","R$1.500.000,00","R$85.717.161,08",""
"2273","05/07/2021","1","2","4","6","7","8","9","10","11","12","13","17","21","23","25","2","SALVADOR/BA; BOTUCATU/SP","R$764.466,49","260","R$1.761,44","9562","R$25,00","116151","R$10,00","666366","R$5,00","R$0,00","R$19.043.315,00","R$1.500.000,00","R$86.087.064,23",""
"2274","06/07/2021","2","3","4","6","8","9","10","12","16","17","19","20","22","23","24","2","SAO PAULO/SP","R$648.705,78","275","R$1.413,18","10726","R$25,00","120739","R$10,00","628743","R$5,00","R$0,00","R$17.551.747,50","R$1.500.000,00","R$86.400.954,13",""
"2275","07/07/2021","1","2","4","5","7","10","11","12","13","14","15","16","19","20","21","0","","R$0,00","211","R$1.611,03","8670","R$25,00","119188","R$10,00","675206","R$5,00","R$1.621.196,03","R$19.654.290,00","R$3.500.000,00","R$86.793.178,97","ACUMULADO PRÓXIMO CONCURSO R$ 1.621.196,03."
"2276","08/07/2021","1","4","5","7","10","12","13","14","15","16","17","18","19","20","21","2","SINOP/MT; TACIBA/SP","R$1.877.240,20","372","R$1.717,74","20187","R$25,00","152880","R$10,00","833577","R$5,00","R$0,00","R$25.644.202,50","R$1.500.000,00","R$87.309.296,17",""
"2277","09/07/2021","2","3","5","10","11","12","13","14","15","17","18","21","22","23","24","0","","R$0,00","159","R$1.762,51","6841","R$25,00","102198","R$10,00","579357","R$5,00","R$1.336.527,07","R$16.538.282,50","R$3.500.000,00","R$87.632.649,51","ACUMULADO PRÓXIMO CONCURSO R$ 1.336.527,07."
"2278","10/07/2021","2","4","6","7","10","11","12","13","14","16","17","18","20","21","24","3","RIO BRANCO/AC; MARACACUME/MA; ARACAJU/SE","R$1.020.431,65","345","R$1.497,49","12262","R$25,00","145396","R$10,00","773949","R$5,00","R$0,00","R$22.155.420,00","R$1.500.000,00","R$88.049.932,07",""
"2279","12/07/2021","1","3","5","8","10","11","13","14","15","16","17","18","21","22","25","3","MONTES CLAROS/MG; BAURU/SP; FRANCA/SP","R$418.535,38","374","R$1.005,62","12617","R$25,00","164302","R$10,00","722444","R$5,00","R$2.242.795,59","R$19.524.260,00","R$4.000.000,00","R$88.353.707,75",""
"2280","13/07/2021","2","3","4","7","9","12","16","18","19","20","21","22","23","24","25","1","BRASILIA/DF","R$4.616.221,30","434","R$1.410,58","14781","R$25,00","172803","R$10,00","921247","R$5,00","R$0,00","R$26.327.492,50","R$1.500.000,00","R$88.848.171,45",""
"2281","14/07/2021","2","3","5","6","7","9","10","11","14","15","16","17","18","20","21","3","CASCAVEL/PR; VOLTA REDONDA/RJ; PINDAMONHANGABA/SP","R$474.271,28","333","R$1.279,84","10485","R$25,00","119732","R$10,00","657248","R$5,00","R$0,00","R$18.509.937,50","R$1.500.000,00","R$89.192.400,62",""
"2282","15/07/2021","1","2","4","5","6","10","11","12","13","14","18","20","21","23","24","2","TERESINA/PI; SAO JOSE DOS CAMPOS/SP","R$605.706,20","229","R$1.584,56","8961","R$25,00","115596","R$10,00","589657","R$5,00","R$0,00","R$16.423.397,50","R$1.500.000,00","R$89.485.484,27",""
"2283","16/07/2021","1","2","5","7","9","10","11","15","17","18","19","20","22","23","25","1","RIO DE JANEIRO/RJ","R$1.201.677,20","355","R$1.013,94","12881","R$25,00","142782","R$10,00","719363","R$5,00","R$0,00","R$18.720.880,00","R$1.500.000,00","R$89.776.212,64",""
"2284","17/07/2021","1","3","4","8","9","10","11","14","15","17","19","20","21","23","24","4","CANAL ELETRONICO; BRASILIA/DF; RIO DE JANEIRO/RJ; PRAIA GRANDE/SP","R$289.617,34","463","R$749,47","10475","R$25,00","111688","R$10,00","563462","R$5,00","R$0,00","R$15.837.022,50","R$1.500.000,00","R$90.056.487,49",""
"2285","19/07/2021","1","2","6","7","8","10","12","13","15","16","18","20","22","23","24","1","SIMPLICIO MENDES/PI","R$1.418.517,78","374","R$1.136,10","11608","R$25,00","129410","R$10,00","642006","R$5,00","R$0,00","R$18.599.317,50","R$1.500.000,00","R$90.399.677,28",""
"2286","20/07/2021","2","3","6","8","11","12","13","15","16","17","20","22","23","24","25","1","PRESIDENTE VENCESLAU/SP","R$1.336.024,82","226","R$1.770,76","7213","R$25,00","95688","R$10,00","558969","R$5,00","R$0,00","R$16.171.737,50","R$1.500.000,00","R$90.722.909,10",""
"2287","21/07/2021","1","3","4","6","7","9","10","11","12","14","16","17","18","19","25","0","","R$0,00","221","R$1.397,46","8565","R$25,00","108187","R$10,00","585232","R$5,00","R$1.472.926,39","R$17.568.615,00","R$3.500.000,00","R$91.079.262,26","Acumulado próximo concurso R$ 1.472.926,39"
"2288","22/07/2021","1","2","3","5","7","9","10","11","12","14","19","20","21","22","25","3","BRASILIA/DF; CRUZEIRO DO SUL/PR; DUQUE DE CAXIAS/RJ","R$993.581,08","544","R$830,23","15828","R$25,00","175818","R$10,00","875606","R$5,00","R$0,00","R$23.082.220,00","R$1.500.000,00","R$91.444.056,68",""
"2289","23/07/2021","1","2","5","7","8","10","12","14","15","16","17","19","20","22","25","1","AMERICANA/SP","R$1.263.167,88","482","R$784,99","12626","R$25,00","132316","R$10,00","650904","R$5,00","R$1.934.326,84","R$18.001.972,50","R$4.000.000,00","R$91.749.661,83",""
"2290","24/07/2021","2","3","4","5","8","9","10","11","13","15","19","22","23","24","25","3","MANAUS/AM; JOAO PESSOA/PB; SAO PAULO/SP","R$1.174.072,92","375","R$1.092,20","14450","R$25,00","181192","R$10,00","922645","R$5,00","R$0,00","R$22.922.662,50","R$1.500.000,00","R$92.080.472,65",""
"2291","26/07/2021","1","5","6","7","9","12","13","14","16","17","19","20","21","24","25","11","CANAL ELETRONICO; SALVADOR/BA; BELO HORIZONTE/MG; CUIABA/MT; CURITIBA/PR; LAJEADO/RS; JUNDIAI/SP; SAO JOSE DO RIO PRETO/SP; SAO PAULO/SP; TAUBATE/SP","R$123.406,62","555","R$732,64","12377","R$25,00","121654","R$10,00","613988","R$5,00","R$0,00","R$17.817.122,50","R$1.500.000,00","R$92.408.893,50",""
"2292","27/07/2021","3","5","6","7","9","10","11","12","13","18","19","20","22","23","24","2","UBERABA/MG; CUIABA/MT","R$495.153,80","399","R$743,44","11532","R$25,00","118772","R$10,00","613432","R$5,00","R$0,00","R$15.743.932,50","R$1.500.000,00","R$92.648.484,06",""
"2293","28/07/2021","1","2","4","5","8","9","11","12","13","16","18","19","20","21","22","2","CANAL ELETRONICO; SANTANA/AP","R$727.505,31","424","R$1.027,90","7976","R$25,00","99008","R$10,00","535828","R$5,00","R$0,00","R$16.657.852,50","R$1.500.000,00","R$93.000.502,77",""
"2294","29/07/2021","6","7","8","10","11","12","15","16","17","18","19","22","23","24","25","1","GOIANIA/GO","R$1.392.553,05","179","R$1.631,21","5884","R$25,00","80401","R$10,00","489402","R$5,00","R$0,00","R$15.240.525,00","R$1.500.000,00","R$93.337.410,78",""
"2295","30/07/2021","1","2","6","9","10","11","12","13","14","16","17","20","23","24","25","1","CANAL ELETRONICO","R$1.587.803,38","310","R$1.534,22","9440","R$25,00","109280","R$10,00","611401","R$5,00","R$0,00","R$18.556.720,00","R$1.500.000,00","R$93.721.556,77",""
"2296","31/07/2021","2","3","4","8","9","10","12","14","15","16","18","21","22","23","24","1","NOVA SANTA ROSA/PR","R$1.211.207,69","261","R$1.390,05","8927","R$25,00","104937","R$10,00","526740","R$5,00","R$0,00","R$15.448.780,00","R$1.500.000,00","R$94.014.590,89",""
"2297","02/08/2021","2","3","7","9","11","13","14","15","17","18","20","21","22","24","25","4","MANAUS/AM; MACAUBAS/BA; POJUCA/BA; CURITIBA/PR","R$293.852,57","525","R$670,63","13866","R$25,00","140527","R$10,00","695493","R$5,00","R$0,00","R$18.310.735,00","R$1.500.000,00","R$94.298.964,35",""
"2298","03/08/2021","1","3","4","6","10","12","13","14","16","18","20","21","23","24","25","1","PEDRA AZUL/MG","R$1.140.688,41","478","R$714,81","12098","R$25,00","121134","R$10,00","590419","R$5,00","R$0,00","R$16.364.935,00","R$1.500.000,00","R$94.574.937,36",""
"2299","04/08/2021","1","3","5","7","8","9","11","12","14","15","16","20","21","23","25","6","CANAL ELETRONICO; RIO DE JANEIRO/RJ; ICARA/SC; BILAC/SP; SANTANA DE PARNAIBA/SP; SAO JOSE DO RIO PRETO/SP","R$204.012,39","818","R$448,23","14200","R$25,00","135685","R$10,00","659179","R$5,00","R$1.860.407,76","R$18.058.115,00","R$4.000.000,00","R$94.871.084,40",""
"2300","05/08/2021","1","2","3","4","8","9","13","15","16","17","19","22","23","24","25","0","","R$0,00","400","R$1.397,94","17694","R$25,00","169919","R$10,00","890619","R$5,00","R$4.028.301,60","R$25.134.975,00","R$6.000.000,00","R$95.322.728,95","Acumulado próximo concurso R$ 4.028.301,60"
"2301","06/08/2021","3","5","9","10","12","13","15","16","17","18","19","20","22","24","25","2","MACHADO/MG; BAURU/SP","R$3.074.751,44","626","R$1.014,98","24732","R$25,00","272720","R$10,00","1383016","R$5,00","R$0,00","R$34.943.807,50","R$1.500.000,00","R$95.835.922,82",""
"2302","07/08/2021","3","4","6","7","8","10","11","12","13","14","16","17","18","20","21","1","CANAL ELETRONICO","R$1.180.267,57","235","R$1.504,41","9676","R$25,00","110818","R$10,00","546546","R$5,00","R$0,00","R$15.691.627,50","R$1.500.000,00","R$96.121.471,43",""
"2303","09/08/2021","1","3","5","7","8","10","11","12","15","18","19","20","21","22","24","9","MACEIO/AL; BOM JESUS DA LAPA/BA; PINDORETAMA/CE; DOURADOS/MS; COLNIZA/MT; CUIABA/MT; PATO BRANCO/PR; SAO JOSE DOS CAMPOS/SP; SAO PAULO/SP","R$136.693,71","445","R$828,10","12892","R$25,00","138698","R$10,00","693565","R$5,00","R$0,00","R$18.481.585,00","R$1.500.000,00","R$96.419.110,96",""
"2304","10/08/2021","1","2","6","8","9","11","12","13","14","16","18","20","21","22","24","1","NATAL/RN","R$1.424.500,12","298","R$1.431,85","9296","R$25,00","105272","R$10,00","548986","R$5,00","R$0,00","R$16.868.070,00","R$1.500.000,00","R$96.763.748,09",""
"2305","11/08/2021","1","5","7","8","10","11","14","16","17","18","19","22","23","24","25","0","","R$0,00","252","R$1.745,03","8363","R$25,00","110960","R$10,00","609114","R$5,00","R$1.468.083,42","R$17.870.647,50","R$3.500.000,00","R$97.118.929,58","ACUMULADO PARA O PRÓXIMO CONCURSO R$ 1.468.083,42"
"2306","12/08/2021","1","4","5","6","7","8","9","11","14","15","16","18","20","21","22","1","UBERABA/MG","R$3.566.055,04","286","R$1.538,10","10136","R$25,00","128694","R$10,00","719789","R$5,00","R$0,00","R$23.006.507,50","R$1.500.000,00","R$97.626.503,36",""
"2307","13/08/2021","1","4","5","6","8","9","11","12","13","14","15","17","19","20","23","0","","R$0,00","238","R$1.338,30","8606","R$25,00","109421","R$10,00","645912","R$5,00","R$1.519.070,28","R$18.544.595,00","R$3.500.000,00","R$97.994.020,37","ACUMULADO PRÓXIMO CONCURSO R$ 1.519.070,28."
"2308","14/08/2021","1","2","3","4","6","10","15","17","18","19","20","22","23","24","25","1","CANAL ELETRONICO","R$3.340.869,43","265","R$1.441,47","8835","R$25,00","117444","R$10,00","690695","R$5,00","R$0,00","R$20.868.475,00","R$1.500.000,00","R$98.434.778,24",""
"2309","16/08/2021","1","3","4","7","9","10","11","12","13","17","18","19","22","24","25","8","BELO HORIZONTE/MG; OURO VERDE DE MINAS/MG; POUSO ALEGRE/MG; PATOS/PB; CANOAS/RS; CAMPINAS/SP; SAO BERNARDO DO CAMPO/SP","R$119.474,36","755","R$379,20","17001","R$25,00","157391","R$10,00","703960","R$5,00","R$2.228.859,92","R$17.810.905,00","R$4.000.000,00","R$98.666.018,94",""
"2310","17/08/2021","1","3","5","6","7","10","11","13","16","18","20","22","23","24","25","6","CANAL ELETRONICO; IRECE/BA; BELO HORIZONTE/MG; PADRE PARAISO/MG; ROLANDIA/PR; ROSANA/SP","R$643.363,51","711","R$591,81","21825","R$25,00","210793","R$10,00","907207","R$5,00","R$0,00","R$24.051.530,00","R$1.500.000,00","R$99.005.877,51",""
"2311","18/08/2021","1","3","4","5","9","10","12","13","14","15","18","19","20","21","25","0","","R$0,00","248","R$1.431,03","9465","R$25,00","121279","R$10,00","652298","R$5,00","R$1.184.808,73","R$17.164.657,50","R$3.000.000,00","R$99.292.524,78","ACUMULADO PRÓXIMO CONCURSO R$ 1.184.808,73"
"2312","19/08/2021","1","2","3","6","7","10","11","12","14","15","18","20","21","22","25","2","GOIANIA/GO; PONTALINA/GO","R$1.486.692,76","352","R$1.522,01","10979","R$25,00","129179","R$10,00","721285","R$5,00","R$0,00","R$21.439.065,00","R$1.500.000,00","R$99.725.244,99",""
"2313","20/08/2021","4","5","6","7","8","10","11","12","14","15","18","19","20","22","25","0","","R$0,00","253","R$1.534,11","9784","R$25,00","123361","R$10,00","650855","R$5,00","R$1.295.764,01","R$17.804.190,00","R$3.000.000,00","R$100.038.736,29","ACUMULADO PRÓXIMO CONCURSO R$ 1.295.764,01."
"2314","21/08/2021","1","2","7","8","9","11","13","14","15","17","19","20","23","24","25","5","CANAL ELETRONICO; BRASILIA/DF; ARAUCARIA/PR; SAO JOAO DA BARRA/RJ; BAURU/SP","R$517.967,11","413","R$938,55","12083","R$25,00","146052","R$10,00","748914","R$5,00","R$0,00","R$19.582.230,00","R$1.500.000,00","R$100.351.818,12",""
"2315","23/08/2021","3","7","8","11","12","13","14","16","17","18","19","21","22","23","25","0","","R$0,00","216","R$1.902,61","8789","R$25,00","119604","R$10,00","604570","R$5,00","R$1.371.986,80","R$17.531.430,00","R$3.500.000,00","R$100.683.750,42","Acumulado próximo concurso R$ 1.371.986,80."
"2316","24/08/2021","2","3","4","5","6","9","10","13","14","15","16","17","19","24","25","3","CANAL ELETRONICO; PRUDENTOPOLIS/PR; PIRACICABA/SP","R$1.028.686,90","387","R$1.326,69","12011","R$25,00","147317","R$10,00","794589","R$5,00","R$0,00","R$22.366.480,00","R$1.500.000,00","R$101.098.445,74",""
"2317","25/08/2021","1","2","3","5","6","7","9","14","15","16","17","20","21","23","25","0","","R$0,00","207","R$1.386,54","8544","R$25,00","108665","R$10,00","561698","R$5,00","R$1.368.839,20","R$16.753.742,50","R$3.500.000,00","R$101.429.616,53","ACUMULADO PRÓXIMO CONCURSO: R$ 1.368.839,20"
"2318","26/08/2021","2","5","6","7","8","11","13","16","17","18","19","20","21","24","25","0","","R$0,00","209","R$1.929,56","8695","R$25,00","121086","R$10,00","724145","R$5,00","R$3.292.168,37","R$21.869.882,50","R$6.500.000,00","R$101.894.938,12","Acumulado próximo concurso R$3.292.168,37"
"2319","27/08/2021","2","3","8","12","13","14","15","16","17","19","21","22","23","24","25","1","CUIABA/MT","R$6.128.952,31","373","R$1.594,67","14630","R$25,00","214720","R$10,00","1120740","R$5,00","R$104.964.842,95","R$33.801.657,50","R$150.000.000,00","R$104.964.842,95",""
"2320","11/09/2021","1","2","3","5","6","9","12","13","15","17","21","22","23","24","25","57","CANAL ELETRONICO; BA; CE; DF; ES; GO; MA; MG; MS; MT; PA; PE; PR; RJ; SC; SE; SP","R$2.791.889,55","10288","R$1.124,02","292658","R$25,00","3577748","R$10,00","18451178","R$5,00","R$0,00","R$517.424.717,50","R$1.500.000,00","R$0,00",""
"2321","13/09/2021","1","2","6","7","8","9","10","12","13","14","15","17","22","23","24","0","","R$0,00","187","R$1.851,74","7283","R$25,00","105970","R$10,00","655457","R$5,00","R$1.651.460,52","R$19.202.465,00","R$4.000.000,00","R$399.546,91","Acumulado próximo concurso R$1.651.460,52"
"2322","14/09/2021","1","2","5","6","7","11","12","13","14","16","18","21","22","23","24","0","","R$0,00","306","R$1.870,40","12047","R$25,00","164160","R$10,00","914113","R$5,00","R$4.381.091,05","R$29.533.590,00","R$7.800.000,00","R$1.059.941,40","ACUMULADO PRÓXIMO CONCURSO: R$ 4.381.091,05"
"2323","15/09/2021","1","4","7","8","11","13","14","16","17","19","21","22","23","24","25","5","CANAL ELETRONICO; CAMACARI/BA; BRASILIA/DF; SAO PAULO/SP","R$1.579.764,69","719","R$1.465,50","23636","R$25,00","280405","R$10,00","1493687","R$5,00","R$0,00","R$43.757.230,00","R$1.500.000,00","R$1.911.005,70",""
"2324","16/09/2021","1","2","3","5","8","9","10","11","13","14","16","17","19","20","25","1","POCOS DE CALDAS/MG","R$1.245.784,39","213","R$1.751,93","9258","R$25,00","122740","R$10,00","668265","R$5,00","R$0,00","R$17.694.685,00","R$1.500.000,00","R$2.212.405,16",""
"2325","17/09/2021","1","2","3","4","5","6","7","8","9","14","17","18","21","23","25","1","SUZANO/SP","R$1.704.602,74","235","R$1.520,92","8777","R$25,00","117987","R$10,00","658250","R$5,00","R$0,00","R$19.880.510,00","R$1.500.000,00","R$2.624.809,06",""
"2326","18/09/2021","2","3","4","5","6","8","11","12","13","14","16","20","22","23","25","1","IRETAMA/PR","R$1.418.330,48","185","R$1.607,53","7301","R$25,00","101051","R$10,00","572532","R$5,00","R$0,00","R$16.894.435,00","R$1.500.000,00","R$2.967.953,54",""
"2327","20/09/2021","1","2","3","4","6","7","8","11","13","15","17","19","20","21","25","1","CANAL ELETRONICO","R$1.357.993,82","255","R$1.595,18","10757","R$25,00","125348","R$10,00","656284","R$5,00","R$0,00","R$18.299.522,50","R$1.500.000,00","R$3.296.500,43",""
"2328","21/09/2021","3","4","5","6","7","8","9","11","14","15","17","20","21","23","25","2","LAGO DA PEDRA/MA; SAO PAULO/SP","R$608.601,96","232","R$1.571,55","8908","R$25,00","121524","R$10,00","612387","R$5,00","R$0,00","R$16.850.040,00","R$1.500.000,00","R$3.590.985,26",""
"2329","22/09/2021","1","3","4","5","10","11","12","13","14","16","17","18","19","20","24","2","UBERLANDIA/MG","R$791.261,29","209","R$1.587,65","11403","R$25,00","105100","R$10,00","598692","R$5,00","R$2.649.235,68","R$18.398.847,50","R$4.500.000,00","R$3.973.853,63",""
"2330","23/09/2021","2","4","5","8","10","11","12","13","14","15","16","18","20","22","23","4","VACARIA/RS; SAO PAULO/SP","R$1.299.104,32","603","R$1.089,57","19346","R$25,00","212689","R$10,00","1025666","R$5,00","R$0,00","R$29.510.500,00","R$1.500.000,00","R$4.504.516,47",""
"2331","24/09/2021","3","4","5","7","8","9","10","13","14","15","16","20","22","24","25","3","POCO DAS TRINCHEIRAS/AL; VILA VELHA/ES; COROMANDEL/MG","R$487.298,54","298","R$1.469,44","10255","R$25,00","128395","R$10,00","691325","R$5,00","R$0,00","R$19.297.285,00","R$1.500.000,00","R$4.858.200,90",""
"2332","25/09/2021","1","4","6","7","8","9","10","11","14","17","18","20","22","24","25","0","","R$0,00","222","R$1.859,41","7993","R$25,00","101060","R$10,00","545567","R$5,00","R$1.378.083,72","R$16.409.615,00","R$3.500.000,00","R$5.191.608,25","Acumulado próximo concurso R$ 1.378.083,72"
"2333","27/09/2021","1","4","6","7","8","9","10","11","13","15","17","18","19","20","23","2","CANAL ELETRONICO; FORTALEZA/CE","R$1.739.664,68","288","R$1.529,81","12103","R$25,00","171302","R$10,00","935561","R$5,00","R$0,00","R$26.608.950,00","R$1.500.000,00","R$5.699.974,14",""
"2334","28/09/2021","2","3","5","7","13","14","16","17","18","20","21","22","23","24","25","2","BRASILIA/DF; SAO PAULO/SP","R$540.425,33","244","R$1.326,87","9854","R$25,00","112705","R$10,00","605486","R$5,00","R$0,00","R$15.896.815,00","R$1.500.000,00","R$5.961.470,28",""
"2335","29/09/2021","2","3","4","5","6","7","9","13","15","16","19","21","22","24","25","0","","R$0,00","236","R$1.703,37","9289","R$25,00","114013","R$10,00","604972","R$5,00","R$1.342.053,27","R$17.276.825,00","R$3.600.000,00","R$6.286.160,59","Acumulado próximo concurso R$ 1.342.053,27"
"2336","30/09/2021","1","3","4","6","10","11","12","13","14","16","17","18","20","22","25","1","TUCURUI/PA","R$3.158.457,35","385","R$1.413,20","14583","R$25,00","178880","R$10,00","894420","R$5,00","R$0,00","R$24.938.265,00","R$1.600.000,00","R$6.725.613,21",""
"2337","01/10/2021","1","2","4","5","6","8","9","10","11","14","16","19","20","21","24","3","RIBEIRA DO POMBAL/BA; MURIAE/MG; TEOFILO OTONI/MG","R$540.252,41","308","R$1.576,23","14976","R$25,00","118515","R$10,00","633174","R$5,00","R$0,00","R$19.515.302,50","R$1.600.000,00","R$7.117.731,89",""
"2338","02/10/2021","1","2","3","4","5","7","8","10","11","12","13","15","16","19","21","1","SAO PAULO/SP","R$1.316.429,24","304","R$1.297,11","9066","R$25,00","121385","R$10,00","579068","R$5,00","R$0,00","R$16.999.047,50","R$1.500.000,00","R$7.436.222,85",""
"2339","04/10/2021","1","3","6","7","8","10","11","14","18","19","20","22","23","24","25","2","CANAL ELETRONICO","R$712.973,96","334","R$1.278,82","9813","R$25,00","132793","R$10,00","682824","R$5,00","R$2.184.462,45","R$19.084.127,50","R$4.000.000,00","R$7.781.210,26",""
"2340","05/10/2021","2","5","7","8","9","11","12","13","14","17","18","20","22","23","25","6","MANAUS/AM; ANAPOLIS/GO; LAGES/SC; TIMBO/SC; BERTIOGA/SP; SAO PAULO/SP","R$691.810,16","878","R$577,68","22943","R$25,00","226673","R$10,00","1114317","R$5,00","R$0,00","R$28.404.785,00","R$1.500.000,00","R$8.190.876,62",""
"2341","06/10/2021","2","4","5","7","9","11","12","14","15","19","20","21","22","24","25","3","SANTA INES/MA; SANTAREM/PA; RIBEIRAO PRETO/SP","R$489.784,92","576","R$764,11","15183","R$25,00","143052","R$10,00","691461","R$5,00","R$0,00","R$19.960.807,50","R$1.500.000,00","R$8.546.365,69",""
"2342","07/10/2021","1","2","3","4","9","10","13","15","16","18","19","20","21","22","25","0","","R$0,00","200","R$1.597,54","8288","R$25,00","111488","R$10,00","627648","R$5,00","R$1.523.801,95","R$18.388.430,00","R$3.500.000,00","R$8.915.027,45","Acumulado próximo concurso: R$ 1.523.801,95"
"2343","08/10/2021","1","2","5","9","12","15","16","17","18","19","20","22","23","24","25","1","GOIANIA/GO","R$4.170.344,57","327","R$1.697,01","12835","R$25,00","181424","R$10,00","1039505","R$5,00","R$0,00","R$30.981.925,00","R$1.500.000,00","R$9.555.320,04",""
"2344","09/10/2021","1","3","4","6","7","9","10","11","12","13","16","17","19","20","21","2","VIEIRAS/MG; GUARAPUAVA/PR","R$655.041,73","333","R$1.178,44","9881","R$25,00","119051","R$10,00","623162","R$5,00","R$0,00","R$17.467.060,00","R$1.500.000,00","R$9.872.275,73",""
"2345","11/10/2021","3","6","7","9","10","11","12","14","16","17","19","20","23","24","25","2","CURITIBA/PR; RIO DE JANEIRO/RJ","R$799.414,59","270","R$1.773,74","9704","R$25,00","125638","R$10,00","702725","R$5,00","R$0,00","R$20.061.230,00","R$1.500.000,00","R$10.259.089,24",""
"2346","13/10/2021","1","4","5","8","10","11","12","14","16","17","18","19","21","22","25","2","RIO DE JANEIRO/RJ; ARACAJU/SE","R$893.350,27","209","R$1.792,49","9288","R$25,00","121703","R$10,00","687902","R$5,00","R$0,00","R$20.774.075,00","R$1.500.000,00","R$10.691.355,51",""
"2347","14/10/2021","2","3","5","6","8","9","11","13","15","16","17","19","21","24","25","11","CANAL ELETRONICO; BRASILIA/DF; SAO LUIS/MA; BELO HORIZONTE/MG; CARUARU/PE; TIMBO/SC; SAO PAULO/SP","R$98.272,12","782","R$414,06","15001","R$25,00","137378","R$10,00","628467","R$5,00","R$0,00","R$17.028.622,50","R$1.500.000,00","R$10.952.886,14",""
"2348","15/10/2021","1","2","5","8","9","11","13","14","15","17","19","20","22","23","24","5","MARACACUME/MA; SAO LUIS/MA; NOVA PORTEIRINHA/MG; NOVO ORIENTE DO PIAUI/PI; SAO PAULO/SP","R$275.272,83","594","R$694,06","13732","R$25,00","140801","R$10,00","740778","R$5,00","R$0,00","R$19.899.760,00","R$1.500.000,00","R$11.285.877,48",""
"2349","16/10/2021","2","5","6","9","10","11","12","15","16","17","18","20","21","22","23","0","","R$0,00","225","R$1.397,74","7486","R$25,00","95370","R$10,00","534354","R$5,00","R$3.805.136,64","R$16.767.192,50","R$6.100.000,00","R$11.648.753,07",""
"2350","18/10/2021","2","3","4","5","6","7","8","9","10","15","17","19","21","22","25","1","RECIFE/PE","R$7.353.473,42","366","R$1.750,47","14805","R$25,00","207197","R$10,00","1210406","R$5,00","R$0,00","R$35.835.007,50","R$1.500.000,00","R$12.387.989,91",""
"2351","19/10/2021","1","3","4","5","6","7","8","9","10","12","14","15","20","23","24","1","GUARUJA DO SUL/SC","R$1.353.808,22","170","R$1.669,78","6791","R$25,00","111986","R$10,00","540880","R$5,00","R$0,00","R$16.409.247,50","R$1.500.000,00","R$12.715.524,17",""
"2352","20/10/2021","3","4","7","8","11","12","15","16","17","18","20","22","23","24","25","1","GOIANIA/GO","R$1.514.262,12","214","R$1.483,68","8495","R$25,00","114022","R$10,00","615793","R$5,00","R$0,00","R$18.271.380,00","R$1.500.000,00","R$13.081.877,92",""
"2353","21/10/2021","1","2","3","7","8","12","13","14","15","16","18","20","23","24","25","2","QUIRINOPOLIS/GO; CARMO DO CAJURU/MG","R$604.502,63","309","R$1.171,98","10507","R$25,00","113697","R$10,00","588091","R$5,00","R$0,00","R$16.437.892,50","R$1.500.000,00","R$13.374.379,20",""
"2354","22/10/2021","1","2","5","6","9","10","11","12","13","16","17","18","19","20","21","4","ANAPOLIS/GO; SAO LUIS/MA; DRACENA/SP; OSASCO/SP","R$345.963,78","557","R$744,19","14712","R$25,00","139152","R$10,00","667677","R$5,00","R$0,00","R$19.114.905,00","R$1.500.000,00","R$13.709.182,86",""
"2355","23/10/2021","2","3","4","5","6","8","9","10","11","12","18","19","20","21","25","1","SAO CAETANO DO SUL/SP","R$1.275.471,22","238","R$1.605,26","8456","R$25,00","102062","R$10,00","574838","R$5,00","R$0,00","R$16.251.635,00","R$1.500.000,00","R$14.017.764,62",""
"2356","25/10/2021","3","5","6","7","8","9","10","13","16","18","19","20","21","22","25","0","","R$0,00","200","R$1.550,06","8011","R$25,00","110168","R$10,00","664414","R$5,00","R$1.478.516,79","R$18.525.365,00","R$4.000.000,00","R$14.375.470,30","TOTAL LIQUIDO ACUMULADO PARA QUINZE PONTOS: R$ 1.478.516,79"
"2357","26/10/2021","1","2","4","6","7","8","9","10","12","13","14","20","23","24","25","3","CANAL ELETRONICO; SAO PAULO/SP","R$1.192.683,08","363","R$1.732,48","12885","R$25,00","174709","R$10,00","961118","R$5,00","R$0,00","R$27.018.310,00","R$1.500.000,00","R$14.883.421,72",""
"2358","27/10/2021","4","5","6","7","8","11","12","14","15","16","17","20","23","24","25","1","SAO PAULO/SP","R$1.583.182,24","269","R$1.762,91","7873","R$25,00","103289","R$10,00","551713","R$5,00","R$0,00","R$17.615.145,00","R$1.500.000,00","R$15.266.449,69",""
"2359","28/10/2021","3","4","5","6","7","12","14","15","17","19","20","21","22","23","24","1","SAO PAULO/SP","R$1.294.142,38","259","R$1.496,70","8687","R$25,00","101721","R$10,00","538941","R$5,00","R$2.127.705,75","R$15.942.295,00","R$4.000.000,00","R$15.579.548,67",""
"2360","29/10/2021","3","5","6","8","11","12","13","15","17","18","19","21","22","23","25","1","IGARASSU/PE","R$4.343.470,35","546","R$1.046,75","20726","R$25,00","238703","R$10,00","1191075","R$5,00","R$0,00","R$30.581.115,00","R$1.500.000,00","R$16.041.166,30",""
"2361","30/10/2021","3","4","5","7","10","12","13","14","16","18","19","21","22","23","24","2","CANAL ELETRONICO; GOIANIA/GO","R$651.387,16","256","R$1.524,34","9040","R$25,00","105321","R$10,00","569706","R$5,00","R$0,00","R$16.446.422,50","R$1.500.000,00","R$16.356.353,65",""
"2362","01/11/2021","1","4","6","7","8","10","11","12","14","18","19","21","22","24","25","0","","R$0,00","225","R$1.578,41","9046","R$25,00","118369","R$10,00","620365","R$5,00","R$1.693.757,24","R$19.410.222,50","R$4.000.000,00","R$16.766.133,64","Acumulado próximo concurso R$ 1.693.757,24."
"2363","03/11/2021","1","2","3","4","8","11","12","13","14","15","20","21","22","24","25","1","BOM JESUS DA LAPA/BA","R$4.567.568,84","356","R$1.692,63","19670","R$25,00","156735","R$10,00","978445","R$5,00","R$0,00","R$31.310.290,00","R$1.500.000,00","R$17.461.410,64",""
"2364","04/11/2021","1","5","6","7","8","9","10","11","13","15","16","17","18","22","24","0","","R$0,00","220","R$1.356,36","8309","R$25,00","107403","R$10,00","585915","R$5,00","R$1.423.129,97","R$17.278.965,00","R$3.500.000,00","R$17.805.716,29","Acumulado para o concurso 2365: R$ 1.423.129,97"
"2365","05/11/2021","2","7","8","9","11","14","15","16","17","18","20","21","22","23","25","0","","R$0,00","337","R$1.548,97","12308","R$25,00","164359","R$10,00","944652","R$5,00","R$3.912.681,48","R$28.629.397,50","R$7.500.000,00","R$18.408.027,15","Acumulado próximo concurso 2366: R$ 3.912.681,48"
"2366","06/11/2021","1","3","5","7","10","11","13","15","16","18","19","20","21","22","25","19","MANAUS/AM; BRASILIA/DF; CRISTALINA/GO; GUAPO/GO; PIRACANJUBA/GO; BELO HORIZONTE/MG; GUAMIRANGA/PR; QUEDAS DO IGUACU/PR; RIO DE JANEIRO/RJ; SEROPEDICA/RJ; PORTO VELHO/RO; TAIO/SC; BAURU/SP; GUARUJA/SP; PARAPUA/SP; SAO PAULO/SP; VINHEDO/SP; VOTUPORANGA/SP","R$292.047,45","1462","R$335,23","32783","R$25,00","302116","R$10,00","1228573","R$5,00","R$0,00","R$31.727.087,50","R$1.500.000,00","R$18.803.886,86",""
"2367","08/11/2021","2","3","5","8","9","10","11","12","14","16","17","19","22","23","25","10","CANAL ELETRONICO; BELO HORIZONTE/MG; UBERABA/MG; RIO DE JANEIRO/RJ; URUGUAIANA/RS; BARUERI/SP; HORTOLANDIA/SP; ITU/SP; MOCOCA/SP; SAO PAULO/SP","R$145.765,87","546","R$799,68","13334","R$25,00","141290","R$10,00","706495","R$5,00","R$0,00","R$19.924.765,00","R$1.500.000,00","R$19.156.546,23",""
"2368","09/11/2021","2","3","4","7","8","9","10","11","12","14","16","18","19","22","23","2","PATROCINIO DO MURIAE/MG; NOVA MUTUM/MT","R$619.697,19","424","R$875,58","12063","R$25,00","139829","R$10,00","622568","R$5,00","R$0,00","R$17.689.625,00","R$1.500.000,00","R$19.456.399,72",""
"2369","10/11/2021","2","3","5","8","9","10","11","12","13","14","15","22","23","24","25","1","CACHOEIRO DE ITAPEMIRIM/ES","R$1.395.373,49","302","R$1.384,00","10565","R$25,00","140534","R$10,00","749863","R$5,00","R$2.501.882,46","R$19.916.785,00","R$5.200.000,00","R$19.793.990,10",""
"2370","11/11/2021","1","7","8","9","10","11","12","13","14","16","19","20","21","24","25","1","HORTOLANDIA/SP","R$5.318.347,15","315","R$1.614,38","12752","R$25,00","171543","R$10,00","1012534","R$5,00","R$0,00","R$29.262.107,50","R$1.500.000,00","R$20.380.753,59",""
"2371","12/11/2021","3","5","6","8","11","12","13","14","15","19","21","22","23","24","25","0","","R$0,00","297","R$1.431,74","11865","R$25,00","137907","R$10,00","714421","R$5,00","R$1.419.610,50","R$19.651.192,50","R$4.000.000,00","R$20.724.207,75","Acumulado próximo concurso 2372:  R$ 1.419.610,50"
"2372","13/11/2021","1","2","4","5","7","8","11","13","14","15","19","20","21","22","24","0","","R$0,00","363","R$1.599,06","12633","R$25,00","155221","R$10,00","822764","R$5,00","R$3.357.461,77","R$24.099.077,50","R$6.500.000,00","R$21.193.042,74","Acumulado próximo concurso 2373: R$ 3.357.461,77"
"2373","16/11/2021","2","3","4","5","6","7","8","10","13","14","15","17","21","24","25","1","PORTO ALEGRE/RS","R$6.466.287,24","443","R$1.471,45","17016","R$25,00","236986","R$10,00","1339239","R$5,00","R$0,00","R$38.419.025,00","R$1.500.000,00","R$21.945.177,94",""
"2374","17/11/2021","1","3","5","7","9","10","14","15","16","17","20","21","22","23","25","1","SAO BENTO DO SUL/SC","R$1.261.027,79","322","R$1.173,06","12572","R$25,00","145179","R$10,00","702246","R$5,00","R$1.246.341,12","R$18.876.387,50","R$1.500.000,00","R$22.250.265,33",""
"2375","18/11/2021","4","5","8","11","12","13","14","17","18","19","20","21","22","23","25","1","SAO PAULO/SP","R$1.229.672,74","202","R$1.823,44","7813","R$25,00","117594","R$10,00","593055","R$5,00","R$0,00","R$16.539.532,50","R$1.500.000,00","R$22.547.766,81",""
"2376","19/11/2021","1","2","4","6","8","9","14","15","16","17","19","21","22","23","24","2","SANTO ANDRE/SP","R$923.922,98","306","R$1.808,83","9130","R$25,00","103669","R$10,00","568942","R$5,00","R$0,00","R$19.301.867,50","R$1.500.000,00","R$22.994.826,32",""
"2377","20/11/2021","1","2","3","4","5","6","8","9","10","12","14","18","19","20","24","3","CANAL ELETRONICO; SALVADOR/BA","R$371.197,33","238","R$1.401,53","11845","R$25,00","100542","R$10,00","532942","R$5,00","R$0,00","R$15.068.362,50","R$1.500.000,00","R$23.264.243,75",""
"2378","22/11/2021","1","2","3","4","5","10","12","14","15","16","17","21","23","24","25","1","BARREIRAS/BA","R$1.592.881,07","165","R$2.024,19","7391","R$25,00","104632","R$10,00","583093","R$5,00","R$0,00","R$18.031.817,50","R$1.500.000,00","R$23.649.618,21",""
"2379","23/11/2021","1","2","3","5","7","8","9","11","12","15","16","20","23","24","25","3","GOIANIA/GO; BOM JARDIM/MA; COROADOS/SP","R$398.164,76","269","R$1.330,10","8410","R$25,00","99787","R$10,00","556289","R$5,00","R$2.371.903,36","R$15.552.147,50","R$4.500.000,00","R$23.938.608,77",""
"2380","24/11/2021","1","3","5","6","7","9","10","11","13","14","15","17","21","22","24","1","MOSSORO/RN","R$4.416.546,22","593","R$889,35","18501","R$25,00","211383","R$10,00","1056997","R$5,00","R$0,00","R$27.492.897,50","R$1.500.000,00","R$24.364.576,04",""
"2381","25/11/2021","1","2","5","8","9","10","11","14","15","18","19","20","23","24","25","4","GOVERNADOR VALADARES/MG; LONDRINA/PR; VISTA ALEGRE/RS; PAULINIA/SP","R$267.938,72","438","R$732,95","10720","R$25,00","110390","R$10,00","562057","R$5,00","R$0,00","R$15.344.097,50","R$1.500.000,00","R$24.623.871,58",""
"2382","26/11/2021","1","2","3","4","5","6","7","9","10","11","14","15","19","21","24","0","","R$0,00","243","R$1.632,69","8624","R$25,00","134132","R$10,00","617284","R$5,00","R$1.324.518,26","R$17.751.385,00","R$3.500.000,00","R$24.944.319,55","Acumulado próximo concurso R$ 1.324.518,26."
"2383","27/11/2021","1","2","3","7","9","11","12","13","14","15","16","18","20","22","24","3","TIMOTEO/MG; ANANINDEUA/PA; LONDRINA/PR","R$998.827,83","533","R$939,62","13760","R$25,00","140792","R$10,00","721861","R$5,00","R$0,00","R$21.254.162,50","R$1.500.000,00","R$25.348.827,28",""
"2384","29/11/2021","1","3","4","5","7","9","10","11","13","15","16","18","20","22","24","38","CANAL ELETRONICO; AGUA BRANCA/AL; SALVADOR/BA; SAUBARA/BA; FORTALEZA/CE; BRASILIA/DF; AFONSO CLAUDIO/ES; ANAPOLIS/GO; FORMOSA/GO; ITAPIRAPUA/GO; CENTRO DO GUILHERME/MA; BOA ESPERANCA/MG; CONGONHAS/MG; GUARABIRA/PB; JABOATAO DOS GUARARAPES/PE; SAO CAITANO/PE; VITORIA DE SANTO ANTAO/PE; COLOMBO/PR; MARMELEIRO/PR; RIO DE JANEIRO/RJ; PELOTAS/RS; PORTO UNIAO/SC; PROPRIA/SE; ARARAQUARA/SP; ATIBAIA/SP; BOTUCATU/SP; DUMONT/SP; FRANCO DA ROCHA/SP; PORTO FERREIRA/SP; POTIM/SP","R$21.966,33","2114","R$118,27","22584","R$25,00","166707","R$10,00","642241","R$5,00","R$790.799,83","R$16.992.375,00","R$1.500.000,00","R$25.550.775,84","DETALHAMENTO / CONTINUAÇÃO DE GANHADORES DO PREMIO PRINCIPAL DE 15 ACERTOS:                                 SP - VOTUPORANGA : 01 APOSTA;                                SP - SUMARE : 01 APOSTA;PARA DETALHAMENTO COMPLETO ACESSE ""LOCAIS DA SORTE"" (DETALHES DAS APOSTAS GANHADORAS)"
"2385","30/11/2021","1","2","3","5","10","11","12","13","16","17","18","21","22","23","24","0","","R$0,00","167","R$1.729,26","6865","R$25,00","86537","R$10,00","525051","R$5,00","R$1.377.282,95","R$15.768.657,50","R$3.500.000,00","R$25.883.989,46","Acumulado próximo concurso R$ 1.377.282,95."
"2386","01/12/2021","2","3","6","7","8","10","12","13","14","15","16","17","18","23","24","6","CANAL ELETRONICO; BRASILIA/DF; TEOFILO OTONI/MG; MATAO/SP; SAO JOSE DOS CAMPOS/SP; SAO PAULO/SP","R$590.132,30","408","R$1.588,37","14602","R$25,00","174310","R$10,00","907234","R$5,00","R$0,00","R$26.826.685,00","R$1.500.000,00","R$26.407.419,50",""
"2387","02/12/2021","2","4","5","8","9","10","12","16","17","19","20","21","22","24","25","3","CANAL ELETRONICO; CAMPOS NOVOS PAULISTA/SP","R$456.503,28","217","R$1.890,42","8666","R$25,00","108518","R$10,00","588111","R$5,00","R$0,00","R$17.065.600,00","R$1.500.000,00","R$26.738.752,53",""
"2388","03/12/2021","3","4","5","7","8","9","10","12","13","15","16","17","19","23","25","4","BRASILIA/DF; GLAUCILANDIA/MG; SANTO ANGELO/RS; SAO PAULO/SP","R$288.418,86","385","R$897,58","13756","R$25,00","157594","R$10,00","780822","R$5,00","R$0,00","R$19.566.755,00","R$1.500.000,00","R$27.017.867,57",""
"2389","04/12/2021","4","5","6","8","9","10","11","12","18","19","21","22","23","24","25","0","","R$0,00","234","R$1.889,80","7769","R$25,00","95175","R$10,00","544549","R$5,00","R$3.483.290,05","R$16.771.315,00","R$6.000.000,00","R$27.375.040,31","Acumulado próximo concurso R$3.483.290,05"
"2390","06/12/2021","1","2","3","4","5","6","10","11","15","19","20","21","22","23","24","8","CANAL ELETRONICO; BRASILIA/DF; VIANOPOLIS/GO; CONTAGEM/MG; MARINGA/PR; CANDIOTA/RS; BLUMENAU/SC","R$879.341,66","870","R$1.052,92","16772","R$25,00","197713","R$10,00","1150951","R$5,00","R$0,00","R$35.058.130,00","R$1.500.000,00","R$28.114.924,32",""
"2391","07/12/2021","3","4","5","6","8","9","11","12","14","18","19","21","22","24","25","1","CANARANA/MT","R$1.301.578,81","382","R$1.020,61","14915","R$25,00","118906","R$10,00","591334","R$5,00","R$0,00","R$17.341.717,50","R$1.500.000,00","R$28.429.822,44",""
"2392","08/12/2021","1","2","5","6","8","11","12","13","16","17","18","22","23","24","25","0","","R$0,00","235","R$1.792,96","7972","R$25,00","102625","R$10,00","547456","R$5,00","R$1.406.653,90","R$16.618.150,00","R$3.600.000,00","R$28.770.141,94","Acumulado próximo concurso 2393: R$ 1.406.653,90"
"2393","09/12/2021","2","3","5","10","11","12","15","16","17","19","20","21","22","23","25","0","","R$0,00","318","R$1.578,17","12929","R$25,00","165667","R$10,00","903117","R$5,00","R$3.082.091,20","R$23.889.122,50","R$6.000.000,00","R$29.175.489,68","Acumulado próximo concurso R$ 3.082.091,20"
"2394","10/12/2021","1","4","6","7","9","10","12","17","18","19","20","21","22","23","25","4","BRASILIA/DF; DIVINOPOLIS/MG; UBERLANDIA/MG; ATIBAIA/SP","R$1.486.615,30","359","R$1.672,96","13236","R$25,00","187307","R$10,00","1050973","R$5,00","R$1.169.038,71","R$32.430.832,50","R$1.500.000,00","R$29.868.482,43",""
"2395","11/12/2021","1","2","5","6","7","10","13","14","15","17","18","19","20","23","25","2","NOVO HAMBURGO/RS; SAO PAULO/SP","R$630.210,73","279","R$1.353,21","7952","R$25,00","98698","R$10,00","569559","R$5,00","R$0,00","R$16.004.087,50","R$1.500.000,00","R$30.173.423,12",""
"2396","13/12/2021","1","3","4","7","10","12","13","16","17","18","20","22","23","24","25","4","CUPIRA/PE; IVATE/PR; RIO DE JANEIRO/RJ; OSASCO/SP","R$311.203,33","357","R$1.044,45","11161","R$25,00","126340","R$10,00","641763","R$5,00","R$0,00","R$17.576.640,00","R$1.500.000,00","R$30.474.587,64",""
"2397","14/12/2021","2","4","6","7","9","10","13","14","15","17","18","20","21","22","25","1","GUARAPARI/ES","R$1.370.748,46","272","R$1.509,53","8977","R$25,00","102720","R$10,00","558825","R$5,00","R$0,00","R$16.618.585,00","R$1.500.000,00","R$30.806.220,34",""
"2398","15/12/2021","2","3","4","5","6","9","10","12","13","14","15","20","22","23","25","0","","R$0,00","212","R$1.776,34","9501","R$25,00","117294","R$10,00","682908","R$5,00","R$1.257.212,81","R$17.812.707,50","R$3.500.000,00","R$31.110.384,74","Acumulado próximo concurso R$ 1.257.212,81."
"2399","16/12/2021","1","2","4","5","7","9","12","14","15","16","17","19","20","21","25","0","","R$0,00","368","R$1.531,94","13926","R$25,00","155415","R$10,00","801864","R$5,00","R$5.439.823,25","R$23.640.602,50","R$8.500.000,00","R$31.565.725,77","Acumulado próximo concurso R$ 5.439.823,25"
"2400","17/12/2021","2","3","5","9","10","11","12","13","14","15","16","20","21","23","25","3","BRASILIA/DF; MARILIA/SP; SALTO/SP","R$2.885.513,44","575","R$1.442,97","22687","R$25,00","295160","R$10,00","1523910","R$5,00","R$0,00","R$40.416.840,00","R$1.500.000,00","R$32.235.875,17",""
"2401","18/12/2021","1","4","5","6","7","9","10","11","12","15","16","19","20","22","23","4","URUPA/RO; ARACAJU/SE; SAO PAULO/SP","R$358.567,73","269","R$1.597,10","7943","R$25,00","93263","R$10,00","529601","R$5,00","R$0,00","R$16.341.365,00","R$1.500.000,00","R$32.582.876,20",""
"2402","20/12/2021","1","2","3","4","5","6","9","10","11","13","14","18","20","23","25","3","SERRA/ES; CARAZINHO/RS; CACHOEIRA PAULISTA/SP","R$370.337,82","321","R$1.036,73","13409","R$25,00","144941","R$10,00","741668","R$5,00","R$0,00","R$18.576.502,50","R$1.500.000,00","R$32.851.669,79",""
"2403","21/12/2021","1","4","5","8","10","12","16","17","18","19","20","21","23","24","25","1","SANTA CRUZ DAS PALMEIRAS/SP","R$1.416.948,68","192","R$1.547,41","7725","R$25,00","103208","R$10,00","569670","R$5,00","R$0,00","R$16.928.290,00","R$1.500.000,00","R$33.194.479,96",""
"2404","22/12/2021","1","2","3","4","5","7","10","11","12","14","15","22","23","24","25","1","TABOAO DA SERRA/SP","R$1.284.582,93","326","R$1.180,31","16780","R$25,00","121540","R$10,00","686509","R$5,00","R$846.260,64","R$18.517.447,50","R$1.500.000,00","R$33.505.266,16",""
"2405","23/12/2021","2","3","4","5","6","7","8","9","11","15","17","18","19","21","23","1","BRASILIA/DF","R$1.411.882,42","222","R$1.333,51","10236","R$25,00","122314","R$10,00","630137","R$5,00","R$0,00","R$18.184.337,50","R$1.500.000,00","R$33.846.850,63",""
"2406","24/12/2021","1","2","3","5","6","8","10","12","15","17","20","21","23","24","25","3","ARAPIRACA/AL; AMPARO/SP; BOITUVA/SP","R$274.207,82","441","R$558,74","13049","R$25,00","124664","R$10,00","571694","R$5,00","R$0,00","R$14.594.650,00","R$1.500.000,00","R$34.045.872,45",""
"2407","27/12/2021","1","2","3","4","6","8","9","11","12","17","18","19","20","23","24","1","VARJAO/GO","R$1.657.772,62","194","R$1.791,74","8030","R$25,00","108033","R$10,00","623887","R$5,00","R$0,00","R$18.962.555,00","R$1.500.000,00","R$34.446.946,48",""
"2408","28/12/2021","1","3","4","6","8","9","10","11","12","13","16","19","21","22","23","4","CANAL ELETRONICO; IBIRAPITANGA/BA; RIO DE JANEIRO/RJ","R$369.769,22","240","R$1.846,00","8127","R$25,00","105829","R$10,00","558875","R$5,00","R$0,00","R$17.217.650,00","R$1.500.000,00","R$34.804.787,68",""
"2409","29/12/2021","1","2","5","6","7","8","9","10","12","16","19","20","21","22","25","3","CANAL ELETRONICO; VESPASIANO/MG; SAO PAULO/SP","R$560.131,74","222","R$1.587,12","8644","R$25,00","103511","R$10,00","596588","R$5,00","R$1.983.639,75","R$18.699.027,50","R$4.000.000,00","R$35.211.334,92",""
"2410","30/12/2021","1","2","3","4","7","9","10","13","14","16","17","19","20","22","23","3","BRASILIA/DF; AMERICANA/SP; SANTO ANDRE/SP","R$1.424.466,90","468","R$1.261,99","15693","R$25,00","180698","R$10,00","938136","R$5,00","R$0,00","R$26.374.075,00","R$1.200.000,00","R$35.688.368,46",""
"2411","31/12/2021","1","2","3","4","5","7","8","9","10","12","13","14","17","19","24","7","CANAL ELETRONICO; MARACAS/BA; FERROS/MG; ORLEANS/SC; LARANJAL PAULISTA/SP; SAO PAULO/SP","R$110.230,91","422","R$547,69","11845","R$25,00","146978","R$10,00","597879","R$5,00","R$0,00","R$15.070.860,00","R$1.500.000,00","R$35.875.049,84",""
"2412","03/01/2022","1","4","6","7","8","9","11","13","14","15","17","18","19","21","24","3","CANAL ELETRONICO; BRASILIA/DF; BELO HORIZONTE/MG","R$551.054,56","301","R$1.645,14","9466","R$25,00","111929","R$10,00","615719","R$5,00","R$0,00","R$19.016.535,00","R$1.500.000,00","R$36.275.008,80",""
"2413","04/01/2022","1","3","4","5","6","7","8","9","12","15","16","18","20","21","25","2","CUIABA/MT; GABRIEL MONTEIRO/SP","R$715.702,58","239","R$1.793,98","9664","R$25,00","111275","R$10,00","597439","R$5,00","R$0,00","R$17.623.330,00","R$1.500.000,00","R$36.621.316,51",""
"2414","05/01/2022","3","4","5","6","7","8","9","10","11","13","16","17","19","21","24","4","SALVADOR/BA; IRATI/PR; OSORIO/RS; SAO PAULO/SP","R$396.448,82","230","R$1.445,68","9122","R$25,00","123064","R$10,00","706023","R$5,00","R$877.738,78","R$19.937.050,00","R$1.500.000,00","R$37.004.976,66",""
"2415","06/01/2022","2","6","7","9","10","11","12","13","14","19","20","21","22","23","25","0","","R$0,00","177","R$1.800,16","8465","R$25,00","117741","R$10,00","670742","R$5,00","R$1.519.613,62","R$19.017.667,50","R$4.000.000,00","R$37.372.625,13","Acumulado próximo concurso R$ 1.519.613,62."
"2416","07/01/2022","4","5","6","7","11","13","14","15","16","17","18","20","21","22","25","1","PIRACICABA/SP","R$4.449.206,30","416","R$1.476,61","13870","R$25,00","177568","R$10,00","1035896","R$5,00","R$0,00","R$32.415.510,00","R$1.500.000,00","R$38.081.397,57",""
"2417","08/01/2022","1","4","6","7","8","9","10","11","14","15","17","18","22","23","25","1","CANAL ELETRONICO","R$1.599.420,84","181","R$1.852,83","8726","R$25,00","91832","R$10,00","543215","R$5,00","R$0,00","R$17.388.342,50","R$1.500.000,00","R$38.468.354,23",""
"2418","10/01/2022","3","4","7","8","11","12","13","14","16","17","18","19","20","23","24","4","FORTALEZA/CE; DIVINOPOLIS/MG; RECIFE/PE; GUARUJA/SP","R$400.066,29","298","R$1.608,53","9798","R$25,00","132110","R$10,00","706493","R$5,00","R$0,00","R$20.267.040,00","R$1.500.000,00","R$38.855.515,16",""
"2419","11/01/2022","2","3","5","6","10","11","12","13","15","18","19","21","22","23","24","0","","R$0,00","271","R$1.503,50","9977","R$25,00","120769","R$10,00","658921","R$5,00","R$3.691.086,36","R$18.191.365,00","R$7.000.000,00","R$39.184.610,02",""
"2420","12/01/2022","1","3","5","9","10","11","12","13","14","15","18","21","22","24","25","2","SANTO ANDRE/SP; SAO PAULO/SP","R$3.416.783,38","653","R$1.241,28","21173","R$25,00","280672","R$10,00","1462963","R$5,00","R$0,00","R$38.952.572,50","R$1.500.000,00","R$39.839.293,44",""
"2421","13/01/2022","3","4","5","6","7","10","13","14","16","17","19","20","21","22","24","3","CANAL ELETRONICO; COLATINA/ES; RIBEIRAO PRETO/SP","R$484.612,23","272","R$1.601,03","9747","R$25,00","115870","R$10,00","604013","R$5,00","R$0,00","R$17.929.167,50","R$1.500.000,00","R$40.191.028,13",""
"2422","14/01/2022","1","2","3","4","5","7","8","10","11","12","14","17","18","22","25","1","BRASILIA/DF","R$1.420.596,85","371","R$1.146,96","12885","R$25,00","151549","R$10,00","793818","R$5,00","R$0,00","R$20.945.720,00","R$1.500.000,00","R$40.534.720,92",""
"2423","15/01/2022","3","4","5","7","8","9","10","11","15","16","17","18","19","20","24","1","WANDERLANDIA/TO","R$1.483.584,53","201","R$1.547,63","7170","R$25,00","98611","R$10,00","582562","R$5,00","R$0,00","R$17.293.120,00","R$1.500.000,00","R$40.893.652,67",""
"2424","17/01/2022","1","3","4","5","6","9","10","11","14","15","16","20","22","23","25","1","PAULA FREITAS/PR","R$1.434.671,19","363","R$1.183,85","11783","R$25,00","136962","R$10,00","696227","R$5,00","R$934.304,71","R$19.494.865,00","R$1.500.000,00","R$41.240.750,55",""
"2425","18/01/2022","1","3","4","5","6","10","11","13","15","19","20","21","22","24","25","1","CANAL ELETRONICO","R$886.557,71","361","R$735,61","15094","R$25,00","156805","R$10,00","721372","R$5,00","R$0,00","R$17.520.230,00","R$1.500.000,00","R$41.455.240,32",""
"2426","19/01/2022","1","2","3","6","7","8","9","11","13","19","20","21","22","23","24","2","BOM JESUS/PI; ICARA/SC","R$813.170,54","194","R$1.757,77","7719","R$25,00","107989","R$10,00","620066","R$5,00","R$0,00","R$18.732.467,50","R$1.500.000,00","R$41.848.709,95",""
"2427","20/01/2022","1","3","6","8","11","15","16","17","18","19","20","21","22","23","24","1","SAO PAULO/SP","R$1.541.229,64","154","R$2.098,45","5781","R$25,00","79475","R$10,00","514778","R$5,00","R$0,00","R$16.296.160,00","R$1.500.000,00","R$42.221.588,10",""
"2428","21/01/2022","2","5","6","7","9","10","11","12","15","16","17","18","20","24","25","0","","R$0,00","203","R$1.662,04","8805","R$25,00","116683","R$10,00","658965","R$5,00","R$1.609.109,81","R$19.352.725,00","R$4.200.000,00","R$42.610.888,87","Acumulado próximo concurso R$ 1.609.109,81"
"2429","22/01/2022","1","4","5","6","8","9","10","11","12","14","15","19","20","21","24","2","ITAPECURU MIRIM/MA; SAO PAULO/SP","R$1.737.220,09","491","R$1.137,96","19301","R$25,00","164291","R$10,00","874675","R$5,00","R$2.148.589,95","R$24.906.127,50","R$4.000.000,00","R$43.062.178,49",""
"2430","24/01/2022","1","4","5","7","8","10","11","12","14","17","18","19","20","21","23","7","MACEIO/AL; MACAPA/AP; SALVADOR/BA; BARBACENA/MG; MONTES CLAROS/MG; FOZ DO IGUACU/PR; RIO DE JANEIRO/RJ","R$687.593,99","730","R$941,49","20051","R$25,00","221002","R$10,00","1099704","R$5,00","R$0,00","R$31.134.155,00","R$1.500.000,00","R$43.617.296,83",""
"2431","25/01/2022","4","6","7","8","9","10","11","12","13","14","17","18","19","22","25","0","","R$0,00","177","R$1.550,06","7225","R$25,00","103900","R$10,00","566618","R$5,00","R$1.308.487,27","R$16.303.720,00","R$3.500.000,00","R$43.933.866,33","Acumulado próximo concurso R$ 1.308.487,27."
"2432","26/01/2022","3","5","6","7","8","9","11","12","13","14","15","19","20","21","25","1","VITORIA/ES","R$3.292.653,04","324","R$1.834,36","12565","R$25,00","170069","R$10,00","1001143","R$5,00","R$0,00","R$26.741.270,00","R$1.500.000,00","R$44.413.906,44",""
"2433","27/01/2022","1","3","4","5","6","9","10","11","12","13","15","18","20","21","24","4","GOIANIA/GO; ARACATUBA/SP; SAO BERNARDO DO CAMPO/SP; SAO PAULO/SP","R$223.130,00","348","R$768,23","12232","R$25,00","141301","R$10,00","676189","R$5,00","R$0,00","R$16.508.080,00","R$1.500.000,00","R$44.629.838,71",""
"2434","28/01/2022","1","4","7","11","13","14","16","17","19","20","21","22","23","24","25","1","PIRAQUARA/PR","R$1.529.914,24","561","R$816,87","9350","R$25,00","130426","R$10,00","644428","R$5,00","R$921.788,26","R$19.112.567,50","R$1.500.000,00","R$44.999.979,26",""
"2435","29/01/2022","2","4","5","6","7","10","11","12","13","15","16","19","20","21","22","4","SALVADOR/BA; FUNDAO/ES; SANTO ANGELO/RS; PROMISSAO/SP","R$325.300,64","313","R$1.245,24","10316","R$25,00","110965","R$10,00","582552","R$5,00","R$0,00","R$16.790.017,50","R$1.500.000,00","R$45.314.786,35",""
"2436","31/01/2022","2","3","4","6","8","9","12","14","15","16","17","19","20","21","23","1","RIO DE JANEIRO/RJ","R$1.667.790,65","348","R$1.435,54","10582","R$25,00","115383","R$10,00","588961","R$5,00","R$0,00","R$18.929.690,00","R$1.500.000,00","R$45.718.284,10",""
"2437","01/02/2022","1","2","7","8","9","10","11","13","14","15","17","18","20","21","25","1","JACAREI/SP","R$1.280.145,86","333","R$1.151,51","9455","R$25,00","117528","R$10,00","640872","R$5,00","R$0,00","R$17.452.502,50","R$1.500.000,00","R$46.027.996,82",""
"2438","02/02/2022","1","4","5","6","8","11","12","13","14","16","18","19","22","23","24","2","CAMACARI/BA; NATAL/RN","R$763.481,97","327","R$1.398,73","10900","R$25,00","119339","R$10,00","618764","R$5,00","R$0,00","R$18.634.510,00","R$1.500.000,00","R$46.397.423,59",""
"2439","03/02/2022","2","5","7","8","9","10","11","13","15","16","17","20","21","23","25","5","GOVERNADOR VALADARES/MG; ANANINDEUA/PA; MARABA/PA; CURITIBA/PR; BOMBINHAS/SC","R$173.409,32","747","R$347,67","18693","R$25,00","167412","R$10,00","713307","R$5,00","R$1.993.263,99","R$17.775.740,00","R$4.000.000,00","R$46.607.192,95",""
"2440","04/02/2022","3","4","5","6","8","9","11","14","16","18","20","21","22","24","25","4","CANAL ELETRONICO; FORTALEZA/CE; GOIANIA/GO; SAO CAETANO DO SUL/SP","R$1.273.598,04","546","R$1.465,00","19303","R$25,00","219445","R$10,00","1168714","R$5,00","R$0,00","R$33.849.197,50","R$1.500.000,00","R$47.253.261,33",""
"2441","05/02/2022","1","3","7","8","9","10","11","13","15","18","20","21","22","24","25","3","CANAL ELETRONICO; RIBEIRAO CLARO/PR","R$302.877,95","429","R$634,43","15124","R$25,00","157762","R$10,00","729639","R$5,00","R$0,00","R$17.756.727,50","R$1.500.000,00","R$47.473.092,12",""
"2442","07/02/2022","1","6","7","10","11","12","14","15","16","17","18","19","21","22","25","2","LAGO DA PEDRA/MA; PRAIA GRANDE/SP","R$992.577,35","155","R$2.685,44","6988","R$25,00","99228","R$10,00","625754","R$5,00","R$0,00","R$20.460.990,00","R$1.500.000,00","R$47.953.371,49",""
"2443","08/02/2022","2","3","5","6","7","9","10","14","15","16","17","20","21","22","23","3","NOVA OLIMPIA/MT; SAO JOSE DOS CAMPOS/SP; SAO PAULO/SP","R$514.133,36","302","R$1.529,83","9487","R$25,00","104590","R$10,00","590583","R$5,00","R$0,00","R$17.969.797,50","R$1.500.000,00","R$48.326.532,80",""
"2444","09/02/2022","3","4","5","6","8","9","10","11","12","14","16","17","18","19","25","2","CANAL ELETRONICO; PALMAS/TO","R$771.445,07","266","R$1.737,42","9795","R$25,00","124144","R$10,00","664032","R$5,00","R$964.367,53","R$19.288.400,00","R$1.500.000,00","R$48.699.812,68",""
"2445","10/02/2022","1","2","5","6","7","8","10","11","13","15","18","21","22","23","25","0","","R$0,00","273","R$1.210,68","11307","R$25,00","146491","R$10,00","684107","R$5,00","R$1.103.421,51","R$17.786.772,50","R$3.500.000,00","R$48.966.769,51","Acumulado próximo concurso R$ 1.103.421,51."
"2446","11/02/2022","4","6","8","11","12","13","15","17","19","20","21","22","23","24","25","2","CANAL ELETRONICO; MARINGA/PR","R$1.779.840,05","477","R$1.542,44","15764","R$25,00","207068","R$10,00","1051686","R$5,00","R$0,00","R$30.871.492,50","R$1.500.000,00","R$49.561.025,64",""
"2447","12/02/2022","2","3","4","5","8","13","14","15","16","17","18","19","20","22","23","1","SAO JOAO D'ALIANCA/GO","R$1.549.916,59","159","R$2.043,91","6516","R$25,00","90222","R$10,00","551076","R$5,00","R$0,00","R$17.051.295,00","R$1.500.000,00","R$49.936.005,47",""
"2448","14/02/2022","2","3","4","5","6","8","9","11","12","14","16","19","20","22","24","2","SAO JOSE DOS CAMPOS/SP; SAO PAULO/SP","R$684.412,40","528","R$776,54","16802","R$25,00","140615","R$10,00","673039","R$5,00","R$0,00","R$19.251.140,00","R$1.500.000,00","R$50.267.172,78",""
"2449","15/02/2022","1","2","4","8","9","11","13","14","15","16","17","18","20","21","22","0","","R$0,00","192","R$1.712,34","7597","R$25,00","95796","R$10,00","534333","R$5,00","R$3.830.142,82","R$17.145.062,50","R$6.200.000,00","R$50.646.520,43",""
"2450","16/02/2022","1","2","3","4","5","7","8","11","13","14","15","18","23","24","25","1","UMUARAMA/PR","R$7.092.053,86","620","R$1.357,04","22043","R$25,00","274339","R$10,00","1416193","R$5,00","R$0,00","R$38.863.842,50","R$1.500.000,00","R$51.326.085,23",""
"2451","17/02/2022","3","4","5","7","9","10","11","15","18","19","20","22","23","24","25","1","DRACENA/SP","R$951.460,74","309","R$922,32","10937","R$25,00","132916","R$10,00","666548","R$5,00","R$0,00","R$16.442.055,00","R$1.500.000,00","R$51.556.277,36",""
"2452","18/02/2022","1","6","7","8","9","11","15","17","18","20","21","22","23","24","25","0","","R$0,00","174","R$2.103,88","6760","R$25,00","102814","R$10,00","610347","R$5,00","R$1.745.892,96","R$19.081.130,00","R$4.000.000,00","R$51.978.670,83","Acumulado próximo concurso R$ 1.745.892,96."
"2453","19/02/2022","4","5","7","8","10","12","13","16","17","19","21","22","23","24","25","1","CANAL ELETRONICO","R$3.615.425,53","349","R$1.604,57","13111","R$25,00","161390","R$10,00","848310","R$5,00","R$0,00","R$24.200.470,00","R$1.500.000,00","R$52.430.977,11",""
"2454","21/02/2022","1","2","4","6","8","9","10","12","15","16","20","21","23","24","25","1","OLINDA/PE","R$1.553.066,32","214","R$1.521,70","9041","R$25,00","114865","R$10,00","585564","R$5,00","R$987.089,12","R$18.179.905,00","R$1.500.000,00","R$52.806.718,96",""
"2455","22/02/2022","1","2","3","8","10","11","12","13","14","16","19","22","23","24","25","3","XIQUE-XIQUE/BA; TERESINA/PI; SAO JOSE DOS CAMPOS/SP","R$445.260,43","198","R$1.414,56","9223","R$25,00","105426","R$10,00","573438","R$5,00","R$0,00","R$16.677.882,50","R$1.500.000,00","R$53.129.891,87",""
"2456","23/02/2022","4","5","6","8","9","10","12","13","14","17","18","19","21","24","25","0","","R$0,00","263","R$1.545,25","9764","R$25,00","117535","R$10,00","629814","R$5,00","R$1.356.758,26","R$17.750.152,50","R$3.800.000,00","R$53.458.139,84","Acumulado próximo concurso R$ 1.356.758,26"
"2457","24/02/2022","1","3","5","8","10","11","14","15","16","18","20","22","23","24","25","5","CASTELO/ES; CURVELO/MG; MEDIANEIRA/PR; PALMAS/TO; PARAISO DO TOCANTINS/TO","R$518.597,67","868","R$426,61","24539","R$25,00","231368","R$10,00","966415","R$5,00","R$0,00","R$24.469.865,00","R$1.500.000,00","R$53.757.227,77",""
"2458","25/02/2022","1","2","3","4","6","8","10","11","12","16","18","21","22","24","25","1","CONTAGEM/MG","R$1.522.121,69","258","R$1.767,19","11376","R$25,00","124608","R$10,00","630184","R$5,00","R$0,00","R$18.889.487,50","R$1.500.000,00","R$54.125.483,03",""
"2459","26/02/2022","1","3","5","6","11","12","14","15","17","18","19","20","21","23","25","1","CANAL ELETRONICO","R$1.161.375,40","223","R$1.559,98","8987","R$25,00","112119","R$10,00","595456","R$5,00","R$2.053.583,74","R$16.145.617,50","R$4.000.000,00","R$54.406.460,96",""
"2460","02/03/2022","1","2","3","4","5","6","9","11","12","14","15","18","19","23","25","3","SALVADOR/BA; BOA VISTA/RR; GUAIRA/SP","R$1.725.542,59","396","R$1.423,94","14997","R$25,00","203313","R$10,00","1138198","R$5,00","R$0,00","R$32.977.072,50","R$1.500.000,00","R$55.057.095,14",""
"2461","03/03/2022","1","2","5","7","10","13","14","15","17","18","19","20","21","22","24","1","CANAL ELETRONICO","R$1.303.844,13","246","R$1.587,61","8348","R$25,00","108807","R$10,00","597089","R$5,00","R$0,00","R$16.808.452,50","R$1.500.000,00","R$55.372.541,31",""
"2462","04/03/2022","3","4","5","9","10","11","12","14","15","16","17","18","20","22","25","2","SAO MIGUEL DO OESTE/SC; SAO JOAO DA BOA VISTA/SP","R$738.761,66","251","R$1.763,25","9187","R$25,00","123839","R$10,00","697011","R$5,00","R$0,00","R$19.279.242,50","R$1.500.000,00","R$55.730.006,64",""
"2463","05/03/2022","5","7","9","10","11","12","13","14","15","17","18","20","21","23","25","1","SAO PAULO/SP","R$867.579,36","410","R$633,83","13438","R$25,00","151601","R$10,00","715728","R$5,00","R$0,00","R$17.138.710,00","R$1.500.000,00","R$55.939.904,88",""
"2464","07/03/2022","1","5","6","7","9","11","13","16","17","20","21","22","23","24","25","3","CANAL ELETRONICO; JOINVILLE/SC","R$490.479,68","253","R$1.742,10","8808","R$25,00","122881","R$10,00","642801","R$5,00","R$0,00","R$18.577.687,50","R$1.500.000,00","R$56.295.898,21",""
"2465","08/03/2022","2","5","6","7","8","10","11","13","14","15","17","18","19","21","25","2","CANAL ELETRONICO","R$595.284,46","293","R$1.217,14","10225","R$25,00","123253","R$10,00","640592","R$5,00","R$0,00","R$17.149.622,50","R$1.500.000,00","R$56.583.939,09",""
"2466","09/03/2022","1","2","5","7","8","9","12","13","14","17","19","20","21","24","25","18","ITUACU/BA; JUAZEIRO/BA; LUIS EDUARDO MAGALHAES/BA; MOMBACA/CE; BRASILIA/DF; GUARAPARI/ES; GRAJAU/MA; RONDONOPOLIS/MT; PACAJA/PA; JOAO PESSOA/PB; CURITIBA/PR; SANTO ANTONIO DA PLATINA/PR; UMUARAMA/PR; PORTO VELHO/RO; FLORIANOPOLIS/SC; JOACABA/SC; GUARULHOS/SP","R$74.680,51","603","R$667,75","13905","R$25,00","139769","R$10,00","694343","R$5,00","R$0,00","R$19.179.650,00","R$1.500.000,00","R$56.909.160,67",""
"2467","10/03/2022","5","6","8","10","11","12","14","15","16","18","20","21","22","23","25","3","ITABUNA/BA; TAILANDIA/PA; IMBITUBA/SC","R$277.431,02","684","R$364,48","17442","R$25,00","161053","R$10,00","638447","R$5,00","R$0,00","R$16.508.745,00","R$1.500.000,00","R$57.110.521,91",""
"2468","11/03/2022","3","4","7","8","9","12","13","17","18","19","20","21","22","23","24","1","PORTO ALEGRE/RS","R$1.148.829,20","540","R$637,25","20808","R$25,00","153008","R$10,00","705086","R$5,00","R$0,00","R$18.968.355,00","R$1.500.000,00","R$57.388.464,47",""
"2469","12/03/2022","1","2","4","5","6","7","11","13","17","18","19","20","21","24","25","2","CANAL ELETRONICO; COXIM/MS","R$678.450,88","152","R$1.871,79","7641","R$25,00","99662","R$10,00","581724","R$5,00","R$1.773.101,25","R$16.661.515,00","R$4.000.000,00","R$57.716.747,16",""
"2470","14/03/2022","1","3","4","5","6","9","10","11","12","13","21","22","23","24","25","4","LEOPOLDINA/MG; JOAO PESSOA/PB; PORTO ALEGRE/RS; UBARANA/SP","R$1.078.029,66","503","R$1.301,99","14722","R$25,00","188015","R$10,00","982968","R$5,00","R$0,00","R$28.144.805,00","R$1.500.000,00","R$58.245.709,13",""
"2471","15/03/2022","2","3","4","5","8","9","14","17","18","19","20","21","23","24","25","0","","R$0,00","208","R$1.750,81","7954","R$25,00","110427","R$10,00","605165","R$5,00","R$1.215.765,54","R$16.448.092,50","R$3.500.000,00","R$58.539.845,96",""
"2472","16/03/2022","2","3","4","9","10","12","13","15","16","17","21","22","23","24","25","2","CAMPO GRANDE/MS; CAMPINAS/SP","R$1.667.991,55","293","R$1.517,28","12090","R$25,00","155339","R$10,00","874343","R$5,00","R$0,00","R$25.634.715,00","R$1.500.000,00","R$59.052.801,84",""
"2473","17/03/2022","1","4","6","7","8","9","10","14","16","18","19","20","21","23","25","1","PONTA GROSSA/PR","R$1.411.865,61","137","R$2.160,85","6291","R$25,00","83572","R$10,00","476926","R$5,00","R$0,00","R$15.295.897,50","R$1.500.000,00","R$59.394.382,24",""
"2474","18/03/2022","1","2","5","6","8","9","11","14","15","17","19","20","23","24","25","8","ITABUNA/BA; CRATEUS/CE; BRASILIA/DF; BELO HORIZONTE/MG; DOM BOSCO/MG; BOTUCATU/SP; PAULINIA/SP; SAO PAULO/SP","R$173.831,14","432","R$964,24","11662","R$25,00","120859","R$10,00","649316","R$5,00","R$0,00","R$18.341.362,50","R$1.500.000,00","R$59.730.829,62",""
"2475","19/03/2022","1","3","4","5","6","7","11","13","15","16","18","19","22","24","25","2","CANAL ELETRONICO","R$615.342,40","343","R$1.074,74","10854","R$25,00","118051","R$10,00","592461","R$5,00","R$0,00","R$16.723.977,50","R$1.500.000,00","R$60.028.575,95",""
"2476","21/03/2022","1","6","9","10","11","12","13","15","16","17","18","21","22","23","24","0","","R$0,00","153","R$2.204,07","5981","R$25,00","84381","R$10,00","533125","R$5,00","R$1.608.289,31","R$16.988.917,50","R$4.000.000,00","R$60.417.678,21",""
"2477","22/03/2022","1","2","3","5","7","8","9","10","13","14","15","18","19","20","24","4","FORTALEZA/CE; VILA VELHA/ES; RIO DE JANEIRO/RJ; GUARULHOS/SP","R$835.568,35","496","R$1.047,16","16120","R$25,00","181898","R$10,00","949748","R$5,00","R$0,00","R$25.296.597,50","R$1.500.000,00","R$60.837.190,49",""
"2478","23/03/2022","1","5","7","8","10","11","12","14","15","16","21","22","23","24","25","1","CANAL ELETRONICO","R$1.463.603,53","171","R$1.794,65","8826","R$25,00","103006","R$10,00","586972","R$5,00","R$0,00","R$17.434.667,50","R$1.500.000,00","R$61.191.288,13",""
"2479","24/03/2022","2","3","4","5","7","11","12","14","17","19","20","21","23","24","25","1","PIRAQUARA/PR","R$954.324,30","298","R$959,25","10454","R$25,00","117970","R$10,00","592362","R$5,00","R$2.117.642,53","R$15.228.982,50","R$4.000.000,00","R$61.422.173,05",""
"2480","25/03/2022","1","2","5","6","7","9","10","12","13","14","15","16","17","21","24","3","CANAL ELETRONICO; ITAMARATI DE MINAS/MG; BELEM/PA","R$1.643.232,57","301","R$1.686,82","11673","R$25,00","150785","R$10,00","884469","R$5,00","R$0,00","R$27.223.747,50","R$1.500.000,00","R$62.008.017,88",""
"2481","26/03/2022","2","3","5","6","7","9","10","13","14","15","17","18","20","21","25","1","PARAUNA/GO","R$976.123,59","369","R$792,37","11198","R$25,00","124705","R$10,00","615039","R$5,00","R$0,00","R$15.804.677,50","R$1.500.000,00","R$62.244.176,83",""
"2482","28/03/2022","3","5","6","7","9","11","12","13","14","16","17","20","21","24","25","0","","R$0,00","261","R$1.415,70","9779","R$25,00","118436","R$10,00","625466","R$5,00","R$1.233.558,37","R$17.066.817,50","R$3.500.000,00","R$62.542.618,39",""
"2483","29/03/2022","2","3","6","7","8","10","13","14","15","16","19","20","22","23","25","7","CALDAS NOVAS/GO; INDIARA/GO; BELO HORIZONTE/MG; RIO DE JANEIRO/RJ; MACAMBIRA/SE; SAO PAULO/SP","R$448.508,18","527","R$1.083,34","11486","R$25,00","140022","R$10,00","775352","R$5,00","R$0,00","R$22.966.165,00","R$1.500.000,00","R$63.003.747,16",""
"2484","30/03/2022","4","5","6","8","10","11","12","14","15","17","19","21","22","23","25","1","SINOP/MT","R$1.273.499,82","465","R$820,35","12987","R$25,00","130457","R$10,00","631656","R$5,00","R$0,00","R$17.812.817,50","R$1.500.000,00","R$63.311.851,97",""
"2485","31/03/2022","1","2","3","8","10","12","14","15","17","18","20","21","23","24","25","2","CANAL ELETRONICO; CAMPO GRANDE/MS","R$528.909,63","315","R$1.005,89","10750","R$25,00","116712","R$10,00","580777","R$5,00","R$0,00","R$15.633.510,00","R$1.500.000,00","R$63.567.776,00",""
"2486","01/04/2022","1","2","4","5","8","9","10","11","12","18","19","20","23","24","25","4","CANAL ELETRONICO; FORMOSA/GO; UBERLANDIA/MG; MARQUES DE SOUZA/RS","R$331.916,76","693","R$573,86","15235","R$25,00","141150","R$10,00","702460","R$5,00","R$0,00","R$19.293.692,50","R$1.500.000,00","R$63.888.985,79",""
"2487","02/04/2022","1","2","6","8","10","11","12","13","14","16","18","20","22","23","24","2","JOINVILLE/SC; SAO PAULO/SP","R$660.525,67","486","R$814,21","14643","R$25,00","121763","R$10,00","568546","R$5,00","R$0,00","R$17.232.600,00","R$1.500.000,00","R$64.208.594,99",""
"2488","04/04/2022","1","2","4","5","6","7","9","11","12","13","16","20","21","22","24","0","","R$0,00","276","R$1.715,89","9264","R$25,00","112527","R$10,00","597813","R$5,00","R$1.581.054,33","R$18.428.875,00","R$4.000.000,00","R$64.591.108,14",""
"2489","05/04/2022","1","4","5","7","8","10","11","13","14","16","18","21","22","23","24","3","CANAL ELETRONICO; ARARAQUARA/SP; TAUBATE/SP","R$1.280.639,43","517","R$1.309,89","16905","R$25,00","186537","R$10,00","975324","R$5,00","R$2.086.715,55","R$28.544.357,50","R$4.000.000,00","R$65.138.091,37",""
"2490","06/04/2022","1","3","4","5","6","10","12","13","14","15","16","19","20","24","25","1","PALMAS/TO","R$4.888.510,20","516","R$1.400,55","15424","R$25,00","202967","R$10,00","1106072","R$5,00","R$0,00","R$31.152.817,50","R$1.500.000,00","R$65.721.798,59",""
"2491","07/04/2022","1","2","3","4","5","6","9","11","14","17","18","19","21","22","24","0","","R$0,00","208","R$1.644,54","7739","R$25,00","101942","R$10,00","583487","R$5,00","R$1.631.375,15","R$18.198.982,50","R$4.000.000,00","R$66.116.486,14",""
"2492","08/04/2022","4","7","8","9","10","11","12","13","14","15","17","20","22","23","24","1","SAO PAULO/SP","R$3.908.770,58","401","R$1.701,16","13863","R$25,00","189853","R$10,00","1088916","R$5,00","R$0,00","R$29.843.460,00","R$1.500.000,00","R$66.667.468,91",""
"2493","09/04/2022","2","3","6","7","9","10","11","12","14","15","16","18","20","21","25","1","RECIFE/PE","R$1.334.431,94","264","R$1.514,07","9716","R$25,00","115188","R$10,00","598842","R$5,00","R$0,00","R$17.217.342,50","R$1.500.000,00","R$66.990.315,36",""
"2494","11/04/2022","1","2","4","5","6","8","9","10","12","13","16","18","23","24","25","1","CANAL ELETRONICO","R$1.380.382,58","336","R$1.230,59","11600","R$25,00","139691","R$10,00","701862","R$5,00","R$0,00","R$19.323.702,50","R$1.500.000,00","R$67.324.278,90",""
"2495","12/04/2022","3","5","9","10","12","13","14","15","16","17","18","19","21","24","25","0","","R$0,00","230","R$1.680,07","9347","R$25,00","113966","R$10,00","643146","R$5,00","R$1.290.042,60","R$17.442.937,50","R$3.600.000,00","R$67.636.385,99",""
"2496","13/04/2022","2","3","4","8","9","10","11","13","17","18","20","22","23","24","25","3","EPITACIOLANDIA/AC; PASSOS/MG; MAIRIPORA/SP","R$941.973,09","755","R$609,34","20868","R$25,00","224302","R$10,00","1102380","R$5,00","R$0,00","R$27.256.070,00","R$1.500.000,00","R$68.007.969,06",""
"2497","14/04/2022","2","6","7","8","9","11","12","14","15","18","19","20","22","23","25","2","JABOATAO DOS GUARARAPES/PE; MARILIA/SP","R$777.111,20","190","R$1.715,19","7481","R$25,00","101899","R$10,00","600007","R$5,00","R$0,00","R$17.963.570,00","R$1.500.000,00","R$68.383.990,62",""
"2498","16/04/2022","1","2","5","6","7","8","9","11","12","17","18","19","20","22","25","2","CANAL ELETRONICO; RIO DE JANEIRO/RJ","R$771.993,40","208","R$1.556,44","7308","R$25,00","98992","R$10,00","555487","R$5,00","R$0,00","R$17.318.635,00","R$1.500.000,00","R$68.757.535,83",""
"2499","18/04/2022","2","3","4","5","7","8","11","12","14","16","17","19","20","22","23","2","CANAL ELETRONICO; MIRASSOL/SP","R$748.478,32","321","R$1.396,87","10002","R$25,00","113447","R$10,00","597428","R$5,00","R$2.265.269,37","R$18.041.220,00","R$4.000.000,00","R$69.119.702,78",""
"2500","19/04/2022","3","4","5","6","9","11","12","13","14","15","17","18","19","21","25","2","CANAL ELETRONICO; PORECATU/PR","R$2.303.044,56","388","R$1.556,14","15194","R$25,00","198967","R$10,00","1056911","R$5,00","R$0,00","R$28.370.377,50","R$1.500.000,00","R$69.607.373,56",""
"2501","20/04/2022","1","2","3","4","5","6","7","8","9","11","19","20","22","23","25","1","PASSA E FICA/RN","R$1.699.631,72","296","R$1.719,95","9069","R$25,00","113308","R$10,00","639155","R$5,00","R$0,00","R$19.542.750,00","R$1.500.000,00","R$70.018.574,79",""
"2502","22/04/2022","2","3","4","5","9","11","12","13","15","18","20","21","23","24","25","3","CANAL ELETRONICO; RIO DE JANEIRO/RJ; NICOLAU VERGUEIRO/RS","R$404.057,36","287","R$1.265,13","12326","R$25,00","166219","R$10,00","840341","R$5,00","R$0,00","R$20.680.665,00","R$1.500.000,00","R$70.311.842,25",""
"2503","23/04/2022","1","2","3","4","6","7","9","10","11","12","13","18","19","20","22","2","CANAL ELETRONICO; ANAPOLIS/GO","R$630.795,01","253","R$1.493,65","8772","R$25,00","106906","R$10,00","572862","R$5,00","R$0,00","R$16.285.027,50","R$1.500.000,00","R$70.617.065,64",""
"2504","25/04/2022","3","5","7","8","12","13","14","15","16","17","20","21","22","23","24","1","CUIABA/MT","R$1.331.204,43","280","R$1.424,09","11035","R$25,00","126656","R$10,00","673245","R$5,00","R$0,00","R$18.398.965,00","R$1.500.000,00","R$70.939.131,24",""
"2505","26/04/2022","1","2","3","4","6","8","9","10","17","18","19","21","23","24","25","1","CANAL ELETRONICO","R$1.380.583,92","191","R$1.515,59","7696","R$25,00","105675","R$10,00","585444","R$5,00","R$0,00","R$16.972.177,50","R$1.500.000,00","R$71.273.143,48",""
"2506","27/04/2022","3","4","5","8","9","10","11","14","15","16","18","19","20","22","25","2","ROLANDIA/PR; RIO DE JANEIRO/RJ","R$629.367,41","312","R$1.208,46","10917","R$25,00","130230","R$10,00","655810","R$5,00","R$0,00","R$17.888.317,50","R$1.500.000,00","R$71.577.676,10",""
"2507","28/04/2022","3","4","5","7","8","9","10","11","13","14","15","16","19","20","25","1","CARAGUATATUBA/SP","R$982.276,23","343","R$857,81","16467","R$25,00","120932","R$10,00","632473","R$5,00","R$0,00","R$16.255.292,50","R$1.500.000,00","R$71.815.323,60",""
"2508","29/04/2022","1","2","5","6","7","10","11","12","14","15","17","18","19","20","21","3","CANAL ELETRONICO; APARECIDA DE GOIANIA/GO; ANDRADINA/SP","R$524.029,36","326","R$1.444,48","10101","R$25,00","121535","R$10,00","644902","R$5,00","R$0,00","R$19.180.410,00","R$1.500.000,00","R$72.195.667,49",""
"2509","30/04/2022","2","3","4","5","9","10","11","12","13","14","19","21","22","23","25","1","CANAL ELETRONICO","R$1.095.613,68","243","R$1.350,53","9668","R$25,00","131822","R$10,00","680637","R$5,00","R$1.902.241,10","R$17.272.342,50","R$4.000.000,00","R$72.460.735,32",""
"2510","02/05/2022","1","2","5","7","11","13","14","16","17","19","20","22","23","24","25","2","AVARE/SP; CAJAMAR/SP","R$2.302.941,77","517","R$1.348,87","17628","R$25,00","207840","R$10,00","1116873","R$5,00","R$0,00","R$31.067.670,00","R$1.500.000,00","R$73.023.994,17",""
"2511","03/05/2022","1","3","4","5","6","8","9","11","15","16","18","21","23","24","25","3","CURVELO/MG; RIO DE JANEIRO/RJ; SOROCABA/SP","R$397.442,57","329","R$1.085,55","12078","R$25,00","145488","R$10,00","656997","R$5,00","R$0,00","R$17.967.967,50","R$1.500.000,00","R$73.312.460,57",""
"2512","04/05/2022","1","2","3","7","9","10","12","14","15","16","18","19","20","21","23","2","CAMPINA GRANDE/PB; ARAUCARIA/PR","R$806.435,77","289","R$1.671,68","11072","R$25,00","124417","R$10,00","657985","R$5,00","R$0,00","R$19.670.562,50","R$1.500.000,00","R$73.702.671,43",""
"2513","05/05/2022","2","3","4","6","7","9","11","12","16","17","19","20","21","23","24","2","CANAL ELETRONICO; ELDORADO/MS","R$790.992,44","321","R$1.476,21","9529","R$25,00","108440","R$10,00","564719","R$5,00","R$0,00","R$17.973.117,50","R$1.500.000,00","R$74.085.409,72",""
"2514","06/05/2022","2","3","5","6","7","8","9","12","14","15","16","18","19","21","24","2","CAIEIRAS/SP; SAO PAULO/SP","R$900.330,37","503","R$1.072,30","13070","R$25,00","136301","R$10,00","698782","R$5,00","R$0,00","R$21.528.622,50","R$1.500.000,00","R$74.521.053,45",""
"2515","07/05/2022","4","5","7","8","9","11","12","14","15","16","19","21","22","24","25","1","BRASILIA/DF","R$1.548.177,85","295","R$1.571,99","9878","R$25,00","112036","R$10,00","625738","R$5,00","R$0,00","R$18.600.300,00","R$1.500.000,00","R$74.895.612,61",""
"2516","09/05/2022","1","2","3","5","7","8","10","11","14","15","16","17","21","22","24","2","MARECHAL CANDIDO RONDON/PR; FLORIANOPOLIS/SC","R$860.319,95","304","R$1.695,39","10217","R$25,00","119862","R$10,00","644700","R$5,00","R$0,00","R$19.935.762,50","R$1.500.000,00","R$75.311.896,47",""
"2517","10/05/2022","1","2","3","5","6","9","10","12","14","15","16","20","21","23","24","2","CANAL ELETRONICO; FLORIANOPOLIS/SC","R$701.852,20","335","R$1.255,11","11045","R$25,00","131826","R$10,00","647876","R$5,00","R$0,00","R$18.611.550,00","R$1.500.000,00","R$75.651.502,38",""
"2518","11/05/2022","1","2","4","5","6","8","11","13","14","15","20","22","23","24","25","1","EMBU DAS ARTES/SP","R$1.569.226,94","283","R$1.660,93","9740","R$25,00","133435","R$10,00","691752","R$5,00","R$0,00","R$19.959.262,50","R$1.500.000,00","R$76.031.154,08",""
"2519","12/05/2022","2","3","4","5","8","10","11","12","13","14","18","19","22","24","25","1","VITORINO FREIRE/MA","R$930.965,75","340","R$820,17","13249","R$25,00","152389","R$10,00","716492","R$5,00","R$2.154.928,96","R$17.491.712,50","R$4.500.000,00","R$76.256.387,74",""
"2520","13/05/2022","1","2","4","5","6","7","8","10","14","15","16","18","23","24","25","3","CAMPO GRANDE/MS; TUCURUI/PA; SAO PAULO/SP","R$1.824.974,55","520","R$1.646,82","17125","R$25,00","212295","R$10,00","1129853","R$5,00","R$0,00","R$34.112.182,50","R$1.500.000,00","R$76.948.053,31",""
"2521","14/05/2022","2","3","4","6","7","8","13","14","16","17","18","21","22","24","25","4","DOUTOR CAMARGO/PR; SAO JOSE/SC; SAO JOSE DO RIO PRETO/SP; SAO VICENTE/SP","R$377.378,53","419","R$1.079,13","9668","R$25,00","107774","R$10,00","542873","R$5,00","R$0,00","R$17.328.600,00","R$1.500.000,00","R$77.313.258,34",""
"2522","16/05/2022","1","2","3","5","9","10","12","13","15","16","18","19","21","22","25","4","AFONSO CUNHA/MA; PORTO ALEGRE/RS; MAUA/SP; SAO PAULO/SP","R$346.822,03","366","R$1.135,37","11679","R$25,00","132708","R$10,00","696643","R$5,00","R$0,00","R$19.143.682,50","R$1.500.000,00","R$77.648.892,57",""
"2523","17/05/2022","1","4","5","6","7","10","11","12","14","15","17","18","20","23","24","1","URUCUCA/BA","R$1.284.224,95","362","R$1.062,63","11187","R$25,00","115840","R$10,00","573274","R$5,00","R$0,00","R$16.755.452,50","R$1.500.000,00","R$77.959.592,16",""
"2524","18/05/2022","1","2","3","5","6","7","12","14","15","16","19","20","23","24","25","1","RIO DE JANEIRO/RJ","R$1.370.463,72","297","R$1.382,18","10736","R$25,00","115470","R$10,00","619076","R$5,00","R$0,00","R$17.707.567,50","R$1.500.000,00","R$78.291.155,98",""
"2525","19/05/2022","4","6","10","11","12","13","16","17","18","19","20","21","23","24","25","2","FOZ DO IGUACU/PR; RIO DE JANEIRO/RJ","R$707.835,50","148","R$2.005,64","5975","R$25,00","93525","R$10,00","487254","R$5,00","R$0,00","R$15.646.620,00","R$1.500.000,00","R$78.633.657,04",""
"2526","20/05/2022","1","2","6","8","11","12","13","14","16","17","19","20","22","23","24","2","COCALZINHO DE GOIAS/GO; GUARULHOS/SP","R$890.879,07","184","R$2.030,40","7838","R$25,00","99572","R$10,00","581941","R$5,00","R$0,00","R$18.931.507,50","R$1.500.000,00","R$79.064.727,56",""
"2527","21/05/2022","1","2","5","6","9","11","12","13","14","17","18","19","20","21","23","5","CANAL ELETRONICO; FOZ DO IGUACU/PR; CHAPECO/SC; SAO PAULO/SP","R$270.269,79","168","R$1.686,59","7604","R$25,00","100739","R$10,00","570498","R$5,00","R$0,00","R$16.525.230,00","R$1.500.000,00","R$79.391.666,82",""
"2528","23/05/2022","2","3","5","7","8","9","10","11","12","13","15","20","22","23","24","4","CANAL ELETRONICO; SETE LAGOAS/MG; NOVA FRIBURGO/RJ","R$276.148,88","255","R$1.297,52","10698","R$25,00","133232","R$10,00","703398","R$5,00","R$0,00","R$17.674.535,00","R$1.500.000,00","R$79.658.907,68",""
"2529","24/05/2022","3","5","6","8","9","11","12","13","14","16","18","21","22","24","25","2","CANAL ELETRONICO; PAULO AFONSO/BA","R$594.784,99","240","R$1.484,67","9526","R$25,00","102530","R$10,00","549518","R$5,00","R$1.999.102,31","R$15.575.512,50","R$5.000.000,00","R$79.946.706,88",""
"2530","25/05/2022","1","2","4","6","7","8","9","11","13","15","21","22","23","24","25","0","","R$0,00","325","R$1.741,39","12998","R$25,00","179266","R$10,00","1018641","R$5,00","R$5.133.615,32","R$30.980.592,50","R$9.000.000,00","R$80.599.730,43",""
"2531","26/05/2022","1","2","3","4","5","7","8","11","12","16","17","18","20","21","25","3","CANAL ELETRONICO; CABO FRIO/RJ; MOGI DAS CRUZES/SP","R$2.914.103,29","381","R$1.985,99","16050","R$25,00","222511","R$10,00","1313658","R$5,00","R$0,00","R$40.391.267,50","R$1.500.000,00","R$81.472.801,72",""
"2532","27/05/2022","1","2","3","4","6","9","10","12","13","14","16","17","18","22","25","1","BAURU/SP","R$1.590.952,14","192","R$1.737,43","8196","R$25,00","102310","R$10,00","598280","R$5,00","R$0,00","R$18.189.592,50","R$1.500.000,00","R$81.857.709,50",""
"2533","28/05/2022","4","7","8","10","11","12","15","16","17","18","19","22","23","24","25","0","","R$0,00","270","R$1.548,97","7502","R$25,00","95717","R$10,00","554009","R$5,00","R$1.396.220,01","R$16.451.815,00","R$4.000.000,00","R$82.195.504,67",""
"2534","30/05/2022","7","8","10","11","12","14","15","16","17","18","20","21","22","23","25","5","CAMACARI/BA; EUCLIDES DA CUNHA/BA; VITORIA/ES; CERQUILHO/SP; SANTOS/SP","R$718.802,08","435","R$1.513,38","14904","R$25,00","184379","R$10,00","895885","R$5,00","R$0,00","R$27.127.677,50","R$1.500.000,00","R$82.727.228,17",""
"2535","31/05/2022","5","6","7","8","11","12","13","14","15","16","18","20","22","24","25","0","","R$0,00","235","R$1.606,21","8811","R$25,00","120388","R$10,00","643177","R$5,00","R$1.260.137,09","R$17.401.572,50","R$3.600.000,00","R$83.032.100,06",""
"2536","01/06/2022","1","2","4","6","9","12","13","15","16","17","18","19","21","23","25","4","CANAL ELETRONICO; VICENTINA/MS; TUPANCIRETA/RS; ANALANDIA/SP","R$905.060,62","596","R$1.186,14","17049","R$25,00","182073","R$10,00","953909","R$5,00","R$0,00","R$28.730.175,00","R$1.500.000,00","R$83.603.093,31",""
"2537","02/06/2022","2","4","5","6","7","9","10","12","14","16","18","19","22","23","24","3","BRASILIA/DF; BELO HORIZONTE/MG; MINDURI/MG","R$435.336,04","487","R$803,28","12060","R$25,00","121329","R$10,00","597083","R$5,00","R$0,00","R$17.322.815,00","R$1.500.000,00","R$83.919.063,02",""
"2538","03/06/2022","1","2","4","5","6","8","9","13","14","16","17","21","22","24","25","1","BOTUCATU/SP","R$1.865.629,16","249","R$1.571,01","9024","R$25,00","114493","R$10,00","651198","R$5,00","R$0,00","R$20.588.707,50","R$1.500.000,00","R$84.370.424,92",""
"2539","04/06/2022","1","3","4","5","6","9","10","13","16","17","18","20","23","24","25","1","ITATINGA/SP","R$1.387.024,79","203","R$1.432,65","8227","R$25,00","112197","R$10,00","652723","R$5,00","R$2.737.509,93","R$17.963.482,50","R$5.000.000,00","R$84.705.995,45",""
"2540","06/06/2022","1","3","5","6","7","8","11","12","14","18","20","21","22","23","24","3","CANAL ELETRONICO; BRASILIA/DF; BELEM/PA","R$1.968.602,86","529","R$1.544,83","18104","R$25,00","225843","R$10,00","1217493","R$5,00","R$0,00","R$34.797.697,50","R$1.500.000,00","R$85.366.057,68",""
"2541","07/06/2022","2","4","7","8","11","12","13","14","16","17","18","19","20","22","25","1","SAO PAULO/SP","R$1.389.664,36","244","R$1.705,97","8916","R$25,00","120307","R$10,00","680145","R$5,00","R$0,00","R$18.520.615,00","R$1.500.000,00","R$85.702.266,80",""
"2542","08/06/2022","3","5","8","10","12","13","15","16","18","19","20","21","22","24","25","3","RETIROLANDIA/BA; BRASILIA/DF; BLUMENAU/SC","R$392.825,35","498","R$708,83","15100","R$25,00","156746","R$10,00","793408","R$5,00","R$0,00","R$19.901.690,00","R$1.500.000,00","R$85.987.381,99",""
"2543","09/06/2022","3","5","6","7","8","9","11","12","14","17","18","19","20","24","25","4","TABIRA/PE; TERESINA/PI; NITEROI/RJ; CARAPICUIBA/SP","R$319.059,05","250","R$1.529,13","9298","R$25,00","118273","R$10,00","648575","R$5,00","R$0,00","R$17.528.700,00","R$1.500.000,00","R$86.296.148,83",""
"2544","10/06/2022","3","5","6","7","8","10","11","12","13","15","18","20","21","23","24","4","MANAUS/AM; IPATINGA/MG; ITAPECERICA/MG; ARARAQUARA/SP","R$269.995,45","399","R$810,76","15200","R$25,00","184223","R$10,00","777954","R$5,00","R$0,00","R$19.839.532,50","R$1.500.000,00","R$86.557.434,76",""
"2545","11/06/2022","1","2","3","5","7","9","10","13","14","15","16","19","20","21","24","1","CANAL ELETRONICO","R$1.278.727,33","278","R$1.377,80","10403","R$25,00","117398","R$10,00","610258","R$5,00","R$0,00","R$17.143.532,50","R$1.500.000,00","R$86.866.804,28",""
"2546","13/06/2022","2","4","5","7","8","9","10","11","14","17","20","21","22","24","25","2","CUIABA/MT; VOTUPORANGA/SP","R$636.470,99","263","R$1.449,79","11692","R$25,00","128190","R$10,00","658698","R$5,00","R$0,00","R$17.994.777,50","R$1.500.000,00","R$87.174.774,12",""
"2547","14/06/2022","1","2","5","9","10","12","15","16","18","19","21","22","23","24","25","0","","R$0,00","233","R$1.704,81","9712","R$25,00","106895","R$10,00","590585","R$5,00","R$1.326.113,46","R$16.886.357,50","R$4.000.000,00","R$87.495.608,04",""
"2548","15/06/2022","1","2","3","4","5","8","9","11","13","15","16","18","19","23","25","1","CANOINHAS/SC","R$3.234.731,10","562","R$1.017,27","17264","R$25,00","210419","R$10,00","1075136","R$5,00","R$0,00","R$28.394.940,00","R$1.500.000,00","R$87.957.370,38",""
"2549","17/06/2022","1","2","4","5","6","7","9","11","16","17","19","21","22","24","25","1","CANAL ELETRONICO","R$1.799.605,72","297","R$1.814,99","11731","R$25,00","127278","R$10,00","679676","R$5,00","R$2.017.800,71","R$21.017.282,50","R$5.000.000,00","R$88.392.758,87",""
"2550","18/06/2022","1","2","6","7","9","10","12","13","17","18","20","21","23","24","25","3","LAURO DE FREITAS/BA; BELEM/PA; SAO PAULO/SP","R$1.450.951,44","433","R$1.390,98","15580","R$25,00","175272","R$10,00","927859","R$5,00","R$0,00","R$26.331.160,00","R$1.500.000,00","R$88.879.228,38",""
"2551","20/06/2022","1","2","6","9","10","11","12","14","15","16","18","20","21","22","25","2","MADRE DE DEUS DE MINAS/MG; SOROCABA/SP","R$791.662,55","315","R$1.505,61","11224","R$25,00","120832","R$10,00","629634","R$5,00","R$0,00","R$19.112.582,50","R$1.500.000,00","R$89.262.290,91",""
"2552","21/06/2022","1","3","4","5","9","10","12","13","14","15","17","18","21","24","25","1","ARAPUTANGA/MT","R$1.177.958,10","247","R$1.428,52","10116","R$25,00","115271","R$10,00","628659","R$5,00","R$0,00","R$16.754.542,50","R$1.500.000,00","R$89.547.280,79",""
"2553","22/06/2022","1","2","4","5","7","8","9","11","13","14","17","18","19","21","25","7","CANAL ELETRONICO; MANAUS/AM; POCOS DE CALDAS/MG; CAXIAS DO SUL/RS; SAO PAULO/SP","R$167.492,48","492","R$713,80","13713","R$25,00","142194","R$10,00","685117","R$5,00","R$0,00","R$18.204.940,00","R$1.500.000,00","R$89.830.937,40",""
"2554","23/06/2022","2","3","4","8","10","11","13","15","16","17","18","19","20","22","24","2","BELO HORIZONTE/MG; JANDIRA/SP","R$609.506,77","219","R$1.667,31","8743","R$25,00","105844","R$10,00","547174","R$5,00","R$0,00","R$15.736.267,50","R$1.500.000,00","R$90.125.860,05",""
"2555","24/06/2022","2","3","4","6","7","8","11","12","16","17","18","21","22","23","25","5","PORTO ALEGRE/RS; DIADEMA/SP; PORTO NACIONAL/TO","R$291.349,27","328","R$1.330,34","10912","R$25,00","91392","R$10,00","488626","R$5,00","R$0,00","R$16.116.282,50","R$1.500.000,00","R$90.478.298,70",""
"2556","25/06/2022","1","2","5","10","11","12","15","17","18","20","21","22","23","24","25","1","CONTAGEM/MG","R$1.030.921,38","310","R$996,13","8970","R$25,00","108360","R$10,00","584814","R$5,00","R$0,00","R$15.241.787,50","R$1.500.000,00","R$90.727.715,17",""
"2557","27/06/2022","2","3","4","5","6","7","8","9","10","11","12","17","18","21","22","0","","R$0,00","261","R$1.649,50","8230","R$25,00","101677","R$10,00","563673","R$5,00","R$1.437.279,13","R$16.960.987,50","R$4.000.000,00","R$91.075.444,01",""
"2558","28/06/2022","3","4","5","6","10","12","14","15","16","17","20","21","22","24","25","1","SAO PEDRO DO TURVO/SP","R$3.477.366,40","362","R$1.688,08","12956","R$25,00","163123","R$10,00","886498","R$5,00","R$0,00","R$25.578.505,00","R$1.500.000,00","R$91.569.013,52",""
"2559","29/06/2022","1","3","5","7","8","9","10","12","13","14","16","17","19","21","25","2","CANAL ELETRONICO; RIO DE JANEIRO/RJ","R$556.506,66","743","R$448,70","12824","R$25,00","129767","R$10,00","626971","R$5,00","R$1.972.708,28","R$16.880.442,50","R$5.000.000,00","R$91.838.290,95",""
"2560","30/06/2022","1","2","4","5","6","8","9","11","14","16","18","20","23","24","25","5","ANAPOLIS/GO; BELO HORIZONTE/MG; OURILANDIA DO NORTE/PA; NOVA FATIMA/PR","R$852.722,39","759","R$778,53","21395","R$25,00","230606","R$10,00","1084605","R$5,00","R$0,00","R$29.548.797,50","R$1.500.000,00","R$92.315.562,54",""
"2561","01/07/2022","1","2","3","5","6","7","12","13","15","16","17","18","20","21","23","2","RIO DE JANEIRO/RJ; FLORIANOPOLIS/SC","R$749.449,98","346","R$1.297,62","10052","R$25,00","127529","R$10,00","692360","R$5,00","R$0,00","R$19.474.225,00","R$1.500.000,00","R$92.678.199,64",""
"2562","02/07/2022","2","3","6","7","9","10","11","14","16","17","20","21","22","24","25","2","SANTAREM/PA; INDAIATUBA/SP","R$700.068,90","249","R$1.684,32","8540","R$25,00","101543","R$10,00","548926","R$5,00","R$0,00","R$16.608.267,50","R$1.500.000,00","R$93.016.942,67",""
"2563","04/07/2022","3","4","6","8","9","12","15","17","18","19","21","22","23","24","25","1","CANAL ELETRONICO","R$1.468.926,11","278","R$1.582,73","10711","R$25,00","127388","R$10,00","665881","R$5,00","R$0,00","R$19.044.250,00","R$1.500.000,00","R$93.372.328,03",""
"2564","05/07/2022","2","4","6","7","8","11","15","16","17","18","21","22","23","24","25","1","BARRA DO GARCAS/MT","R$1.556.317,42","201","R$1.623,51","9755","R$25,00","102792","R$10,00","570055","R$5,00","R$0,00","R$17.780.980,00","R$1.500.000,00","R$93.748.856,45",""
"2565","06/07/2022","1","2","5","7","9","10","11","12","14","15","16","18","20","22","25","8","CANAL ELETRONICO; MANAUS/AM; BELO HORIZONTE/MG; CIANORTE/PR; CACIQUE DOBLE/RS; FARROUPILHA/RS; INDAIATUBA/SP; PIRACICABA/SP","R$142.620,78","734","R$465,61","19232","R$25,00","164926","R$10,00","748895","R$5,00","R$0,00","R$19.615.892,50","R$1.500.000,00","R$94.024.896,67",""
"2566","07/07/2022","1","2","10","11","12","13","14","15","16","18","19","20","21","23","24","1","GOIANIA/GO","R$1.662.789,58","217","R$1.606,68","6980","R$25,00","102672","R$10,00","569949","R$5,00","R$0,00","R$18.182.877,50","R$1.500.000,00","R$94.427.184,48",""
"2567","08/07/2022","1","2","3","4","5","7","11","12","13","14","15","19","20","21","24","0","","R$0,00","267","R$1.366,65","8684","R$25,00","123837","R$10,00","718204","R$5,00","R$1.740.266,70","R$20.891.167,50","R$4.000.000,00","R$94.848.216,75",""
"2568","09/07/2022","1","2","4","6","8","9","11","12","14","15","17","20","21","22","24","3","CANAL ELETRONICO; SALVADOR/BA; ARAUCARIA/PR","R$1.244.037,81","502","R$1.188,51","14016","R$25,00","150566","R$10,00","766576","R$5,00","R$0,00","R$23.710.377,50","R$1.500.000,00","R$95.330.115,17",""
"2569","11/07/2022","3","5","12","13","14","15","16","17","18","19","20","21","22","23","25","1","SALVADOR/BA","R$1.517.057,92","319","R$1.424,50","21167","R$25,00","108388","R$10,00","645440","R$5,00","R$2.254.388,43","R$19.229.020,00","R$5.000.000,00","R$95.697.145,32",""
"2570","12/07/2022","1","3","4","5","6","7","9","10","11","13","16","18","20","23","25","4","SAO SEBASTIAO DA AMOREIRA/PR; RIO DE JANEIRO/RJ; IBIRAMA/SC; PORTO NACIONAL/TO","R$1.107.639,58","837","R$670,62","28789","R$25,00","271730","R$10,00","1185374","R$5,00","R$0,00","R$31.560.997,50","R$1.500.000,00","R$96.150.514,06",""
"2571","13/07/2022","2","4","5","7","10","14","15","16","17","19","20","21","23","24","25","3","CANAL ELETRONICO; RIO DE JANEIRO/RJ","R$462.895,93","306","R$1.359,36","10364","R$25,00","126552","R$10,00","663595","R$5,00","R$0,00","R$18.552.102,50","R$1.500.000,00","R$96.486.486,92",""
"2572","14/07/2022","1","3","5","7","8","9","11","12","13","14","15","16","21","23","24","1","PIRAQUARA/PR","R$1.239.930,54","182","R$1.428,49","7662","R$25,00","104378","R$10,00","607695","R$5,00","R$0,00","R$16.449.337,50","R$1.500.000,00","R$96.786.470,12",""
"2573","15/07/2022","2","6","9","10","11","12","13","15","16","17","18","19","20","22","23","1","REDENCAO/PA","R$1.628.200,87","165","R$2.069,07","7845","R$25,00","110376","R$10,00","631055","R$5,00","R$0,00","R$18.931.430,00","R$1.500.000,00","R$97.180.389,70",""
"2574","16/07/2022","1","2","3","7","9","10","11","12","14","16","17","19","20","21","25","1","CANAL ELETRONICO","R$1.239.162,95","262","R$1.416,70","9651","R$25,00","113665","R$10,00","586094","R$5,00","R$0,00","R$16.525.050,00","R$1.500.000,00","R$97.480.187,19",""
"2575","18/07/2022","2","3","5","6","7","8","10","11","14","15","16","17","21","23","25","5","BETIM/MG; GIRUA/RS; LAGES/SC; ITAPOLIS/SP; TUPIRAMA/TO","R$273.774,57","300","R$1.366,77","10602","R$25,00","124302","R$10,00","660007","R$5,00","R$0,00","R$18.367.220,00","R$1.500.000,00","R$97.811.366,12",""
"2576","19/07/2022","1","2","5","6","7","10","13","15","16","18","19","20","21","24","25","1","VITORIA DA CONQUISTA/BA","R$1.203.435,90","321","R$1.122,97","9898","R$25,00","113996","R$10,00","613942","R$5,00","R$0,00","R$16.678.232,50","R$1.500.000,00","R$98.102.519,97",""
"2577","20/07/2022","1","4","6","7","8","9","12","13","14","18","20","21","23","24","25","1","CAMBORIU/SC","R$1.526.441,34","203","R$1.576,65","8571","R$25,00","112864","R$10,00","629655","R$5,00","R$0,00","R$18.473.670,00","R$1.500.000,00","R$98.471.820,30",""
"2578","21/07/2022","1","2","3","4","7","8","9","10","12","14","15","16","20","22","25","2","CAMACARI/BA; SAO PAULO/SP","R$668.991,85","203","R$1.381,99","7704","R$25,00","102448","R$10,00","569508","R$5,00","R$0,00","R$16.487.962,50","R$1.500.000,00","R$98.795.526,05",""
"2579","22/07/2022","1","3","4","7","8","10","12","15","16","17","18","19","22","23","25","4","BREJOES/BA; CARMO DO RIO CLARO/MG; ORIXIMINA/PA; JUNDIAI/SP","R$371.783,14","502","R$887,35","12145","R$25,00","116830","R$10,00","604653","R$5,00","R$2.003.201,34","R$18.273.962,50","R$5.000.000,00","R$99.155.316,20",""
"2580","23/07/2022","1","5","7","8","10","11","12","13","14","15","16","18","20","22","25","3","CANAL ELETRONICO; OSASCO/SP; SAO PAULO/SP","R$1.360.733,57","582","R$921,39","22053","R$25,00","218023","R$10,00","1077723","R$5,00","R$0,00","R$28.247.217,50","R$1.500.000,00","R$99.588.441,08",""
"2581","25/07/2022","1","2","3","4","7","8","11","12","15","16","17","19","20","21","22","1","ANAPOLIS/GO","R$1.667.566,08","274","R$1.822,99","7272","R$25,00","91918","R$10,00","551081","R$5,00","R$0,00","R$17.759.407,50","R$1.500.000,00","R$99.991.884,49",""
"2582","26/07/2022","1","3","4","5","8","10","11","12","13","15","16","18","19","21","24","1","JUNDIAI/SP","R$1.197.451,22","290","R$1.236,83","9758","R$25,00","110104","R$10,00","586597","R$5,00","R$0,00","R$16.233.170,00","R$1.500.000,00","R$100.281.590,45",""
"2583","27/07/2022","1","2","5","7","8","10","11","13","14","15","16","18","19","23","24","2","BELO HORIZONTE/MG; TAUBATE/SP","R$686.328,19","345","R$1.191,78","10915","R$25,00","125323","R$10,00","648323","R$5,00","R$0,00","R$18.294.170,00","R$1.500.000,00","R$100.613.684,75",""
"2584","28/07/2022","3","4","5","7","8","10","11","12","13","14","15","16","22","23","24","2","APARECIDA DE GOIANIA/GO; ATIBAIA/SP","R$635.092,99","203","R$1.874,23","7919","R$25,00","101936","R$10,00","598234","R$5,00","R$0,00","R$16.459.517,50","R$1.500.000,00","R$100.920.987,82",""
"2585","29/07/2022","3","4","6","7","8","10","12","17","18","20","21","22","23","24","25","2","UMUARAMA/PR; RIO DE JANEIRO/RJ","R$766.848,72","269","R$1.707,81","9637","R$25,00","128398","R$10,00","686958","R$5,00","R$0,00","R$19.592.987,50","R$1.500.000,00","R$101.292.043,67",""
"2586","30/07/2022","1","2","7","8","12","13","15","16","18","19","20","21","22","23","24","1","CANAL ELETRONICO","R$1.492.333,21","222","R$1.409,50","8754","R$25,00","107272","R$10,00","620884","R$5,00","R$0,00","R$18.072.770,00","R$1.500.000,00","R$101.653.092,04",""
"2587","01/08/2022","3","4","6","7","8","9","11","13","15","16","19","20","21","22","24","0","","R$0,00","259","R$1.398,06","9494","R$25,00","111820","R$10,00","619782","R$5,00","R$1.726.923,48","R$19.454.547,50","R$4.500.000,00","R$102.070.896,11",""
"2588","02/08/2022","3","4","5","8","9","10","14","15","17","18","21","22","23","24","25","5","CANAL ELETRONICO; ITABUNA/BA; ITUIUTABA/MG; CLEMENTINA/SP","R$820.395,42","577","R$1.232,96","17382","R$25,00","206479","R$10,00","1116184","R$5,00","R$0,00","R$31.263.515,00","R$1.500.000,00","R$102.645.505,87",""
"2589","03/08/2022","1","2","4","5","7","8","9","10","14","15","18","21","22","24","25","3","RIO DE JANEIRO/RJ; SAO GONCALO/RJ; MONGAGUA/SP","R$485.117,15","260","R$1.676,67","9921","R$25,00","134191","R$10,00","680509","R$5,00","R$2.272.777,20","R$19.252.190,00","R$5.000.000,00","R$102.997.607,04",""
"2590","04/08/2022","1","3","4","5","7","9","10","13","15","16","18","20","21","24","25","12","SERRA/ES; ARAGUARI/MG; BETIM/MG; MONTES CLAROS/MG; TERESINA/PI; BARRA MANSA/RJ; COROADOS/SP; OURINHOS/SP; PINDAMONHANGABA/SP; SANTA GERTRUDES/SP; SAO PAULO/SP","R$352.149,65","1235","R$407,89","30753","R$25,00","283142","R$10,00","1286124","R$5,00","R$0,00","R$32.078.205,00","R$1.500.000,00","R$103.404.485,92",""
"2591","05/08/2022","1","2","3","4","5","7","9","11","12","14","17","20","21","23","24","0","","R$0,00","438","R$1.008,58","13055","R$25,00","145311","R$10,00","746830","R$5,00","R$1.474.793,64","R$20.557.732,50","R$4.200.000,00","R$103.761.290,84",""
"2592","06/08/2022","1","2","4","5","6","7","10","14","15","18","19","21","22","23","25","0","","R$0,00","342","R$1.501,82","11637","R$25,00","160515","R$10,00","915371","R$5,00","R$3.924.380,30","R$27.951.877,50","R$7.500.000,00","R$104.353.932,79",""
"2593","08/08/2022","1","5","6","8","9","10","12","13","15","17","20","21","22","23","24","4","GOIANIA/GO; CAMPO GRANDE/MS; SAO JOSE DOS PINHAIS/PR; NITEROI/RJ","R$1.875.174,24","666","R$1.608,47","21860","R$25,00","276539","R$10,00","1512686","R$5,00","R$0,00","R$44.096.150,00","R$1.500.000,00","R$105.219.170,70",""
"2594","09/08/2022","4","5","9","11","12","14","15","16","18","20","21","22","23","24","25","2","NOVA IPIXUNA/PA; SAO PAULO/SP","R$672.231,03","243","R$1.657,28","9177","R$25,00","129868","R$10,00","657034","R$5,00","R$0,00","R$18.249.397,50","R$1.500.000,00","R$105.544.443,78",""
"2595","10/08/2022","2","3","4","6","9","10","12","14","16","17","18","20","22","24","25","4","CANAL ELETRONICO; BELO HORIZONTE/MG; CAMPOS NOVOS/SC; UBATUBA/SP","R$344.251,11","722","R$571,28","17001","R$25,00","147968","R$10,00","662816","R$5,00","R$0,00","R$19.357.800,00","R$1.500.000,00","R$105.877.590,03",""
"2596","11/08/2022","2","5","6","9","11","12","13","14","15","16","17","19","20","24","25","0","","R$0,00","160","R$1.955,09","7185","R$25,00","99521","R$10,00","594528","R$5,00","R$1.491.885,10","R$17.497.112,50","R$4.000.000,00","R$106.238.529,98",""
"2597","12/08/2022","4","7","8","9","11","12","13","14","15","16","17","19","21","23","25","2","CANAL ELETRONICO; VITORIA/ES","R$1.935.877,36","453","R$1.573,65","16565","R$25,00","206047","R$10,00","1123406","R$5,00","R$0,00","R$31.315.330,00","R$1.500.000,00","R$106.814.304,89",""
"2598","13/08/2022","1","3","6","9","10","11","12","13","14","17","18","19","20","23","25","0","","R$0,00","199","R$1.404,92","8695","R$25,00","113668","R$10,00","641699","R$5,00","R$1.333.375,71","R$17.612.097,50","R$4.000.000,00","R$107.136.895,79",""
"2599","15/08/2022","1","2","3","4","6","8","9","10","11","13","17","18","19","22","23","3","SALVADOR/BA; MAFRA/SC; SAO VICENTE/SP","R$1.183.110,65","445","R$1.491,60","15253","R$25,00","186167","R$10,00","939489","R$5,00","R$2.845.685,48","R$27.788.535,00","R$5.000.000,00","R$107.673.014,24",""
"2600","16/08/2022","2","5","7","9","10","11","12","14","15","16","18","22","23","24","25","3","RECIFE/PE; CURITIBA/PR; TAUBATE/SP","R$1.683.723,53","683","R$832,90","24105","R$25,00","248538","R$10,00","1208226","R$5,00","R$0,00","R$31.153.627,50","R$1.500.000,00","R$108.132.490,32",""
"2601","17/08/2022","1","3","4","5","6","7","13","15","16","17","20","21","22","23","24","1","ITATIBA/SP","R$1.503.054,67","265","R$1.698,95","8878","R$25,00","112929","R$10,00","625544","R$5,00","R$0,00","R$18.321.152,50","R$1.500.000,00","R$108.496.132,58",""
"2602","18/08/2022","1","2","3","4","5","6","8","10","11","12","16","18","19","20","23","1","RIO BRANCO/AC","R$1.364.406,08","184","R$1.554,81","7005","R$25,00","97649","R$10,00","562358","R$5,00","R$0,00","R$16.394.920,00","R$1.500.000,00","R$108.826.230,84",""
"2603","19/08/2022","2","3","5","7","9","10","11","13","15","17","19","20","21","24","25","37","CANAL ELETRONICO; CAMACARI/BA; PARAMIRIM/BA; SALVADOR/BA; FORTALEZA/CE; BRASILIA/DF; RIO VERDE/GO; BELO HORIZONTE/MG; IPATINGA/MG; ITINGA/MG; CUIABA/MT; NOVA UBIRATA/MT; JOAO PESSOA/PB; RECIFE/PE; TERESINA/PI; CASCAVEL/PR; LARANJEIRAS DO SUL/PR; MARIALVA/PR; MATINHOS/PR; VOLTA REDONDA/RJ; CAMBORIU/SC; CAMPINAS/SP; GUAIRA/SP; GUAPIACU/SP; IRACEMAPOLIS/SP; PORTO FELIZ/SP; PRESIDENTE PRUDENTE/SP; SAO BERNARDO DO CAMPO/SP; SAO PAULO/SP","R$12.377,36","2129","R$64,43","32909","R$25,00","213915","R$10,00","802684","R$5,00","R$0,00","R$18.524.815,00","R$1.500.000,00","R$108.937.028,14",""
"2604","20/08/2022","4","5","6","7","9","12","13","14","15","16","18","19","20","22","23","0","","R$0,00","344","R$1.216,24","9154","R$25,00","111676","R$10,00","586529","R$5,00","R$1.396.775,38","R$17.293.267,50","R$4.000.000,00","R$109.274.957,68",""
"2605","22/08/2022","1","2","5","7","9","11","12","15","16","19","21","22","23","24","25","4","MANAUS/AM; POUSO ALEGRE/MG; RIO DE JANEIRO/RJ; MAFRA/SC","R$859.989,56","618","R$990,31","20777","R$25,00","222910","R$10,00","1100004","R$5,00","R$0,00","R$29.887.750,00","R$1.500.000,00","R$109.769.276,12",""
"2606","23/08/2022","3","6","7","8","9","10","11","14","16","18","19","20","21","23","24","1","SERRA/ES","R$1.506.192,02","170","R$1.857,73","6385","R$25,00","88884","R$10,00","518880","R$5,00","R$0,00","R$16.409.120,00","R$1.500.000,00","R$110.133.677,43",""
"2607","24/08/2022","1","3","5","7","8","9","10","14","16","17","18","22","23","24","25","0","","R$0,00","218","R$1.819,26","8847","R$25,00","114682","R$10,00","627647","R$5,00","R$1.324.033,06","R$17.432.520,00","R$3.500.000,00","R$110.454.008,01",""
"2608","25/08/2022","1","2","4","8","9","11","12","14","15","17","18","19","23","24","25","0","","R$0,00","452","R$1.203,37","14962","R$25,00","169249","R$10,00","871052","R$5,00","R$3.139.901,62","R$24.465.580,00","R$6.500.000,00","R$110.893.331,06",""
"2609","26/08/2022","3","5","6","7","9","11","12","15","17","18","19","20","21","24","25","3","SAO LUIS/MA; BELO HORIZONTE/MG; LONDRINA/PR","R$1.834.872,76","622","R$1.138,78","22385","R$25,00","267333","R$10,00","1350089","R$5,00","R$113.687.406,29","R$35.598.745,00","R$180.000.000,00","R$113.687.406,29",""
"2610","10/09/2022","1","3","5","7","8","9","10","11","12","15","16","17","20","22","24","79","CANAL ELETRONICO; AL; AM; BA; CE; DF; ES; GO; MA; MG; MS; MT; PA; PB; PE; PR; RJ; RN; RR; RS; SC; SP; TO","R$2.248.149,10","12202","R$1.118,16","378406","R$25,00","4292807","R$10,00","22099555","R$5,00","R$0,00","R$617.852.335,00","R$1.500.000,00","R$0,00",""
"2611","12/09/2022","2","3","4","5","6","7","8","13","14","15","17","19","21","22","25","4","CANAL ELETRONICO; PONTES E LACERDA/MT; CARUARU/PE; LARANJEIRAS DO SUL/PR","R$435.307,17","320","R$1.629,89","11722","R$25,00","137987","R$10,00","753371","R$5,00","R$0,00","R$21.803.512,50","R$1.500.000,00","R$421.265,02",""
"2612","13/09/2022","1","3","6","9","10","11","13","16","17","18","19","20","21","23","25","1","SAO PAULO/SP","R$1.235.457,93","360","R$1.027,96","14219","R$25,00","169771","R$10,00","725249","R$5,00","R$0,00","R$19.668.067,50","R$1.500.000,00","R$720.166,14",""
"2613","14/09/2022","1","2","3","5","6","8","11","14","15","16","18","19","20","21","25","2","JOAO PESSOA/PB; GUARULHOS/SP","R$771.473,59","233","R$1.388,50","9521","R$25,00","136449","R$10,00","628634","R$5,00","R$0,00","R$19.148.472,50","R$1.500.000,00","R$1.093.459,83",""
"2614","15/09/2022","1","2","3","4","6","10","13","16","17","19","20","21","23","24","25","0","","R$0,00","169","R$2.007,18","7370","R$25,00","105757","R$10,00","567636","R$5,00","R$1.617.782,86","R$18.010.635,00","R$4.100.000,00","R$1.484.858,92",""
"2615","16/09/2022","2","3","5","6","8","9","10","14","15","17","19","20","21","22","25","5","CURITIBA/PR; GUAIBA/RS; PORTO ALEGRE/RS; CAMPINAS/SP","R$793.883,50","626","R$1.125,25","18729","R$25,00","210783","R$10,00","1081765","R$5,00","R$0,00","R$30.919.015,00","R$1.500.000,00","R$2.053.802,78",""
"2616","17/09/2022","1","2","3","4","6","7","9","10","12","14","16","18","21","22","25","3","SALVADOR/BA; BARRA DO BUGRES/MT; RESENDE/RJ","R$527.312,02","237","R$1.399,56","8935","R$25,00","111457","R$10,00","584917","R$5,00","R$0,00","R$18.241.162,50","R$1.500.000,00","R$2.436.529,25",""
"2617","19/09/2022","1","3","5","6","7","8","10","11","12","13","17","18","22","24","25","3","GOIANIA/GO; UBERLANDIA/MG; SAO PAULO/SP","R$394.360,32","387","R$915,70","12574","R$25,00","139084","R$10,00","699773","R$5,00","R$0,00","R$18.293.075,00","R$1.500.000,00","R$2.722.758,53",""
"2618","20/09/2022","1","2","3","4","5","6","7","9","11","16","17","18","19","20","25","1","RIO DE JANEIRO/RJ","R$1.644.717,11","162","R$2.128,77","7027","R$25,00","78696","R$10,00","504196","R$5,00","R$0,00","R$16.778.052,50","R$1.500.000,00","R$3.120.673,97",""
"2619","21/09/2022","3","4","5","6","7","9","10","11","12","13","15","16","17","20","25","1","SAO PAULO/SP","R$1.375.470,22","247","R$1.668,04","9242","R$25,00","124621","R$10,00","735145","R$5,00","R$2.302.299,28","R$19.197.857,50","R$5.000.000,00","R$3.453.449,03",""
"2620","22/09/2022","1","2","3","5","7","9","10","11","13","14","15","16","18","19","23","1","CANOINHAS/SC","R$4.581.604,79","609","R$965,37","20728","R$25,00","229004","R$10,00","1174876","R$5,00","R$0,00","R$30.461.480,00","R$1.500.000,00","R$3.928.304,36",""
"2621","23/09/2022","2","3","4","5","7","9","10","11","12","14","15","20","22","23","25","2","CANAL ELETRONICO; CUIABA/MT","R$587.259,89","325","R$1.082,50","12588","R$25,00","148212","R$10,00","764739","R$5,00","R$0,00","R$19.208.262,50","R$1.500.000,00","R$4.212.462,38",""
"2622","24/09/2022","1","2","3","4","5","6","8","9","10","12","13","17","19","20","25","0","","R$0,00","230","R$1.675,12","9456","R$25,00","122573","R$10,00","685275","R$5,00","R$1.286.234,73","R$18.113.447,50","R$4.000.000,00","R$4.523.648,22",""
"2623","26/09/2022","1","4","5","6","7","10","11","12","13","15","16","18","22","23","24","3","PEDREIRAS/MA; SAO PAULO/SP","R$1.186.438,93","543","R$1.253,91","16684","R$25,00","193506","R$10,00","1041082","R$5,00","R$0,00","R$29.515.770,00","R$1.500.000,00","R$5.073.587,45",""
"2624","27/09/2022","2","4","5","7","8","12","14","17","18","20","21","22","23","24","25","2","TERESOPOLIS/RJ; CHAPECO/SC","R$552.049,79","438","R$755,07","12500","R$25,00","128062","R$10,00","616249","R$5,00","R$0,00","R$16.651.380,00","R$1.500.000,00","R$5.340.708,32",""
"2625","28/09/2022","3","4","5","7","8","9","10","11","12","13","18","19","20","21","25","5","APARECIDA DE GOIANIA/GO; GOIANIA/GO; JARDINOPOLIS/SP; MOGI MIRIM/SP","R$250.175,34","510","R$734,67","13571","R$25,00","143078","R$10,00","789827","R$5,00","R$0,00","R$19.841.740,00","R$1.500.000,00","R$5.643.339,79",""
"2626","29/09/2022","3","4","5","6","8","10","11","12","13","14","17","20","22","23","24","0","","R$0,00","278","R$1.287,14","9249","R$25,00","113304","R$10,00","588734","R$5,00","R$1.194.592,56","R$16.287.087,50","R$3.500.000,00","R$5.932.354,13",""
"2627","30/09/2022","1","3","7","8","9","10","13","14","16","17","20","21","22","24","25","3","CANAL ELETRONICO; LIMEIRA/SP","R$1.106.177,77","326","R$1.366,08","13253","R$25,00","170679","R$10,00","928326","R$5,00","R$0,00","R$26.698.080,00","R$1.500.000,00","R$6.446.210,78",""
"2628","01/10/2022","1","4","9","10","11","12","13","14","15","17","20","21","22","23","25","3","CANAL ELETRONICO; JOINVILLE/SC; SAO PAULO/SP","R$522.897,01","241","R$1.364,81","7588","R$25,00","106991","R$10,00","667630","R$5,00","R$0,00","R$18.944.072,50","R$1.500.000,00","R$6.825.732,80",""
"2629","03/10/2022","2","3","4","5","6","7","9","10","12","13","14","19","21","22","25","1","VARGINHA/MG","R$1.256.773,87","310","R$1.214,36","8944","R$25,00","114452","R$10,00","629866","R$5,00","R$2.134.324,32","R$17.100.905,00","R$5.000.000,00","R$7.129.790,99",""
"2630","04/10/2022","1","2","3","6","8","9","10","13","14","16","17","20","21","22","25","5","CANAL ELETRONICO; GUARAPUAVA/PR; TIJUCAS/SC","R$1.052.966,44","577","R$1.399,43","18586","R$25,00","181424","R$10,00","987292","R$5,00","R$0,00","R$30.972.722,50","R$1.500.000,00","R$7.781.980,15",""
"2631","05/10/2022","2","4","5","6","7","8","11","14","17","18","19","20","21","23","24","1","CURITIBA/PR","R$1.594.868,13","262","R$1.823,37","10075","R$25,00","119592","R$10,00","618336","R$5,00","R$0,00","R$18.948.757,50","R$1.500.000,00","R$8.167.835,36",""
"2632","06/10/2022","1","4","5","7","9","11","12","13","15","16","17","19","20","21","22","2","PIUMHI/MG; SAO JOSE/SC","R$647.053,10","293","R$1.322,98","10239","R$25,00","129160","R$10,00","667346","R$5,00","R$0,00","R$18.145.597,50","R$1.500.000,00","R$8.480.925,58",""
"2633","07/10/2022","1","3","4","6","9","11","12","14","15","16","17","18","19","24","25","0","","R$0,00","226","R$1.857,54","9054","R$25,00","113799","R$10,00","651141","R$5,00","R$2.002.137,00","R$21.299.340,00","R$5.000.000,00","R$8.965.313,57",""
"2634","08/10/2022","1","2","3","4","7","9","10","14","15","16","18","20","21","22","24","4","CANAL ELETRONICO; RECIFE/PE; RIACHUELO/SE; SAO PAULO/SP","R$1.093.860,90","468","R$1.519,01","16136","R$25,00","187263","R$10,00","976169","R$5,00","R$0,00","R$29.124.160,00","R$1.500.000,00","R$9.539.500,66",""
"2635","10/10/2022","2","4","5","6","8","10","11","13","14","15","17","20","21","23","25","19","JUAZEIRO/BA; SALVADOR/BA; BELO HORIZONTE/MG; CONCEICAO DAS ALAGOAS/MG; JANUARIA/MG; CAMPO GRANDE/MS; CAMPINA GRANDE/PB; BALNEARIO CAMBORIU/SC; AMERICANA/SP; CAMPINAS/SP; ESTRELA D'OESTE/SP; ITAQUAQUECETUBA/SP; JACAREI/SP; LINDOIA/SP; POMPEIA/SP; RIO CLARO/SP; SAO PAULO/SP","R$53.908,96","1512","R$202,91","23266","R$25,00","175363","R$10,00","761235","R$5,00","R$0,00","R$19.611.360,00","R$1.500.000,00","R$9.787.307,98",""
"2636","11/10/2022","1","3","4","5","7","8","9","10","11","13","15","18","22","24","25","1","CANAL ELETRONICO","R$735.650,50","417","R$528,43","15244","R$25,00","152378","R$10,00","718922","R$5,00","R$0,00","R$16.596.395,00","R$1.500.000,00","R$9.965.287,95",""
"2637","13/10/2022","2","4","5","8","9","10","12","13","19","20","21","22","23","24","25","2","SAO LUIS/MA; SUZANO/SP","R$687.257,09","407","R$1.011,59","12350","R$25,00","140631","R$10,00","761343","R$5,00","R$0,00","R$20.043.502,50","R$1.500.000,00","R$10.297.831,70",""
"2638","14/10/2022","2","4","5","9","10","12","14","15","18","19","21","22","23","24","25","1","NOSSA SENHORA DO SOCORRO/SE","R$1.293.799,79","416","R$931,59","14183","R$25,00","160248","R$10,00","740308","R$5,00","R$0,00","R$19.930.105,00","R$1.500.000,00","R$10.610.847,79",""
"2639","15/10/2022","2","3","7","8","9","11","12","14","15","16","18","20","21","22","24","2","CANAL ELETRONICO; CAMACARI/BA","R$703.483,55","405","R$1.040,59","12439","R$25,00","127874","R$10,00","628105","R$5,00","R$2.112.841,85","R$18.390.080,00","R$5.000.000,00","R$10.951.243,07",""
"2640","17/10/2022","3","6","7","9","10","11","12","14","15","16","18","19","21","22","25","3","ARACAJU/SE; INDAIATUBA/SP; SAO PAULO/SP","R$1.662.894,02","551","R$1.346,25","17527","R$25,00","197389","R$10,00","1058144","R$5,00","R$0,00","R$30.931.527,50","R$1.500.000,00","R$11.550.376,45",""
"2641","18/10/2022","1","3","4","5","7","8","9","12","13","14","17","19","20","23","24","4","MANHUACU/MG; RECIFE/PE; BOA VISTA DAS MISSOES/RS; ROSANA/SP","R$232.814,80","560","R$498,12","14904","R$25,00","150610","R$10,00","666256","R$5,00","R$0,00","R$16.968.255,00","R$1.500.000,00","R$11.775.681,10",""
"2642","19/10/2022","2","4","5","8","9","13","14","15","16","17","19","20","21","22","24","3","HEITORAI/GO; MUZAMBINHO/MG; ANANINDEUA/PA","R$505.605,73","275","R$1.652,16","9355","R$25,00","113258","R$10,00","620320","R$5,00","R$0,00","R$18.369.147,50","R$1.500.000,00","R$12.142.653,01",""
"2643","20/10/2022","1","2","3","4","6","9","11","12","13","16","18","19","20","22","25","0","","R$0,00","235","R$1.877,05","7671","R$25,00","98857","R$10,00","565675","R$5,00","R$1.472.624,04","R$17.074.655,00","R$3.500.000,00","R$12.498.933,02",""
"2644","21/10/2022","1","2","5","6","8","10","11","12","13","15","16","17","18","19","20","2","UBERABA/MG; CAMPO GRANDE/MS","R$1.951.704,60","411","R$1.771,57","13093","R$25,00","157441","R$10,00","880295","R$5,00","R$0,00","R$27.460.432,50","R$1.500.000,00","R$13.087.026,22",""
"2645","22/10/2022","1","2","3","5","6","7","11","12","13","14","15","17","18","20","24","1","RONDONOPOLIS/MT","R$1.509.120,86","163","R$1.941,28","6987","R$25,00","101811","R$10,00","614367","R$5,00","R$0,00","R$17.858.955,00","R$1.500.000,00","R$13.452.136,12",""
"2646","24/10/2022","2","3","6","8","9","10","12","13","14","15","17","20","22","23","25","3","PEDRA BRANCA DO AMAPARI/AP; MARECHAL FLORIANO/ES; SAO JOSE DE RIBAMAR/MA","R$415.793,47","275","R$1.358,68","10615","R$25,00","122301","R$10,00","621294","R$5,00","R$0,00","R$17.229.535,00","R$1.500.000,00","R$13.753.921,71",""
"2647","25/10/2022","1","3","4","5","6","9","10","13","16","17","18","19","22","24","25","2","APARECIDA DE GOIANIA/GO; RIO DE JANEIRO/RJ","R$659.509,48","286","R$1.381,46","7870","R$25,00","100026","R$10,00","573559","R$5,00","R$0,00","R$16.387.587,50","R$1.500.000,00","R$14.073.039,21",""
"2648","26/10/2022","4","7","8","10","11","12","13","14","15","16","17","18","20","22","25","2","GUAXUPE/MG; RONDONOPOLIS/MT","R$703.410,94","209","R$1.411,38","9188","R$25,00","117537","R$10,00","630572","R$5,00","R$0,00","R$17.991.822,50","R$1.500.000,00","R$14.413.399,35",""
"2649","27/10/2022","2","3","6","7","8","10","12","14","15","16","17","19","20","23","24","2","CATAGUASES/MG; SAO PAULO/SP","R$666.699,27","225","R$1.775,13","8167","R$25,00","93952","R$10,00","517914","R$5,00","R$2.123.746,13","R$15.699.220,00","R$5.000.000,00","R$14.735.995,78",""
"2650","28/10/2022","2","4","5","6","7","9","11","12","13","14","15","18","19","20","22","1","GURUPI/TO","R$4.642.747,44","459","R$1.415,56","17217","R$25,00","203188","R$10,00","1125438","R$5,00","R$0,00","R$30.190.342,50","R$1.500.000,00","R$15.260.787,73",""
"2651","29/10/2022","3","4","10","11","12","13","15","16","17","18","19","22","23","24","25","1","GOIANIA/GO","R$1.427.928,78","156","R$1.919,26","6975","R$25,00","106340","R$10,00","579790","R$5,00","R$0,00","R$17.132.372,50","R$1.500.000,00","R$15.606.254,37",""
"2652","31/10/2022","1","3","4","5","6","8","10","12","14","15","16","17","19","24","25","3","ANAPOLIS/GO; BALNEARIO CAMBORIU/SC; LIMEIRA/SP","R$431.758,25","368","R$1.054,30","10263","R$25,00","109463","R$10,00","554345","R$5,00","R$0,00","R$16.395.465,00","R$1.500.000,00","R$15.919.627,32",""
"2653","01/11/2022","2","3","7","8","9","10","12","13","14","15","17","18","19","20","21","2","CHAPECO/SC; GUARULHOS/SP","R$604.723,61","387","R$936,11","10710","R$25,00","126473","R$10,00","655009","R$5,00","R$0,00","R$17.518.500,00","R$1.500.000,00","R$16.212.235,53",""
"2654","03/11/2022","1","3","5","6","9","10","13","15","16","17","19","20","21","24","25","4","CANAL ELETRONICO; BRASILIA/DF; TOLEDO/PR; SAO BERNARDO DO CAMPO/SP","R$281.061,41","623","R$540,53","15900","R$25,00","167827","R$10,00","757376","R$5,00","R$0,00","R$19.499.602,50","R$1.500.000,00","R$16.484.230,45",""
"2655","04/11/2022","1","5","6","8","9","11","13","14","15","16","19","20","21","22","23","2","ANAPOLIS/GO; RIO DE JANEIRO/RJ","R$859.798,17","236","R$1.527,80","8765","R$25,00","112538","R$10,00","660263","R$5,00","R$0,00","R$19.857.032,50","R$1.500.000,00","R$16.900.261,84",""
"2656","05/11/2022","2","3","4","7","9","10","11","12","13","17","18","19","20","21","25","1","XAXIM/SC","R$1.035.763,33","536","R$578,82","14752","R$25,00","153447","R$10,00","730531","R$5,00","R$0,00","R$18.321.745,00","R$1.500.000,00","R$17.150.849,76",""
"2657","07/11/2022","1","2","3","5","6","7","8","10","12","13","15","16","17","21","24","2","BRASILIA/DF; SANTO ANDRE/SP","R$722.237,14","268","R$1.614,46","10050","R$25,00","123553","R$10,00","699484","R$5,00","R$0,00","R$19.175.275,00","R$1.500.000,00","R$17.500.319,34",""
"2658","08/11/2022","1","2","3","4","5","8","9","10","12","14","15","16","18","21","24","1","SAO PAULO/SP","R$1.126.597,18","193","R$1.748,49","6715","R$25,00","89829","R$10,00","509851","R$5,00","R$0,00","R$14.328.180,00","R$1.500.000,00","R$17.772.883,18",""
"2659","09/11/2022","1","3","5","7","10","11","13","15","18","19","20","21","22","23","24","3","CANAL ELETRONICO; CAMPINAS/SP; SOROCABA/SP","R$322.437,55","519","R$558,28","17831","R$25,00","183814","R$10,00","839761","R$5,00","R$1.830.748,38","R$20.095.850,00","R$5.000.000,00","R$18.006.910,44",""
"2660","10/11/2022","1","2","3","6","8","10","13","14","15","16","18","19","21","24","25","4","CASCAVEL/PR; DUQUE DE CAXIAS/RJ; MACEDONIA/SP; SAO PAULO/SP","R$1.264.795,03","490","R$1.699,44","16720","R$25,00","211098","R$10,00","1165535","R$5,00","R$0,00","R$34.053.687,50","R$1.500.000,00","R$18.679.500,40",""
"2661","11/11/2022","1","3","4","5","6","8","9","10","12","15","16","17","18","22","25","1","LIMEIRA/SP","R$1.546.128,53","286","R$1.619,32","10730","R$25,00","136056","R$10,00","719213","R$5,00","R$0,00","R$20.270.780,00","R$1.500.000,00","R$19.053.563,76",""
"2662","12/11/2022","3","4","5","6","9","10","12","13","14","16","17","19","20","22","23","3","CANAL ELETRONICO; PORTAO/RS; SAO PAULO/SP","R$475.804,93","415","R$1.030,28","11367","R$25,00","127708","R$10,00","662676","R$5,00","R$0,00","R$18.831.855,00","R$1.500.000,00","R$19.398.906,06",""
"2663","14/11/2022","1","3","5","6","7","11","12","13","14","16","18","19","21","22","25","1","BELO HORIZONTE/MG","R$1.591.743,69","325","R$1.467,04","10301","R$25,00","119629","R$10,00","659354","R$5,00","R$0,00","R$19.419.140,00","R$1.500.000,00","R$19.784.005,35",""
"2664","16/11/2022","1","4","5","6","7","8","9","10","11","12","17","18","23","24","25","5","CANAL ELETRONICO; CAMPO GRANDE/MS; CIANORTE/PR; CURITIBA/PR","R$368.358,20","237","R$1.629,46","8147","R$25,00","117219","R$10,00","654316","R$5,00","R$0,00","R$20.510.272,50","R$1.500.000,00","R$20.229.599,96",""
"2665","17/11/2022","3","6","7","8","9","11","12","13","15","16","18","19","20","21","25","2","MANAUS/AM; SAO PAULO/SP","R$650.273,17","203","R$1.343,33","7513","R$25,00","112465","R$10,00","628262","R$5,00","R$0,00","R$17.186.702,50","R$1.500.000,00","R$20.544.248,28",""
"2666","18/11/2022","2","3","4","7","8","10","11","12","13","19","20","21","22","23","24","2","FORTALEZA/CE; SAO PAULO/SP","R$707.831,74","391","R$1.084,51","12032","R$25,00","136082","R$10,00","679257","R$5,00","R$0,00","R$19.192.162,50","R$1.500.000,00","R$20.886.747,52",""
"2667","19/11/2022","1","2","3","4","8","9","10","11","13","15","19","20","23","24","25","1","CORRENTINA/BA","R$1.120.728,91","443","R$757,79","12571","R$25,00","131072","R$10,00","669988","R$5,00","R$0,00","R$17.433.125,00","R$1.500.000,00","R$21.157.891,63",""
"2668","21/11/2022","1","3","5","8","9","13","15","16","17","18","19","20","22","23","24","1","CANDEIAS/BA","R$1.326.204,16","199","R$1.397,37","9191","R$25,00","118811","R$10,00","670530","R$5,00","R$0,00","R$18.053.760,00","R$1.500.000,00","R$21.478.747,48",""
"2669","22/11/2022","1","4","6","7","8","9","10","11","14","15","19","20","21","24","25","1","SAO PAULO/SP","R$1.471.002,83","202","R$1.526,91","7203","R$25,00","85642","R$10,00","503206","R$5,00","R$2.103.423,16","R$16.013.685,00","R$5.000.000,00","R$21.834.635,27",""
"2670","23/11/2022","1","3","5","7","8","13","15","17","18","19","21","22","23","24","25","4","MACEIO/AL; GOIANIA/GO; TRINDADE/GO; SAO PAULO/SP","R$976.244,14","890","R$522,11","31931","R$25,00","263447","R$10,00","1160119","R$5,00","R$0,00","R$29.545.215,00","R$1.500.000,00","R$22.209.958,90",""
"2671","24/11/2022","1","2","5","7","8","9","10","11","12","13","18","20","21","22","25","3","CANAL ELETRONICO; MATAO/SP; QUELUZ/SP","R$289.017,96","240","R$1.082,15","8142","R$25,00","96705","R$10,00","498675","R$5,00","R$0,00","R$13.060.657,50","R$1.500.000,00","R$22.419.730,01",""
"2672","25/11/2022","2","3","5","6","9","10","11","13","15","16","17","19","21","22","24","6","CANAL ELETRONICO; ANAPOLIS/GO; APARECIDA DE GOIANIA/GO; FRANCO DA ROCHA/SP; MOGI DAS CRUZES/SP; SAO PAULO/SP","R$194.921,52","671","R$522,08","14958","R$25,00","137233","R$10,00","649146","R$5,00","R$0,00","R$17.731.897,50","R$1.500.000,00","R$22.702.680,61",""
"2673","26/11/2022","2","3","4","5","7","8","10","11","12","14","15","20","22","23","24","0","","R$0,00","240","R$1.392,19","10266","R$25,00","117586","R$10,00","630226","R$5,00","R$1.115.470,20","R$16.502.532,50","R$3.000.000,00","R$22.972.552,45",""
"2674","28/11/2022","1","2","3","4","5","7","8","11","12","13","14","15","16","20","25","0","","R$0,00","251","R$1.524,07","8631","R$25,00","133492","R$10,00","712008","R$5,00","R$2.939.890,87","R$21.486.665,00","R$6.000.000,00","R$23.413.944,56",""
"2675","29/11/2022","2","4","7","9","10","12","13","14","16","18","20","22","23","24","25","13","CANAL ELETRONICO; CRUZEIRO DO SUL/AC; SALVADOR/BA; BRASILIA/DF; ARAXA/MG; NOVA PORTEIRINHA/MG; CAMPO GRANDE/MS; CUIABA/MT; PEDRA PRETA/MT; ALTONIA/PR; GUARULHOS/SP; ITU/SP; SAO PAULO/SP","R$388.589,98","1184","R$534,25","25979","R$25,00","251898","R$10,00","1180396","R$5,00","R$0,00","R$32.148.292,50","R$1.500.000,00","R$23.924.858,80",""
"2676","30/11/2022","2","6","8","9","11","13","14","15","16","18","19","21","22","23","25","1","SAO PAULO/SP","R$1.561.303,15","328","R$1.425,82","9485","R$25,00","106114","R$10,00","580595","R$5,00","R$0,00","R$17.990.110,00","R$1.500.000,00","R$24.302.593,45",""
"2677","01/12/2022","1","3","4","6","8","10","11","12","14","16","17","18","21","22","24","8","CAREIRO/AM; POCOS DE CALDAS/MG; DIAMANTINO/MT; SALINOPOLIS/PA; OLINDA/PE; RIO DE JANEIRO/RJ; CAXIAS DO SUL/RS; MAUA/SP","R$179.205,75","464","R$925,50","11528","R$25,00","113020","R$10,00","565988","R$5,00","R$0,00","R$17.420.235,00","R$1.000.000,00","R$24.649.443,31",""
"2678","02/12/2022","2","4","5","6","7","8","9","10","11","15","16","17","20","22","24","2","NATAL/RN; PIRACICABA/SP","R$665.050,25","192","R$1.452,56","6898","R$25,00","94139","R$10,00","512609","R$5,00","R$0,00","R$15.551.632,50","R$1.500.000,00","R$24.971.241,82",""
"2679","03/12/2022","4","5","6","7","8","9","10","12","13","16","19","20","22","24","25","1","AQUIRAZ/CE","R$1.400.927,88","222","R$1.890,23","7940","R$25,00","110002","R$10,00","635670","R$5,00","R$2.066.811,30","R$17.773.505,00","R$4.000.000,00","R$25.310.175,99",""
"2680","05/12/2022","1","2","4","5","9","10","11","13","15","16","17","19","20","23","24","7","CANAL ELETRONICO; SALVADOR/BA; APARECIDA DE GOIANIA/GO; PINHEIRO/MA; CANGUCU/RS; AGROLANDIA/SC; ARARAS/SP","R$603.052,50","459","R$1.210,75","15613","R$25,00","184457","R$10,00","953799","R$5,00","R$0,00","R$26.018.000,00","R$1.500.000,00","R$25.759.041,86",""
"2681","06/12/2022","2","4","7","8","10","12","13","14","16","17","18","19","21","22","24","1","LAPAO/BA","R$1.309.231,04","409","R$958,84","12463","R$25,00","133321","R$10,00","624999","R$5,00","R$0,00","R$17.961.802,50","R$1.500.000,00","R$26.075.791,32",""
"2682","07/12/2022","3","4","6","7","8","9","10","11","12","14","15","16","19","23","24","0","","R$0,00","201","R$1.875,12","7649","R$25,00","108262","R$10,00","645890","R$5,00","R$1.797.511,75","R$19.942.392,50","R$4.000.000,00","R$26.510.673,21",""
"2683","08/12/2022","1","2","3","4","8","10","11","12","13","14","20","21","22","23","25","2","CANAL ELETRONICO; SAO PAULO/SP","R$1.853.162,72","356","R$1.606,07","12239","R$25,00","167909","R$10,00","876890","R$5,00","R$0,00","R$24.838.992,50","R$1.500.000,00","R$26.972.482,98",""
"2684","09/12/2022","2","4","6","7","8","9","10","11","12","13","15","20","22","23","25","0","","R$0,00","176","R$1.357,00","7391","R$25,00","102630","R$10,00","578720","R$5,00","R$1.139.040,05","R$15.522.932,50","R$3.500.000,00","R$27.248.057,20",""
"2685","10/12/2022","4","5","6","7","8","9","11","16","17","18","20","21","22","24","25","1","BARRO/CE","R$3.290.808,55","240","R$1.879,90","8375","R$25,00","120364","R$10,00","698503","R$5,00","R$0,00","R$22.753.222,50","R$1.500.000,00","R$27.768.646,36",""
"2686","12/12/2022","1","3","4","5","7","8","9","13","14","15","16","19","20","21","24","1","SANTO ANDRE/SP","R$1.436.289,10","282","R$1.525,62","10961","R$25,00","121672","R$10,00","658249","R$5,00","R$0,00","R$18.665.310,00","R$1.500.000,00","R$28.116.135,67",""
"2687","13/12/2022","3","4","5","6","7","10","11","13","14","15","16","19","20","21","22","3","BRASILIA/DF; CONTAGEM/MG; JOAO PESSOA/PB","R$444.740,48","310","R$1.289,19","9966","R$25,00","107021","R$10,00","575145","R$5,00","R$0,00","R$16.768.922,50","R$1.500.000,00","R$28.438.931,19",""
"2688","14/12/2022","2","4","5","6","7","8","10","11","14","16","17","18","20","22","25","1","RIO DE JANEIRO/RJ","R$1.393.721,30","308","R$1.355,43","12346","R$25,00","135482","R$10,00","637214","R$5,00","R$0,00","R$18.594.877,50","R$1.500.000,00","R$28.776.121,83",""
"2689","15/12/2022","2","3","4","5","8","9","10","14","15","16","18","21","22","23","24","3","SALVADOR/BA; CIDADE OCIDENTAL/GO; PIRACURUCA/PI","R$462.206,27","272","R$1.527,00","8839","R$25,00","97092","R$10,00","547848","R$5,00","R$2.235.034,76","R$16.438.545,00","R$4.500.000,00","R$29.111.594,14",""
"2690","16/12/2022","1","3","5","6","7","8","11","12","15","17","18","20","21","23","24","3","JUAZEIRO/BA; SERRA/ES; SAO PAULO/SP","R$1.550.508,64","633","R$984,67","20028","R$25,00","211913","R$10,00","1080099","R$5,00","R$0,00","R$29.561.592,50","R$1.500.000,00","R$29.615.029,81",""
"2691","17/12/2022","1","2","6","9","10","11","12","13","15","17","18","19","21","24","25","4","CANAL ELETRONICO; AVARE/SP; CANDIDO MOTA/SP; SANTA FE DO SUL/SP","R$335.500,04","320","R$1.256,19","9390","R$25,00","104825","R$10,00","578212","R$5,00","R$0,00","R$16.761.767,50","R$1.500.000,00","R$29.939.707,26",""
"2692","19/12/2022","1","2","3","4","6","8","9","11","13","14","15","20","21","22","24","3","BRASILIA/DF; TAPEROA/PB","R$521.756,90","157","R$2.090,46","7526","R$25,00","101020","R$10,00","606151","R$5,00","R$0,00","R$18.075.477,50","R$1.500.000,00","R$30.318.401,80",""
"2693","20/12/2022","3","7","8","9","10","13","14","15","16","19","20","21","22","24","25","1","SAO JOSE DOS PINHAIS/PR","R$1.269.492,49","278","R$1.367,85","10287","R$25,00","122399","R$10,00","646955","R$5,00","R$0,00","R$17.626.385,00","R$1.500.000,00","R$30.625.537,09",""
"2694","21/12/2022","3","5","7","8","9","10","11","12","13","14","15","20","21","23","24","1","RECIFE/PE","R$1.113.468,19","239","R$1.395,51","10670","R$25,00","140333","R$10,00","799642","R$5,00","R$0,00","R$18.993.967,50","R$1.500.000,00","R$30.894.924,56",""
"2695","22/12/2022","1","2","8","9","10","11","12","13","15","17","20","21","23","24","25","2","VARZEA PAULISTA/SP; SITIO NOVO DO TOCANTINS/TO","R$605.816,80","291","R$1.247,18","10497","R$25,00","129630","R$10,00","680176","R$5,00","R$0,00","R$17.880.940,00","R$1.500.000,00","R$31.188.061,73",""
"2696","23/12/2022","1","2","3","4","6","7","8","9","11","13","14","15","16","18","22","1","CANAL ELETRONICO","R$1.566.350,24","252","R$1.861,83","9498","R$25,00","141757","R$10,00","650450","R$5,00","R$0,00","R$19.645.610,00","R$1.000.000,00","R$31.567.017,44",""
"2697","24/12/2022","2","5","6","9","10","11","13","14","15","18","19","20","21","22","25","2","SIMOES FILHO/BA; BOM JARDIM DE GOIAS/GO","R$491.973,61","254","R$1.160,35","8204","R$25,00","99286","R$10,00","529041","R$5,00","R$0,00","R$14.095.327,50","R$1.500.000,00","R$31.805.069,20",""
"2698","26/12/2022","1","2","3","4","5","8","9","10","12","17","20","22","23","24","25","1","SANTO ANDRE/SP","R$1.247.939,61","273","R$1.369,25","10370","R$25,00","124958","R$10,00","685809","R$5,00","R$0,00","R$18.023.787,50","R$1.500.000,00","R$32.106.990,08",""
"2699","27/12/2022","1","3","4","6","7","8","11","13","14","15","16","20","22","23","24","1","TOLEDO/PR","R$1.371.965,45","278","R$1.478,26","10005","R$25,00","117881","R$10,00","589194","R$5,00","R$1.882.591,52","R$17.384.350,00","R$5.000.000,00","R$32.438.917,21",""
"2700","28/12/2022","3","4","5","6","7","9","13","14","16","17","19","21","22","24","25","4","SAO SEBASTIAO DO PASSE/BA; FORTALEZA/CE; CAMPO GRANDE/MS; MOGI GUACU/SP","R$1.141.435,94","485","R$1.426,97","17290","R$25,00","198322","R$10,00","1039531","R$5,00","R$0,00","R$29.842.767,50","R$1.500.000,00","R$32.997.907,26",""
"2701","29/12/2022","1","3","4","5","7","9","12","14","16","18","19","21","22","23","25","3","CANAL ELETRONICO; LAVRAS/MG; MAMBORE/PR","R$467.596,10","590","R$712,18","13424","R$25,00","131276","R$10,00","637281","R$5,00","R$0,00","R$18.608.987,50","R$1.500.000,00","R$33.337.291,54",""
"2702","30/12/2022","1","2","4","6","7","10","14","15","16","17","18","19","21","23","25","3","MACAPA/AP; LONDRINA/PR; SALES/SP","R$664.920,53","254","R$1.646,68","8922","R$25,00","103552","R$10,00","586178","R$5,00","R$0,00","R$20.266.862,50","R$1.000.000,00","R$33.819.895,16",""
"2703","31/12/2022","1","2","5","7","9","10","12","13","14","17","19","20","21","23","24","6","CANAL ELETRONICO; SALVADOR/BA; BRASILIA/DF; RIO DE JANEIRO/RJ; JOINVILLE/SC; CABREUVA/SP","R$148.930,00","556","R$481,40","13512","R$25,00","122212","R$10,00","570408","R$5,00","R$0,00","R$14.927.105,00","R$1.500.000,00","R$34.036.083,87",""
"2704","03/01/2023","2","5","7","8","9","10","11","12","13","16","18","19","20","21","23","2","JANDIRA/SP; SAO JOSE DOS CAMPOS/SP","R$1.015.408,37","385","R$1.580,02","14852","R$25,00","201112","R$10,00","1037669","R$5,00","R$0,00","R$28.258.515,00","R$1.500.000,00","R$34.527.410,51",""
"2705","04/01/2023","2","3","4","7","8","9","14","16","17","18","19","20","22","24","25","0","","R$0,00","207","R$1.627,56","9186","R$25,00","129110","R$10,00","681117","R$5,00","R$1.606.779,57","R$19.904.480,00","R$4.300.000,00","R$34.916.147,52",""
"2706","05/01/2023","1","3","4","7","8","9","10","11","12","13","15","18","21","22","25","0","","R$0,00","531","R$1.228,89","19786","R$25,00","230515","R$10,00","1271882","R$5,00","R$3.785.262,76","R$32.707.627,50","R$7.500.000,00","R$35.443.199,91",""
"2707","06/01/2023","1","2","4","5","8","9","10","11","14","15","16","17","18","21","25","1","CANAL ELETRONICO","R$8.252.873,44","644","R$1.454,59","22825","R$25,00","294569","R$10,00","1673331","R$5,00","R$0,00","R$51.158.025,00","R$1.500.000,00","R$36.524.073,47",""
"2708","07/01/2023","1","2","3","5","6","13","14","16","18","19","21","22","23","24","25","2","CANAL ELETRONICO","R$889.470,54","199","R$1.874,39","7767","R$25,00","108423","R$10,00","620987","R$5,00","R$0,00","R$19.566.972,50","R$1.500.000,00","R$36.954.462,45",""
"2709","09/01/2023","1","2","3","5","9","10","11","12","13","19","21","22","23","24","25","2","IBITINGA/SP; SALTO/SP","R$646.666,82","683","R$567,20","14934","R$25,00","175158","R$10,00","841889","R$5,00","R$2.846.305,58","R$21.486.520,00","R$5.000.000,00","R$37.267.365,76",""
"2710","10/01/2023","1","2","3","4","7","10","11","12","13","14","16","17","20","24","25","5","CANAL ELETRONICO; POUSO ALEGRE/MG; LONDRINA/PR; VILHENA/RO; MOGI DAS CRUZES/SP","R$1.222.423,50","705","R$1.194,85","20414","R$25,00","240580","R$10,00","1288835","R$5,00","R$0,00","R$36.540.047,50","R$1.500.000,00","R$37.947.743,25",""
"2711","11/01/2023","1","3","4","8","11","12","15","16","18","19","20","22","23","24","25","1","CANAL ELETRONICO","R$1.792.040,66","219","R$1.715,75","9718","R$25,00","121114","R$10,00","710312","R$5,00","R$0,00","R$21.072.147,50","R$1.500.000,00","R$38.381.301,48",""
"2712","12/01/2023","2","3","8","11","12","13","16","17","18","19","20","22","23","24","25","4","CANAL ELETRONICO; JUAZEIRO/BA; CRISTALINA/GO; ARAGUAINA/TO","R$377.141,38","277","R$1.631,31","9043","R$25,00","135996","R$10,00","669008","R$5,00","R$0,00","R$19.393.385,00","R$1.500.000,00","R$38.746.277,01",""
"2713","13/01/2023","2","3","5","6","7","8","9","12","15","18","19","20","21","22","24","4","CANAL ELETRONICO; ITAJAI/SC; JUNDIAI/SP; UBATUBA/SP","R$440.441,29","318","R$1.659,48","11719","R$25,00","138069","R$10,00","734317","R$5,00","R$0,00","R$21.694.617,50","R$1.500.000,00","R$39.172.510,53",""
"2714","14/01/2023","2","3","5","6","8","9","11","13","16","17","18","21","23","24","25","2","CANAL ELETRONICO; ILHEUS/BA","R$668.058,79","389","R$1.028,84","12071","R$25,00","136125","R$10,00","724263","R$5,00","R$0,00","R$19.291.700,00","R$1.500.000,00","R$39.495.764,80",""
"2715","16/01/2023","2","4","6","7","11","12","13","14","15","17","18","19","22","23","25","1","SAO JOAO DE MERITI/RJ","R$1.729.282,27","265","R$1.368,27","9728","R$25,00","121551","R$10,00","676357","R$5,00","R$0,00","R$20.357.592,50","R$1.500.000,00","R$39.914.139,54",""
"2716","17/01/2023","1","4","6","8","9","10","13","14","15","17","18","19","20","21","24","1","SAO JOAO DEL REI/MG","R$1.638.091,22","238","R$1.443,15","8014","R$25,00","103188","R$10,00","601885","R$5,00","R$0,00","R$18.491.485,00","R$1.500.000,00","R$40.310.451,95",""
"2717","18/01/2023","2","3","4","5","9","10","11","14","15","16","17","20","21","22","24","6","CANAL ELETRONICO; JUAZEIRO/BA; BRASILIA/DF; BELEM/PA; HERVAL D'OESTE/SC","R$266.309,56","288","R$1.661,87","9123","R$25,00","119219","R$10,00","657555","R$5,00","R$0,00","R$19.353.492,50","R$1.500.000,00","R$40.697.030,36",""
"2718","19/01/2023","1","2","3","4","6","7","8","12","15","19","20","21","22","23","25","0","","R$0,00","171","R$1.976,59","7423","R$25,00","96466","R$10,00","566650","R$5,00","R$1.611.979,95","R$17.757.150,00","R$4.000.000,00","R$41.087.025,52",""
"2719","20/01/2023","1","4","5","6","8","10","11","13","14","15","17","19","22","23","24","8","CANAL ELETRONICO; FORTALEZA/CE; SETE LAGOAS/MG; APUCARANA/PR; ARIQUEMES/RO; MOGI DAS CRUZES/SP; SAO BERNARDO DO CAMPO/SP","R$491.740,40","730","R$952,75","20494","R$25,00","210101","R$10,00","1058707","R$5,00","R$2.467.361,73","R$30.581.302,50","R$5.000.000,00","R$41.648.785,98",""
"2720","21/01/2023","1","4","5","6","7","8","9","11","13","15","17","19","21","22","23","5","CANAL ELETRONICO; SANTANA DO IPANEMA/AL; LAVRAS/MG; BANDEIRANTES/PR; SAO BERNARDO DO CAMPO/SP","R$1.023.530,88","553","R$1.236,17","20921","R$25,00","239337","R$10,00","1064579","R$5,00","R$0,00","R$31.136.810,00","R$1.500.000,00","R$42.200.930,29",""
"2721","23/01/2023","1","3","5","8","10","11","12","13","14","16","18","19","20","21","25","3","CURITIBA/PR; PONTA GROSSA/PR","R$360.372,82","379","R$854,45","15300","R$25,00","178391","R$10,00","787779","R$5,00","R$0,00","R$19.830.130,00","R$1.500.000,00","R$42.462.491,22",""
"2722","24/01/2023","1","2","3","4","5","6","8","12","18","20","21","22","23","24","25","8","CANAL ELETRONICO; SANTA LUZIA/MA; SANTA LUZIA DO PARUA/MA; IPATINGA/MG; BELEM/PA; ENTRE RIOS DO SUL/RS; LARANJAL PAULISTA/SP; SAO PAULO/SP","R$180.959,17","424","R$1.022,72","12321","R$25,00","116187","R$10,00","622824","R$5,00","R$0,00","R$18.269.130,00","R$1.500.000,00","R$42.812.734,77",""
"2723","25/01/2023","1","2","3","6","7","8","10","12","15","17","20","21","22","23","24","1","SAO PAULO/SP","R$1.572.955,34","192","R$1.717,78","8538","R$25,00","116159","R$10,00","622008","R$5,00","R$0,00","R$18.706.807,50","R$1.500.000,00","R$43.193.288,49",""
"2724","26/01/2023","1","3","5","6","8","12","13","14","17","19","20","21","22","24","25","2","ITAITUBA/PA; APUCARANA/PR","R$619.494,19","473","R$784,62","12397","R$25,00","130472","R$10,00","643095","R$5,00","R$0,00","R$17.727.640,00","R$1.500.000,00","R$43.493.043,75",""
"2725","27/01/2023","1","2","4","5","7","8","9","10","11","12","14","17","22","23","24","4","SALVADOR/BA; APARECIDA DE GOIANIA/GO; IPATINGA/MG; SETE LAGOAS/MG","R$377.777,04","326","R$1.388,45","11233","R$25,00","139276","R$10,00","747934","R$5,00","R$0,00","R$20.519.195,00","R$1.500.000,00","R$43.858.634,45",""
"2726","28/01/2023","2","5","6","8","9","10","11","14","16","17","18","19","20","21","23","3","SALVADOR/BA; BRASILIA/DF; SAO JOAO/PR","R$552.720,01","221","R$1.573,21","7854","R$25,00","106657","R$10,00","609632","R$5,00","R$0,00","R$18.758.305,00","R$1.500.000,00","R$44.259.802,20",""
"2727","30/01/2023","2","3","4","8","9","10","11","12","13","16","17","18","19","20","23","4","CANAL ELETRONICO; BRASILIA/DF","R$393.204,24","312","R$1.510,00","10838","R$25,00","128849","R$10,00","672622","R$5,00","R$0,00","R$19.715.230,00","R$1.500.000,00","R$44.640.322,44",""
"2728","31/01/2023","1","2","3","4","5","9","10","11","13","14","16","17","18","20","22","0","","R$0,00","745","R$600,55","8862","R$25,00","119682","R$10,00","649311","R$5,00","R$1.493.671,70","R$18.700.265,00","R$4.000.000,00","R$45.001.694,64",""
"2729","01/02/2023","2","4","5","6","8","9","10","12","13","14","19","20","21","22","25","3","CANAL ELETRONICO; SAO PAULO/SP","R$1.261.384,26","607","R$1.130,29","20350","R$25,00","220299","R$10,00","1140169","R$5,00","R$2.236.608,60","R$31.580.602,50","R$5.000.000,00","R$45.555.843,30",""
"2730","02/02/2023","2","4","7","10","11","13","14","15","16","19","20","21","23","24","25","3","UBA/MG; BELEM/PA; MARICA/RJ","R$1.684.518,54","633","R$1.147,85","21374","R$25,00","236812","R$10,00","1209165","R$5,00","R$0,00","R$33.535.122,50","R$1.500.000,00","R$46.142.707,27",""
"2731","03/02/2023","1","3","7","8","9","11","12","13","14","18","19","20","21","23","25","2","RIO DE JANEIRO/RJ; SAO PAULO/SP","R$652.920,06","471","R$830,46","15428","R$25,00","182512","R$10,00","821574","R$5,00","R$0,00","R$21.516.812,50","R$1.500.000,00","R$46.458.636,33",""
"2732","04/02/2023","2","3","5","6","8","10","12","15","16","18","19","20","21","24","25","4","PLANALTO/BA; MONTES CLAROS/MG; FLORIANOPOLIS/SC; JARAGUA DO SUL/SC","R$305.293,90","665","R$550,06","21090","R$25,00","162207","R$10,00","760326","R$5,00","R$0,00","R$20.218.497,50","R$1.500.000,00","R$46.754.082,06",""
"2733","06/02/2023","1","3","4","6","7","8","10","11","12","14","19","21","22","24","25","2","TAIO/SC; SUZANO/SP","R$869.628,76","396","R$1.315,59","10196","R$25,00","130700","R$10,00","703811","R$5,00","R$0,00","R$20.965.307,50","R$1.500.000,00","R$47.174.870,17",""
"2734","07/02/2023","1","3","5","6","8","10","11","12","14","15","17","18","21","22","23","1","PIRACICABA/SP","R$1.390.055,21","440","R$946,30","13350","R$25,00","144115","R$10,00","704686","R$5,00","R$0,00","R$19.610.662,50","R$1.500.000,00","R$47.511.173,87",""
"2735","08/02/2023","1","2","4","5","6","8","9","11","12","14","17","18","21","23","24","3","CANAL ELETRONICO; MACEIO/AL","R$580.653,47","652","R$800,28","13860","R$25,00","151229","R$10,00","753014","R$5,00","R$0,00","R$22.232.050,00","R$1.500.000,00","R$47.932.615,92",""
"2736","09/02/2023","1","3","6","8","11","12","14","15","17","18","19","20","21","23","25","0","","R$0,00","490","R$786,60","13621","R$25,00","144828","R$10,00","686266","R$5,00","R$1.286.758,08","R$18.881.235,00","R$4.000.000,00","R$48.243.928,37",""
"2737","10/02/2023","3","4","5","7","9","10","11","16","17","18","19","20","23","24","25","1","MARILIA/SP","R$3.965.187,47","553","R$1.450,80","19277","R$25,00","237167","R$10,00","1348070","R$5,00","R$0,00","R$36.367.800,00","R$1.500.000,00","R$48.891.935,50",""
"2738","11/02/2023","1","3","4","10","11","12","13","14","15","16","19","20","21","24","25","2","FATIMA DO SUL/MS; REGISTRO/SP","R$784.645,51","265","R$1.773,82","9457","R$25,00","125097","R$10,00","697571","R$5,00","R$0,00","R$19.818.057,50","R$1.500.000,00","R$49.271.602,69",""
"2739","13/02/2023","1","2","3","4","5","6","7","11","13","15","16","18","22","23","25","1","IMPERATRIZ/MA","R$1.653.124,27","277","R$1.787,63","10002","R$25,00","129479","R$10,00","727563","R$5,00","R$2.352.563,14","R$20.742.092,50","R$5.000.000,00","R$49.671.552,12",""
"2740","14/02/2023","2","3","5","6","7","8","9","10","11","13","14","15","17","19","23","7","SALVADOR/BA; BRASILIA/DF; SERRA/ES; ENTRE RIOS DO OESTE/PR; CHAPECO/SC; CAMPINAS/SP","R$742.074,77","743","R$986,60","21451","R$25,00","275785","R$10,00","1352041","R$5,00","R$0,00","R$36.201.015,00","R$1.500.000,00","R$50.263.627,17",""
"2741","15/02/2023","1","2","4","5","6","7","8","9","13","15","18","22","23","24","25","4","CANAL ELETRONICO; JOAO MONLEVADE/MG; HORTOLANDIA/SP; JUNDIAI/SP","R$416.579,90","230","R$1.519,09","9926","R$25,00","135472","R$10,00","715267","R$5,00","R$0,00","R$20.804.270,00","R$1.500.000,00","R$50.666.769,01",""
"2742","16/02/2023","1","2","4","5","7","9","11","12","13","14","15","17","18","20","22","1","SAO GONCALO/RJ","R$1.433.696,16","283","R$1.517,48","11239","R$25,00","130849","R$10,00","693054","R$5,00","R$0,00","R$19.280.697,50","R$1.500.000,00","R$51.013.630,99",""
"2743","17/02/2023","1","4","6","8","9","12","13","16","17","18","19","20","22","23","24","1","BELO HORIZONTE/MG","R$1.941.323,21","246","R$1.654,69","9030","R$25,00","118253","R$10,00","685104","R$5,00","R$0,00","R$21.469.192,50","R$1.500.000,00","R$51.483.305,97",""
"2744","18/02/2023","1","2","3","4","6","7","8","9","11","12","15","20","21","23","25","1","PORTO VELHO/RO","R$1.566.871,70","167","R$1.967,29","8814","R$25,00","103380","R$10,00","636982","R$5,00","R$0,00","R$18.568.312,50","R$1.500.000,00","R$51.862.387,85",""
"2745","22/02/2023","1","6","7","9","10","11","12","14","15","17","19","22","23","24","25","1","JOINVILLE/SC","R$1.991.955,54","187","R$2.233,52","8934","R$25,00","127599","R$10,00","742970","R$5,00","R$0,00","R$22.615.800,00","R$1.500.000,00","R$52.344.312,58",""
"2746","23/02/2023","1","3","4","6","7","10","11","12","13","17","18","19","23","24","25","7","CANAL ELETRONICO; MANAUS/AM; JUAZEIRO DO NORTE/CE; GOIANIA/GO; ROCA SALES/RS; RINOPOLIS/SP; SAO PAULO/SP","R$200.659,13","479","R$878,36","11743","R$25,00","128036","R$10,00","681135","R$5,00","R$0,00","R$18.952.820,00","R$1.500.000,00","R$52.684.138,53",""
"2747","24/02/2023","1","2","5","7","8","10","11","12","14","17","18","19","20","21","25","3","CANAL ELETRONICO; GOIANIA/GO; CAMBE/PR","R$501.664,83","451","R$999,56","14461","R$25,00","150543","R$10,00","773539","R$5,00","R$0,00","R$21.228.095,00","R$1.500.000,00","R$53.048.250,10",""
"2748","25/02/2023","1","2","4","5","6","8","9","10","12","14","16","19","22","23","24","1","CAXIAS DO SUL/RS","R$1.513.698,12","385","R$1.177,69","11194","R$25,00","128495","R$10,00","656563","R$5,00","R$0,00","R$19.228.140,00","R$1.500.000,00","R$53.414.467,40",""
"2749","27/02/2023","2","5","6","7","9","10","12","13","14","16","18","20","21","22","24","2","CANAL ELETRONICO; CAMPINA GRANDE/PB","R$779.073,10","561","R$831,95","14295","R$25,00","142451","R$10,00","687316","R$5,00","R$2.351.873,98","R$20.319.870,00","R$5.000.000,00","R$53.791.438,27",""
"2750","28/02/2023","1","2","6","7","8","9","11","13","14","16","17","18","21","22","23","2","CAMPO MOURAO/PR; RIO PARDO/RS","R$3.229.267,29","584","R$1.813,79","21621","R$25,00","210689","R$10,00","1163392","R$5,00","R$0,00","R$38.321.825,00","R$1.500.000,00","R$54.646.992,57",""
"2751","01/03/2023","1","2","3","5","9","10","12","13","15","16","17","19","23","24","25","4","CANAL ELETRONICO; BRASILIA/DF; JABOATAO DOS GUARARAPES/PE; SANTOS/SP","R$320.504,90","456","R$842,13","14913","R$25,00","166914","R$10,00","807907","R$5,00","R$0,00","R$20.843.050,00","R$1.500.000,00","R$54.957.158,61",""
"2752","02/03/2023","2","3","4","7","10","11","12","15","16","17","20","21","22","23","25","4","CANAL ELETRONICO; BRASILIA/DF; CAMPO NOVO DO PARECIS/MT; SAO LOURENCO DO OESTE/SC","R$408.722,78","305","R$1.605,61","9395","R$25,00","115281","R$10,00","640983","R$5,00","R$0,00","R$19.284.037,50","R$1.500.000,00","R$55.352.696,80",""
"2753","03/03/2023","2","5","7","8","11","12","14","16","17","18","20","21","22","24","25","2","CANAL ELETRONICO","R$825.110,34","387","R$1.277,27","13325","R$25,00","153622","R$10,00","760508","R$5,00","R$0,00","R$21.855.217,50","R$1.500.000,00","R$55.751.943,74",""
"2754","04/03/2023","2","3","4","8","9","10","13","14","16","17","18","19","20","24","25","1","SANTO ANTONIO DO DESCOBER/GO","R$1.595.282,58","315","R$1.516,98","11136","R$25,00","127860","R$10,00","705476","R$5,00","R$0,00","R$20.207.950,00","R$1.500.000,00","R$56.137.899,21",""
"2755","06/03/2023","1","3","5","7","8","9","10","11","12","15","16","17","21","22","23","2","CANAL ELETRONICO; SAO LUIS/MA","R$719.389,75","416","R$1.035,98","14328","R$25,00","147193","R$10,00","779908","R$5,00","R$0,00","R$20.864.660,00","R$1.500.000,00","R$56.485.991,03",""
"2756","07/03/2023","1","2","5","6","8","10","11","12","14","15","18","20","21","22","23","1","BELEM/PA","R$1.328.457,83","447","R$890,21","15057","R$25,00","154730","R$10,00","754350","R$5,00","R$0,00","R$20.199.395,00","R$1.500.000,00","R$56.807.392,13",""
"2757","08/03/2023","1","3","5","6","7","8","9","10","12","13","17","18","19","23","25","4","JUIZ DE FORA/MG; FLORIANOPOLIS/SC; AMERICANA/SP; SAO PAULO/SP","R$305.993,76","436","R$840,89","15299","R$25,00","179762","R$10,00","859960","R$5,00","R$0,00","R$21.453.550,00","R$1.500.000,00","R$57.103.515,12",""
"2758","09/03/2023","1","2","3","4","7","10","11","12","13","16","18","21","22","23","24","1","ARAGUAINA/TO","R$1.472.423,00","228","R$1.354,10","9617","R$25,00","130409","R$10,00","704362","R$5,00","R$0,00","R$19.513.275,00","R$1.500.000,00","R$57.459.746,50",""
"2759","10/03/2023","2","3","7","9","10","11","12","13","15","17","18","19","20","21","23","4","MATO VERDE/MG; PATOS/PB; RIO DE JANEIRO/RJ; SAO PAULO/SP","R$283.154,57","498","R$681,25","17201","R$25,00","190620","R$10,00","859712","R$5,00","R$2.057.849,59","R$21.325.270,00","R$5.000.000,00","R$57.733.767,05",""
"2760","11/03/2023","1","2","4","6","7","10","11","13","14","15","17","18","20","22","24","6","CANAL ELETRONICO; SANTA HELENA DE GOIAS/GO; VESPASIANO/MG; NAVIRAI/MS; TRES LAGOAS/MS; SAO PAULO/SP","R$878.289,81","777","R$1.066,23","21860","R$25,00","236155","R$10,00","1197299","R$5,00","R$0,00","R$35.218.780,00","R$1.500.000,00","R$58.402.910,65",""
"2761","13/03/2023","1","2","3","4","8","11","13","14","15","17","18","19","20","21","22","1","OSASCO/SP","R$1.839.820,29","188","R$2.051,96","7984","R$25,00","115516","R$10,00","669570","R$5,00","R$0,00","R$20.627.052,50","R$1.500.000,00","R$58.848.028,47",""
"2762","14/03/2023","2","5","6","9","10","11","12","13","16","17","19","21","22","23","24","1","LIMOEIRO/PE","R$1.527.281,31","271","R$1.688,12","9300","R$25,00","114295","R$10,00","639970","R$5,00","R$0,00","R$18.672.160,00","R$1.500.000,00","R$59.217.532,03",""
"2763","15/03/2023","1","2","4","6","8","9","10","11","13","15","16","18","19","20","23","2","POCOS DE CALDAS/MG; CANGUCU/RS","R$789.595,98","364","R$1.299,53","12909","R$25,00","142673","R$10,00","731148","R$5,00","R$0,00","R$20.862.482,50","R$1.500.000,00","R$59.599.594,61",""
"2764","16/03/2023","1","2","4","5","7","10","11","12","13","16","19","20","23","24","25","1","TRES COROAS/RS","R$1.303.617,03","377","R$1.035,76","11633","R$25,00","129628","R$10,00","688972","R$5,00","R$0,00","R$18.536.772,50","R$1.500.000,00","R$59.914.985,84",""
"2765","17/03/2023","2","3","5","6","7","11","14","15","16","19","20","21","23","24","25","2","CANAL ELETRONICO","R$862.399,82","287","R$1.800,15","9977","R$25,00","123003","R$10,00","672124","R$5,00","R$0,00","R$20.332.797,50","R$1.500.000,00","R$60.332.276,08",""
"2766","18/03/2023","1","3","4","6","8","9","11","14","15","17","19","21","22","23","25","5","CANAL ELETRONICO; SALVADOR/BA; PONTA PORA/MS; SAO LOURENCO DO OESTE/SC; MAUA/SP","R$286.517,05","551","R$778,79","12766","R$25,00","132995","R$10,00","659535","R$5,00","R$0,00","R$19.025.750,00","R$1.500.000,00","R$60.678.869,28",""
"2767","20/03/2023","2","3","6","7","8","11","15","16","17","18","19","20","21","22","24","0","","R$0,00","175","R$2.266,35","6457","R$25,00","89385","R$10,00","562219","R$5,00","R$1.891.527,98","R$18.972.847,50","R$4.500.000,00","R$61.136.497,03",""
"2768","21/03/2023","1","4","5","7","9","11","13","14","15","16","19","20","22","23","25","10","CANAL ELETRONICO; MANAUS/AM; SALVADOR/BA; BELO HORIZONTE/MG; DIVINOPOLIS/MG; NEPOMUCENO/MG; CUIABA/MT; RIO DE JANEIRO/RJ; JUNDIAI/SP; SAO PAULO/SP","R$390.423,86","866","R$696,17","21775","R$25,00","232070","R$10,00","1141575","R$5,00","R$0,00","R$30.474.122,50","R$1.500.000,00","R$61.623.443,15",""
"2769","22/03/2023","1","2","3","5","7","8","10","11","12","16","17","18","21","24","25","5","CANAL ELETRONICO; GOIANIA/GO; LAGOA SANTA/MG; CERRO GRANDE DO SUL/RS; PORTO ALEGRE/RS","R$268.049,65","386","R$1.040,04","12195","R$25,00","136016","R$10,00","689598","R$5,00","R$2.363.190,67","R$18.918.465,00","R$5.000.000,00","R$61.947.696,77",""
"2770","23/03/2023","2","3","4","6","8","10","11","12","13","15","18","19","20","21","23","4","CANAL ELETRONICO; PORTO ALEGRE/RS; ARARAS/SP; SAO PAULO/SP","R$1.178.547,53","785","R$772,49","23610","R$25,00","259963","R$10,00","1235661","R$5,00","R$0,00","R$32.371.087,50","R$1.500.000,00","R$62.437.488,33",""
"2771","24/03/2023","4","6","7","8","9","12","15","16","17","18","19","20","22","23","25","3","GOIANIA/GO; BELEM/PA; ITU/SP","R$612.845,82","148","R$2.604,73","7095","R$25,00","97451","R$10,00","572190","R$5,00","R$0,00","R$19.029.057,50","R$1.500.000,00","R$62.882.295,78",""
"2772","25/03/2023","1","2","5","7","8","9","10","11","12","16","17","19","23","24","25","2","URUACU/GO; VASSOURAS/RJ","R$632.302,59","315","R$1.202,53","10115","R$25,00","124248","R$10,00","649718","R$5,00","R$0,00","R$17.665.010,00","R$1.500.000,00","R$63.188.248,66",""
"2773","27/03/2023","1","2","3","4","5","7","11","14","16","18","20","21","22","23","24","4","CANAL ELETRONICO; GOVERNADOR VALADARES/MG; IPATINGA/MG","R$383.468,92","190","R$1.692,73","8176","R$25,00","111603","R$10,00","625024","R$5,00","R$0,00","R$18.407.902,50","R$1.500.000,00","R$63.559.347,62",""
"2774","28/03/2023","1","2","4","6","8","12","13","15","18","20","21","22","23","24","25","0","","R$0,00","299","R$1.302,77","10334","R$25,00","117950","R$10,00","611429","R$5,00","R$1.300.427,63","R$17.281.135,00","R$3.500.000,00","R$63.873.967,21",""
"2775","29/03/2023","1","2","3","4","8","12","14","15","18","19","20","22","23","24","25","1","JAGUARIUNA/SP","R$3.328.805,84","365","R$1.664,59","15350","R$25,00","198358","R$10,00","1001593","R$5,00","R$0,00","R$27.794.642,50","R$1.500.000,00","R$64.364.703,88",""
"2776","30/03/2023","1","2","4","5","8","12","13","14","15","17","18","19","20","22","23","1","SAO PAULO/SP","R$1.253.253,60","259","R$1.449,41","9812","R$25,00","123885","R$10,00","618841","R$5,00","R$0,00","R$17.222.690,00","R$1.500.000,00","R$64.667.910,41",""
"2777","31/03/2023","3","6","7","8","9","11","12","13","14","15","17","20","21","24","25","0","","R$0,00","201","R$1.819,84","8127","R$25,00","111001","R$10,00","667265","R$5,00","R$1.744.522,97","R$19.998.035,00","R$4.500.000,00","R$65.089.972,43",""
"2778","01/04/2023","1","4","5","6","9","10","11","12","13","15","18","19","20","22","25","7","MACHADO/MG; CAMPO GRANDE/MS; CUIABA/MT; DOM AQUINO/MT; JUNDIAI/SP; PERUIBE/SP; SAO PAULO/SP","R$550.881,99","514","R$1.230,58","17012","R$25,00","207017","R$10,00","1088427","R$5,00","R$0,00","R$29.534.395,00","R$1.500.000,00","R$65.600.855,74",""
"2779","03/04/2023","1","2","6","7","8","9","10","11","12","15","18","20","21","23","25","2","CANAL ELETRONICO; LAGOA VERMELHA/RS","R$714.071,85","256","R$1.671,03","10501","R$25,00","127577","R$10,00","727344","R$5,00","R$2.339.257,30","R$19.528.647,50","R$5.000.000,00","R$65.946.374,39",""
"2780","04/04/2023","3","4","7","9","10","11","13","14","17","19","20","21","22","23","24","4","NOVA VENECIA/ES; ANAPOLIS/GO; ITAPETININGA/SP; SAO PAULO/SP","R$1.146.174,41","1403","R$412,81","36460","R$25,00","313484","R$10,00","1420335","R$5,00","R$0,00","R$35.993.665,00","R$1.500.000,00","R$66.414.174,47",""
"2781","05/04/2023","3","4","5","7","8","10","14","15","16","17","18","20","23","24","25","2","JUIZ DE FORA/MG; REGISTRO/SP","R$772.911,88","378","R$1.224,95","14696","R$25,00","139274","R$10,00","729682","R$5,00","R$0,00","R$20.692.862,50","R$1.500.000,00","R$66.788.164,10",""
"2782","06/04/2023","1","4","6","9","10","11","12","16","17","18","19","20","22","23","24","0","","R$0,00","195","R$2.002,42","8324","R$25,00","106043","R$10,00","643235","R$5,00","R$1.862.250,10","R$20.243.607,50","R$4.500.000,00","R$67.238.708,49",""
"2783","08/04/2023","2","4","7","8","9","10","11","13","15","19","20","21","22","24","25","4","MACAPA/AP; SETE LAGOAS/MG; SAO PAULO/SP","R$936.527,19","598","R$943,62","20002","R$25,00","226125","R$10,00","1113158","R$5,00","R$0,00","R$29.222.095,00","R$1.500.000,00","R$67.694.480,75",""
"2784","10/04/2023","1","2","3","4","6","7","8","10","11","14","15","19","21","22","25","1","SAO PAULO/SP","R$1.586.800,74","188","R$1.769,77","8442","R$25,00","99053","R$10,00","599086","R$5,00","R$0,00","R$18.115.877,50","R$1.500.000,00","R$68.078.384,17",""
"2785","11/04/2023","1","4","5","9","11","14","15","17","18","19","20","21","23","24","25","4","SAO MIGUEL DO GUAMA/PA; CAMPINA GRANDE/PB; INDAIATUBA/SP; SAO BERNARDO DO CAMPO/SP","R$367.973,78","281","R$1.569,00","9753","R$25,00","131179","R$10,00","749557","R$5,00","R$0,00","R$20.057.355,00","R$1.500.000,00","R$68.434.487,83",""
"2786","12/04/2023","1","2","3","5","6","7","10","12","15","16","17","18","21","23","25","1","AIMORES/MG","R$1.469.564,91","344","R$1.279,62","12245","R$25,00","146893","R$10,00","744994","R$5,00","R$0,00","R$20.498.545,00","R$1.500.000,00","R$68.790.027,74",""
"2787","13/04/2023","1","4","7","9","11","12","14","16","18","19","21","22","23","24","25","1","TIMON/MA","R$1.488.839,01","354","R$1.259,78","10621","R$25,00","115761","R$10,00","622667","R$5,00","R$0,00","R$18.378.257,50","R$1.500.000,00","R$69.150.230,73",""
"2788","14/04/2023","2","3","5","6","7","8","9","10","12","14","15","19","20","24","25","3","RIO DE JANEIRO/RJ; PASSO FUNDO/RS","R$485.783,02","253","R$1.725,42","10536","R$25,00","136106","R$10,00","728176","R$5,00","R$0,00","R$19.892.242,50","R$1.500.000,00","R$69.502.815,18",""
"2789","15/04/2023","3","4","6","7","8","9","10","12","13","14","15","18","19","20","25","0","","R$0,00","233","R$1.427,43","8871","R$25,00","126684","R$10,00","673559","R$5,00","R$3.901.138,06","R$19.633.817,50","R$8.000.000,00","R$69.886.574,43",""
"2790","17/04/2023","2","3","5","7","8","9","10","11","12","13","16","20","21","22","25","5","RIO DE JANEIRO/RJ; ALTO ALEGRE DOS PARECIS/RO; PIRACICABA/SP; SAO PAULO/SP; PARAISO DO TOCANTINS/TO","R$1.695.103,60","851","R$1.386,48","29205","R$25,00","345338","R$10,00","1902230","R$5,00","R$0,00","R$52.527.810,00","R$1.500.000,00","R$70.839.570,25",""
"2791","18/04/2023","3","4","6","8","10","11","14","15","16","17","20","22","23","24","25","1","MARILIA/SP","R$1.505.625,72","242","R$1.863,61","8876","R$25,00","114979","R$10,00","613587","R$5,00","R$0,00","R$18.244.080,00","R$1.500.000,00","R$71.203.834,55",""
"2792","19/04/2023","1","3","6","8","9","10","11","13","16","17","18","20","21","23","25","1","CAMACARI/BA","R$1.147.145,91","688","R$499,44","31427","R$25,00","153582","R$10,00","709300","R$5,00","R$0,00","R$19.633.652,50","R$1.500.000,00","R$71.481.369,87",""
"2793","20/04/2023","2","3","4","5","6","7","8","13","14","15","18","20","21","22","24","1","CAMPO MOURAO/PR","R$1.570.690,53","308","R$1.527,54","9799","R$25,00","121070","R$10,00","654210","R$5,00","R$0,00","R$19.252.197,50","R$1.500.000,00","R$71.861.375,65",""
"2794","22/04/2023","1","2","3","5","6","8","10","14","15","16","17","20","21","22","25","1","SOCORRO/SP","R$1.646.269,60","328","R$1.503,42","10725","R$25,00","128441","R$10,00","703866","R$5,00","R$0,00","R$20.450.087,50","R$1.500.000,00","R$72.259.666,69",""
"2795","24/04/2023","1","2","3","4","5","6","7","8","9","11","15","18","19","22","25","1","PRAIA GRANDE/SP","R$1.644.234,65","251","R$1.373,54","9172","R$25,00","106783","R$10,00","644521","R$5,00","R$0,00","R$19.165.615,00","R$1.500.000,00","R$72.657.465,40",""
"2796","25/04/2023","1","3","4","7","9","10","12","15","16","19","20","21","22","24","25","2","CANAL ELETRONICO; GURUPI/TO","R$630.856,70","516","R$732,42","11732","R$25,00","124735","R$10,00","622247","R$5,00","R$0,00","R$17.437.275,00","R$1.500.000,00","R$72.962.718,64",""
"2797","26/04/2023","3","4","5","6","10","11","13","14","16","18","19","20","22","23","25","1","LONDRINA/PR","R$1.383.889,25","260","R$1.594,34","10211","R$25,00","126984","R$10,00","680815","R$5,00","R$0,00","R$18.726.355,00","R$1.500.000,00","R$73.297.530,57",""
"2798","27/04/2023","1","2","3","5","7","8","12","14","15","16","18","20","22","23","24","6","CANAL ELETRONICO; BRASILIA/DF; GOIANIA/GO; AQUIDAUANA/MS; MARILIA/SP","R$187.345,54","503","R$669,39","11902","R$25,00","121268","R$10,00","594091","R$5,00","R$0,00","R$16.310.762,50","R$1.500.000,00","R$73.569.483,78",""
"2799","28/04/2023","1","3","6","9","10","11","13","14","15","16","18","20","21","22","23","3","BRASILIA/DF; BELEM/PA; RIO DE JANEIRO/RJ","R$446.839,43","278","R$1.444,38","10635","R$25,00","145269","R$10,00","658276","R$5,00","R$2.036.154,92","R$18.682.115,00","R$5.000.000,00","R$73.893.802,74",""
"2800","29/04/2023","2","3","5","6","7","9","13","14","15","16","17","20","21","22","23","4","PLANALTINA/GO; FIGUEIRA/PR; NATAL/RN; SAO PAULO/SP","R$1.261.103,68","602","R$1.288,93","16766","R$25,00","195878","R$10,00","1058924","R$5,00","R$0,00","R$31.467.865,00","R$1.500.000,00","R$74.520.523,54",""
"2801","02/05/2023","1","2","3","7","9","12","15","16","17","18","19","20","22","24","25","3","BRASILIA/DF; CUIABA/MT; BALNEARIO PICARRAS/SC","R$575.687,41","215","R$1.684,31","8172","R$30,00","108798","R$12,00","595062","R$6,00","R$0,00","R$20.993.112,00","R$1.500.000,00","R$74.938.361,18",""
"2802","03/05/2023","1","2","3","4","6","8","9","12","13","16","17","18","22","23","25","3","IMPERATRIZ/MA; CURITIBA/PR; SAO PAULO/SP","R$542.096,91","279","R$1.746,01","9310","R$30,00","114063","R$12,00","566945","R$6,00","R$0,00","R$20.292.825,00","R$1.500.000,00","R$75.331.818,62",""
"2803","04/05/2023","1","5","6","7","8","9","12","13","14","16","18","20","21","24","25","1","JABOATAO DOS GUARARAPES/PE","R$1.626.203,74","230","R$1.482,51","7937","R$30,00","94628","R$12,00","509719","R$6,00","R$0,00","R$18.867.297,00","R$1.700.000,00","R$75.725.255,02",""
"2804","05/05/2023","2","3","4","7","8","9","10","11","12","13","14","16","21","23","24","0","","R$0,00","166","R$2.350,27","7187","R$30,00","103224","R$12,00","621427","R$6,00","R$1.860.688,92","R$21.845.817,00","R$5.000.000,00","R$76.175.421,70",""
"2805","06/05/2023","5","6","7","8","10","11","12","13","14","18","19","20","22","23","25","1","SAO JOSE DOS PINHAIS/PR","R$4.386.328,86","337","R$1.571,43","13818","R$30,00","184606","R$12,00","1035250","R$6,00","R$0,00","R$33.819.513,00","R$1.700.000,00","R$76.786.463,64",""
"2806","08/05/2023","1","2","3","4","5","11","12","13","14","16","17","19","20","23","25","0","","R$0,00","165","R$2.668,17","7360","R$30,00","87788","R$12,00","573259","R$6,00","R$2.099.645,57","R$22.033.917,00","R$5.000.000,00","R$77.294.442,41",""
"2807","09/05/2023","1","3","5","6","7","9","10","11","12","13","14","15","16","22","24","2","CANAL ELETRONICO","R$2.377.168,35","381","R$2.087,09","13800","R$30,00","197530","R$12,00","958580","R$6,00","R$0,00","R$33.800.784,00","R$1.700.000,00","R$77.936.706,40",""
"2808","10/05/2023","4","6","8","9","10","12","13","14","15","18","19","20","21","22","24","0","","R$0,00","230","R$1.494,67","9291","R$30,00","114320","R$12,00","614701","R$6,00","R$1.639.538,90","R$21.030.024,00","R$5.000.000,00","R$78.333.369,05",""
"2809","11/05/2023","1","2","4","5","7","8","13","15","18","19","20","21","22","24","25","1","PARAPUA/SP","R$4.006.926,61","451","R$1.572,34","14716","R$30,00","182525","R$12,00","939475","R$6,00","R$2.923.733,67","R$31.657.302,00","R$5.000.000,00","R$78.906.124,15",""
"2810","12/05/2023","2","4","5","7","10","11","12","13","14","18","19","20","23","24","25","2","BELEM/PA; SANTO ANDRE/SP","R$2.751.365,56","678","R$981,14","21952","R$30,00","236726","R$12,00","1148962","R$6,00","R$0,00","R$35.778.783,00","R$1.700.000,00","R$79.443.415,29",""
"2811","13/05/2023","2","3","4","5","6","7","8","9","10","11","15","16","22","23","25","2","CANAL ELETRONICO; RIO VERDE/GO","R$899.457,19","167","R$2.258,63","6145","R$30,00","93862","R$12,00","571036","R$6,00","R$0,00","R$20.488.752,00","R$1.700.000,00","R$79.878.636,53",""
"2812","15/05/2023","1","3","8","11","12","13","14","15","19","20","21","22","23","24","25","4","ITABUNA/BA; FORTALEZA/CE; RIO DE JANEIRO/RJ; CAMPOS NOVOS/SC","R$378.837,10","343","R$1.323,34","8152","R$30,00","114459","R$12,00","593670","R$6,00","R$0,00","R$20.003.862,00","R$1.700.000,00","R$80.245.253,09",""
"2813","16/05/2023","1","2","3","4","7","11","13","14","15","18","19","21","22","24","25","1","SAO PAULO/SP","R$1.366.242,68","198","R$2.066,88","7919","R$30,00","114426","R$12,00","569987","R$6,00","R$0,00","R$18.866.502,00","R$1.700.000,00","R$80.575.795,68",""
"2814","17/05/2023","1","2","4","7","8","11","12","13","15","19","20","22","23","24","25","7","CANAL ELETRONICO; MACAPA/AP; TRES LAGOAS/MS; SAPEZAL/MT; BOQUIM/SE; CANDIDO MOTA/SP; ARAGUAINA/TO","R$171.416,23","765","R$469,83","12594","R$30,00","140808","R$12,00","618466","R$6,00","R$0,00","R$19.707.243,00","R$1.700.000,00","R$80.866.097,37",""
"2815","18/05/2023","3","4","5","6","7","8","9","10","13","16","18","19","22","24","25","1","CAPITAO LEONIDAS MARQUES/PR","R$1.491.759,38","150","R$2.085,26","6934","R$30,00","95960","R$12,00","548809","R$6,00","R$0,00","R$18.661.194,00","R$1.700.000,00","R$81.227.006,91",""
"2816","19/05/2023","1","2","8","9","11","13","14","15","16","18","19","21","22","24","25","3","BRASILIA/DF; BARUERI/SP; SAO JOSE DOS CAMPOS/SP","R$579.006,21","219","R$1.663,08","8436","R$30,00","107627","R$12,00","586845","R$6,00","R$0,00","R$20.918.157,00","R$1.700.000,00","R$81.647.253,36",""
"2817","20/05/2023","3","4","5","7","8","12","13","17","18","19","20","21","22","24","25","1","UNIAO DA VITORIA/PR","R$1.297.704,13","310","R$1.253,91","10452","R$30,00","128111","R$12,00","644607","R$6,00","R$0,00","R$20.089.125,00","R$1.700.000,00","R$81.961.214,05",""
"2818","22/05/2023","1","2","3","4","5","7","9","10","11","12","13","14","15","17","24","1","MARILENA/PR","R$1.242.980,59","323","R$1.152,69","23920","R$30,00","109012","R$12,00","592649","R$6,00","R$0,00","R$19.482.465,00","R$1.700.000,00","R$82.261.935,17",""
"2819","23/05/2023","1","2","4","5","6","8","10","11","14","18","20","21","22","23","24","0","","R$0,00","274","R$1.457,95","10775","R$30,00","101756","R$12,00","518038","R$6,00","R$3.427.769,10","R$17.821.173,00","R$6.000.000,00","R$82.584.592,67",""
"2820","24/05/2023","4","5","6","9","10","12","13","14","17","18","19","20","21","23","25","6","CANAL ELETRONICO; FLORIANOPOLIS/SC; CARAPICUIBA/SP","R$1.117.698,36","517","R$1.635,63","17803","R$30,00","214594","R$12,00","1142248","R$6,00","R$0,00","R$37.987.335,00","R$1.700.000,00","R$83.267.597,07",""
"2821","25/05/2023","2","3","4","5","6","8","9","10","12","13","19","20","21","22","23","2","RECIFE/PE; SCHROEDER/SC","R$660.785,77","229","R$1.728,65","10656","R$30,00","103469","R$12,00","530418","R$6,00","R$0,00","R$17.967.501,00","R$1.700.000,00","R$83.587.332,13",""
"2822","26/05/2023","1","3","4","5","6","9","10","11","12","17","20","21","23","24","25","2","SAO GONCALO/RJ; JUNQUEIROPOLIS/SP","R$714.647,46","298","R$1.436,67","9507","R$30,00","115033","R$12,00","617869","R$6,00","R$0,00","R$19.991.064,00","R$1.700.000,00","R$83.933.129,29",""
"2823","27/05/2023","1","4","6","13","14","15","16","17","18","19","20","21","23","24","25","0","","R$0,00","156","R$2.543,10","5562","R$30,00","81172","R$12,00","465566","R$6,00","R$1.892.063,81","R$19.132.443,00","R$5.000.000,00","R$84.390.886,68",""
"2824","29/05/2023","1","2","5","7","9","12","13","14","15","16","20","21","22","24","25","2","JURUTI/PA; AGROLANDIA/SC","R$2.119.313,66","531","R$1.323,70","15095","R$30,00","184667","R$12,00","983675","R$6,00","R$0,00","R$32.243.904,00","R$1.700.000,00","R$84.958.603,67",""
"2825","30/05/2023","2","3","4","6","7","8","9","14","17","18","20","21","22","24","25","1","CIANORTE/PR","R$1.522.602,30","175","R$1.824,32","6470","R$30,00","86514","R$12,00","494428","R$6,00","R$0,00","R$17.778.861,00","R$1.700.000,00","R$85.326.975,21",""
"2826","31/05/2023","1","2","3","5","7","9","11","12","13","16","17","18","19","21","23","0","","R$0,00","294","R$1.221,41","12816","R$30,00","143612","R$12,00","622078","R$6,00","R$1.198.832,95","R$19.844.475,00","R$3.800.000,00","R$85.617.015,45",""
"2827","01/06/2023","1","2","3","5","6","7","10","13","15","16","17","18","19","21","24","2","BRASILIA/DF; FIGUEIRA/PR","R$1.816.279,49","251","R$2.033,06","9992","R$30,00","129877","R$12,00","745821","R$6,00","R$0,00","R$27.545.268,00","R$1.700.000,00","R$86.205.820,15",""
"2828","02/06/2023","1","5","6","8","11","12","14","15","16","17","18","19","20","21","25","0","","R$0,00","188","R$2.125,12","7264","R$30,00","93873","R$12,00","576531","R$6,00","R$1.905.416,23","R$21.208.632,00","R$5.000.000,00","R$86.666.807,95",""
"2829","03/06/2023","2","3","5","6","7","8","9","10","11","13","14","15","17","18","25","0","","R$0,00","319","R$1.938,84","12777","R$30,00","177160","R$12,00","887338","R$6,00","R$6.569.406,32","R$29.044.743,00","R$12.000.000,00","R$87.166.359,96",""
"2830","05/06/2023","2","3","4","8","9","10","11","12","13","17","18","20","21","22","25","11","QUIXERAMOBIM/CE; GOIANIA/GO; BELO HORIZONTE/MG; MORRO CABECA NO TEMPO/PI; GUARAPUAVA/PR; NITEROI/RJ; JUNDIAI/SP; OSASCO/SP; SAO PAULO/SP; TAGUATINGA/TO","R$1.043.637,28","1270","R$997,34","35436","R$30,00","379218","R$12,00","1914855","R$6,00","R$0,00","R$61.928.691,00","R$2.000.000,00","R$88.189.402,43",""
"2831","06/06/2023","2","3","5","7","10","11","13","14","15","16","17","19","20","22","25","1","RIO DAS OSTRAS/RJ","R$1.473.093,17","399","R$1.105,88","12651","R$30,00","141108","R$12,00","705433","R$6,00","R$0,00","R$22.375.197,00","R$2.000.000,00","R$88.545.795,95",""
"2832","07/06/2023","1","2","3","5","6","11","14","15","16","19","20","21","22","23","24","2","BAIXO GUANDU/ES; ITAGUAI/RJ","R$1.129.507,51","221","R$2.143,28","9795","R$30,00","107425","R$12,00","645367","R$6,00","R$0,00","R$24.591.132,00","R$1.700.000,00","R$89.092.331,85",""
"2833","09/06/2023","2","3","4","5","6","11","13","14","16","18","19","22","23","24","25","1","BELO HORIZONTE/MG","R$1.968.965,73","179","R$2.306,41","10482","R$30,00","125152","R$12,00","704672","R$6,00","R$0,00","R$24.408.543,00","R$1.700.000,00","R$89.568.694,53",""
"2834","10/06/2023","1","6","8","10","11","12","13","14","17","19","20","21","22","23","25","1","GRAVATAI/RS","R$1.651.821,46","215","R$1.610,93","8838","R$30,00","116399","R$12,00","611391","R$6,00","R$0,00","R$21.075.696,00","R$1.700.000,00","R$89.968.328,76",""
"2835","12/06/2023","2","4","6","7","8","9","10","12","13","14","15","16","21","22","25","0","","R$0,00","180","R$2.415,68","6550","R$30,00","96154","R$12,00","592419","R$6,00","R$2.073.770,12","R$22.337.103,00","R$5.000.000,00","R$90.470.047,35",""
"2836","13/06/2023","1","2","3","4","7","9","12","14","15","17","18","20","21","22","23","4","BRASILIA/DF; SENADOR CANEDO/GO; NITEROI/RJ; RIO DAS OSTRAS/RJ","R$1.161.035,52","450","R$1.710,94","14943","R$30,00","177471","R$12,00","927545","R$6,00","R$0,00","R$32.446.893,00","R$1.700.000,00","R$91.091.911,55",""
"2837","14/06/2023","1","2","5","6","8","10","12","17","18","19","20","21","22","24","25","0","","R$0,00","237","R$1.994,23","8814","R$30,00","118245","R$12,00","622213","R$6,00","R$1.577.872,50","R$20.881.866,00","R$4.500.000,00","R$91.473.654,91",""
"2838","15/06/2023","3","4","5","6","7","8","10","11","12","13","15","16","21","23","25","2","CANGUCU/RS; SANTIAGO/RS","R$1.873.684,47","390","R$1.666,27","14101","R$30,00","196239","R$12,00","970670","R$6,00","R$0,00","R$31.374.297,00","R$1.700.000,00","R$91.998.533,09",""
"2839","16/06/2023","1","3","4","5","6","10","12","13","15","16","17","18","20","21","24","3","CANAL ELETRONICO; CONCEICAO DO COITE/BA","R$592.289,42","213","R$1.749,15","8816","R$30,00","111833","R$12,00","616752","R$6,00","R$2.826.012,03","R$21.686.631,00","R$4.500.000,00","R$92.428.420,59",""
"2840","17/06/2023","1","2","4","5","6","7","10","11","13","14","16","20","22","24","25","4","IMPERATRIZ/MA; OURO FINO/MG; NATAL/RN; CANGUCU/RS","R$1.342.329,24","619","R$1.059,79","17473","R$30,00","190409","R$12,00","937839","R$6,00","R$0,00","R$31.101.204,00","R$1.700.000,00","R$92.958.275,79",""
"2841","19/06/2023","3","5","6","7","8","9","14","17","18","19","20","21","23","24","25","2","SAO PAULO/SP","R$808.127,88","246","R$1.968,01","8255","R$30,00","112152","R$12,00","620843","R$6,00","R$0,00","R$20.859.570,00","R$1.700.000,00","R$93.349.305,42",""
"2842","20/06/2023","3","6","7","8","10","11","12","13","17","18","20","21","22","24","25","1","GUARATINGUETA/SP","R$1.439.215,55","232","R$1.858,19","8809","R$30,00","111323","R$12,00","595716","R$6,00","R$0,00","R$19.586.175,00","R$1.700.000,00","R$93.697.502,74",""
"2843","21/06/2023","2","4","7","9","10","12","13","16","18","20","21","22","23","24","25","3","PIUMA/ES; UBERLANDIA/MG; EMBU DAS ARTES/SP","R$442.147,13","576","R$689,79","12563","R$30,00","132693","R$12,00","637471","R$6,00","R$0,00","R$20.416.029,00","R$1.700.000,00","R$94.018.415,99",""
"2844","22/06/2023","4","5","6","7","10","11","12","13","14","17","21","22","23","24","25","0","","R$0,00","170","R$1.968,08","6355","R$30,00","85602","R$12,00","529115","R$6,00","R$1.595.654,66","R$18.614.043,00","R$4.000.000,00","R$94.404.461,48",""
"2845","23/06/2023","1","2","5","7","8","10","11","12","15","17","18","19","20","23","24","1","CAMPO GRANDE/MS","R$3.718.158,29","439","R$1.448,23","14352","R$30,00","170991","R$12,00","883986","R$6,00","R$0,00","R$29.243.205,00","R$1.700.000,00","R$94.917.970,44",""
"2846","24/06/2023","4","6","8","9","10","12","13","14","15","17","19","20","21","23","24","1","AMARANTE/PI","R$1.355.818,62","252","R$1.611,59","8627","R$30,00","90232","R$12,00","481561","R$6,00","R$0,00","R$16.966.473,00","R$1.700.000,00","R$95.245.991,08",""
"2847","26/06/2023","2","4","5","6","8","9","10","12","13","14","15","18","21","22","24","3","BELO HORIZONTE/MG; FOZ DO IGUACU/PR; SAO PAULO/SP","R$458.837,40","331","R$1.245,67","10525","R$30,00","113897","R$12,00","586473","R$6,00","R$0,00","R$19.314.969,00","R$1.700.000,00","R$95.579.018,24",""
"2848","27/06/2023","1","2","4","6","7","9","11","12","13","16","17","19","23","24","25","1","SAO BERNARDO DO CAMPO/SP","R$1.511.269,76","354","R$1.278,76","8865","R$30,00","98901","R$12,00","500112","R$6,00","R$0,00","R$18.305.934,00","R$1.700.000,00","R$95.944.648,03",""
"2849","28/06/2023","1","2","6","9","10","11","12","15","16","18","19","20","21","24","25","3","BETIM/MG; UBERLANDIA/MG; PIRACICABA/SP","R$547.632,94","296","R$1.662,54","9485","R$30,00","95775","R$12,00","520002","R$6,00","R$2.255.898,41","R$19.237.239,00","R$5.000.000,00","R$96.342.123,55",""
"2850","29/06/2023","1","2","6","9","11","12","14","15","16","18","19","20","22","23","24","3","REMANSO/BA; FLORIANOPOLIS/SC; CAJAMAR/SP","R$1.864.912,86","310","R$1.944,67","11762","R$30,00","152077","R$12,00","806054","R$6,00","R$0,00","R$31.462.032,00","R$1.700.000,00","R$97.037.715,26",""
"2851","30/06/2023","1","3","5","6","8","9","10","12","15","16","19","20","21","22","25","2","RIO DE JANEIRO/RJ; MOGI DAS CRUZES/SP","R$709.627,50","439","R$968,38","13038","R$30,00","132749","R$12,00","636722","R$6,00","R$0,00","R$20.933.409,00","R$1.700.000,00","R$97.381.083,41",""
"2852","01/07/2023","1","2","4","6","8","9","10","12","13","14","15","17","19","22","24","3","UBERLANDIA/MG; CURITIBA/PR; PATO BRANCO/PR","R$488.133,87","449","R$976,93","11789","R$30,00","124687","R$12,00","606639","R$6,00","R$0,00","R$20.447.394,00","R$1.700.000,00","R$97.735.374,15",""
"2853","03/07/2023","1","2","3","4","5","9","11","12","13","14","17","21","22","24","25","2","FRUTAL/MG; RIBEIRAO PRETO/SP","R$823.095,45","316","R$1.560,43","14372","R$30,00","113923","R$12,00","625680","R$6,00","R$0,00","R$21.557.976,00","R$1.700.000,00","R$98.133.646,15",""
"2854","04/07/2023","1","3","5","7","8","9","10","12","14","15","17","19","20","23","25","3","SANTO ANTONIO DO DESCOBER/GO; BELO HORIZONTE/MG; REDENCAO DO GURGUEIA/PI","R$360.591,99","886","R$365,72","17225","R$30,00","155032","R$12,00","690497","R$6,00","R$0,00","R$20.790.513,00","R$1.700.000,00","R$98.395.366,16",""
"2855","05/07/2023","1","2","3","4","7","8","9","10","16","17","19","21","22","23","24","0","","R$0,00","173","R$2.706,23","6025","R$30,00","88936","R$12,00","568025","R$6,00","R$2.232.843,83","R$22.608.843,00","R$5.000.000,00","R$98.935.570,33",""
"2856","06/07/2023","1","2","3","4","5","7","9","12","15","18","20","22","23","24","25","5","CANAL ELETRONICO; VITORIA/ES; SANTA MARIA/RS; CAJATI/SP; ITAPETININGA/SP","R$930.757,57","647","R$1.120,81","19816","R$30,00","240764","R$12,00","1221017","R$6,00","R$0,00","R$37.803.834,00","R$1.700.000,00","R$99.521.282,60",""
"2857","07/07/2023","1","3","4","6","7","8","9","10","12","15","16","17","19","22","23","0","","R$0,00","282","R$1.567,19","10020","R$30,00","122796","R$12,00","640636","R$6,00","R$2.107.739,45","R$24.162.654,00","R$5.000.000,00","R$100.031.219,57",""
"2858","08/07/2023","1","2","4","5","6","8","11","12","13","15","17","19","20","22","24","4","JUINA/MT; PARANAVAI/PR; SAO JOSE/SC; CEDRAL/SP","R$1.159.430,39","591","R$1.282,28","18141","R$30,00","201396","R$12,00","992649","R$6,00","R$0,00","R$34.016.904,00","R$1.700.000,00","R$100.643.312,03",""
"2859","10/07/2023","1","2","5","6","8","9","10","11","12","14","17","18","21","22","25","2","BELEM/PA; CHAPECO/SC","R$876.664,72","360","R$1.458,86","9959","R$30,00","117694","R$12,00","630124","R$6,00","R$2.686.526,15","R$21.987.939,00","R$5.000.000,00","R$101.067.504,63",""
"2860","11/07/2023","1","2","3","4","5","8","9","12","13","14","15","16","18","20","21","4","CANAL ELETRONICO; RIO DE JANEIRO/RJ; ITANHAEM/SP; SAO CARLOS/SP","R$1.586.609,04","360","R$1.835,61","16014","R$30,00","175773","R$12,00","1033908","R$6,00","R$0,00","R$37.035.456,00","R$1.700.000,00","R$101.829.985,88",""
"2861","12/07/2023","1","5","7","10","11","12","14","15","16","17","18","19","20","21","25","0","","R$0,00","294","R$1.722,36","9271","R$30,00","108879","R$12,00","620376","R$6,00","R$1.690.514,46","R$21.227.517,00","R$4.500.000,00","R$102.238.981,33",""
"2862","13/07/2023","1","2","3","4","6","8","9","12","13","16","18","20","21","22","23","2","CANAL ELETRONICO; SAO PAULO/SP","R$2.006.583,33","522","R$1.332,80","16681","R$30,00","193489","R$12,00","895634","R$6,00","R$0,00","R$31.252.215,00","R$1.700.000,00","R$102.800.913,32",""
"2863","14/07/2023","1","2","5","6","7","8","9","11","13","14","19","20","21","22","25","0","","R$0,00","270","R$2.025,50","8221","R$30,00","102199","R$12,00","591516","R$6,00","R$1.825.755,03","R$21.289.326,00","R$4.500.000,00","R$103.242.628,26",""
"2864","15/07/2023","3","4","5","6","7","8","9","10","11","15","16","17","19","22","23","2","BALNEARIO CAMBORIU/SC; AMERICANA/SP","R$2.204.748,52","334","R$1.622,02","13584","R$30,00","140657","R$12,00","807117","R$6,00","R$0,00","R$29.738.013,00","R$1.700.000,00","R$103.867.727,14",""
"2865","17/07/2023","2","4","5","6","9","11","12","13","14","15","18","20","21","22","23","1","NITEROI/RJ","R$1.617.941,37","216","R$1.570,58","7706","R$30,00","110170","R$12,00","594615","R$6,00","R$0,00","R$20.412.654,00","R$1.700.000,00","R$104.259.164,57",""
"2866","18/07/2023","1","2","3","7","8","9","11","12","14","16","17","21","22","24","25","0","","R$0,00","235","R$1.950,81","7790","R$30,00","96172","R$12,00","514231","R$6,00","R$1.530.493,05","R$18.453.591,00","R$4.000.000,00","R$104.629.445,17",""
"2867","19/07/2023","1","5","7","9","10","12","13","14","15","18","20","21","22","23","25","2","SAO PAULO/SP","R$1.634.592,05","399","R$1.305,27","16798","R$30,00","194834","R$12,00","983259","R$6,00","R$0,00","R$29.406.465,00","R$1.700.000,00","R$105.050.096,24",""
"2868","20/07/2023","1","2","3","4","6","7","8","9","10","14","17","22","23","24","25","2","CURIMATA/PI; RIO DE JANEIRO/RJ","R$794.282,89","165","R$2.018,71","8272","R$30,00","82396","R$12,00","502728","R$6,00","R$0,00","R$18.255.063,00","R$1.700.000,00","R$105.434.426,68",""
"2869","21/07/2023","1","2","3","4","6","7","9","10","11","13","16","19","23","24","25","2","CANAL ELETRONICO","R$768.109,48","228","R$2.018,23","10194","R$30,00","107474","R$12,00","587262","R$6,00","R$2.650.737,72","R$19.974.060,00","R$5.000.000,00","R$105.806.092,56",""
"2870","22/07/2023","1","2","4","5","7","9","10","11","14","15","16","17","19","22","25","1","CANAL ELETRONICO","R$5.233.661,78","530","R$1.257,03","16740","R$30,00","178179","R$12,00","878740","R$6,00","R$0,00","R$30.075.288,00","R$1.700.000,00","R$106.344.201,74",""
"2871","24/07/2023","1","2","5","6","7","8","9","10","12","16","17","20","21","23","25","0","","R$0,00","242","R$1.968,69","7241","R$30,00","95598","R$12,00","555129","R$6,00","R$1.590.525,78","R$19.284.858,00","R$4.000.000,00","R$106.729.006,37",""
"2872","25/07/2023","1","2","6","7","9","12","13","14","17","18","19","21","22","23","25","3","SALVADOR/BA; ICAPUI/CE; GUARATUBA/PR","R$1.245.909,79","454","R$1.416,67","14352","R$30,00","159504","R$12,00","829129","R$6,00","R$0,00","R$28.297.245,00","R$1.700.000,00","R$107.248.491,12",""
"2873","26/07/2023","1","6","7","8","10","12","14","15","16","18","21","22","23","24","25","2","CANAL ELETRONICO; APARECIDA DE GOIANIA/GO","R$857.039,64","160","R$2.246,28","6502","R$30,00","85962","R$12,00","498445","R$6,00","R$0,00","R$18.839.136,00","R$1.700.000,00","R$107.663.187,73",""
"2874","27/07/2023","1","3","4","6","7","9","10","11","12","13","17","18","19","20","23","2","PORTO ALEGRE/RS; SERTAOZINHO/SP","R$641.059,65","225","R$1.706,86","8469","R$30,00","100031","R$12,00","540462","R$6,00","R$0,00","R$17.650.302,00","R$1.700.000,00","R$107.973.377,89",""
"2875","28/07/2023","1","2","4","6","7","8","9","11","12","13","14","15","18","19","25","0","","R$0,00","145","R$2.428,33","6408","R$30,00","105508","R$12,00","538831","R$6,00","R$1.679.281,22","R$19.747.713,00","R$4.500.000,00","R$108.379.655,63",""
"2876","29/07/2023","2","3","5","6","7","8","9","10","14","15","16","18","20","22","25","4","SALVADOR/BA; PASSOS/MG; GUAPIMIRIM/RJ; RIO DE JANEIRO/RJ","R$955.767,57","394","R$1.629,81","12970","R$30,00","162978","R$12,00","845526","R$6,00","R$0,00","R$28.506.570,00","R$1.700.000,00","R$108.898.314,28",""
"2877","31/07/2023","1","3","7","9","10","12","13","14","15","17","19","20","22","24","25","9","CANAL ELETRONICO; PALMEIRA DOS INDIOS/AL; BRASILIA/DF; CATALAO/GO; BELEM/PA; MARITUBA/PA; JOINVILLE/SC; SANTA ROSA DO SUL/SC","R$111.830,73","915","R$329,48","16508","R$30,00","146320","R$12,00","660485","R$6,00","R$0,00","R$19.684.107,00","R$1.700.000,00","R$109.141.816,68",""
"2878","01/08/2023","1","2","4","5","7","11","12","13","14","15","18","20","21","22","24","3","MANACAPURU/AM; VALENCA/BA; BRASILIA/DF","R$488.505,68","206","R$1.491,68","8413","R$30,00","108582","R$12,00","562254","R$6,00","R$0,00","R$19.159.551,00","R$1.700.000,00","R$109.496.377,27",""
"2879","02/08/2023","1","2","3","4","6","7","10","12","13","16","17","19","20","24","25","1","FRUTAL/MG","R$1.728.082,07","199","R$1.820,80","8092","R$30,00","99566","R$12,00","560415","R$6,00","R$2.380.173,18","R$20.257.896,00","R$5.000.000,00","R$109.914.461,65",""
"2880","03/08/2023","1","2","4","5","7","8","9","12","13","14","15","21","22","23","25","3","MOGI GUACU/SP; SAO PAULO/SP","R$1.617.529,04","404","R$1.578,52","14705","R$30,00","194882","R$12,00","1032878","R$6,00","R$0,00","R$32.024.418,00","R$1.700.000,00","R$110.429.547,89",""
"2881","04/08/2023","1","3","4","6","7","10","11","12","13","16","18","19","20","23","25","3","CANAL ELETRONICO; FLORIANOPOLIS/SC; SAO PAULO/SP","R$502.307,29","409","R$1.103,62","13988","R$30,00","128895","R$12,00","643365","R$6,00","R$0,00","R$21.450.381,00","R$1.700.000,00","R$110.794.125,77",""
"2882","05/08/2023","2","3","6","7","9","10","14","16","17","19","20","21","22","23","24","0","","R$0,00","154","R$2.634,69","6873","R$30,00","95911","R$12,00","532524","R$6,00","R$1.935.074,47","R$20.786.535,00","R$5.000.000,00","R$111.262.288,95",""
"2883","07/08/2023","5","7","8","9","10","11","12","13","15","17","18","19","20","21","25","4","ARATIBA/RS; CERQUEIRA CESAR/SP; DUARTINA/SP; SAO PAULO/SP","R$992.394,62","576","R$1.058,00","17595","R$30,00","228657","R$12,00","1099018","R$6,00","R$0,00","R$33.572.409,00","R$1.700.000,00","R$111.754.507,68",""
"2884","08/08/2023","1","2","3","6","7","10","11","12","14","16","18","20","21","22","23","2","ANANINDEUA/PA; ARARAQUARA/SP","R$774.296,49","277","R$1.674,60","9148","R$30,00","109859","R$12,00","567992","R$6,00","R$0,00","R$19.766.751,00","R$1.700.000,00","R$112.129.167,27",""
"2885","09/08/2023","2","3","7","8","10","11","14","16","17","18","19","21","22","23","24","0","","R$0,00","208","R$1.841,38","7775","R$30,00","103656","R$12,00","563865","R$6,00","R$1.826.640,16","R$20.920.785,00","R$4.500.000,00","R$112.571.096,36",""
"2886","10/08/2023","1","4","5","7","8","9","13","14","15","16","17","19","22","24","25","19","CANAL ELETRONICO; SIMOES FILHO/BA; FORTALEZA/CE; BRASILIA/DF; VITORIA/ES; GOIANIA/GO; RIO VERDE/GO; BELO HORIZONTE/MG; CAETE/MG; UBERLANDIA/MG; RONDONOPOLIS/MT; COLARES/PA; NOVO PROGRESSO/PA; JABOATAO DOS GUARARAPES/PE; APUCARANA/PR; QUATIGUA/PR; GUARUJA DO SUL/SC; BOCAINA/SP; GUARULHOS/SP","R$200.769,91","836","R$712,29","18619","R$30,00","187586","R$12,00","907754","R$6,00","R$0,00","R$29.611.866,00","R$1.700.000,00","R$113.052.061,25",""
"2887","11/08/2023","1","2","3","7","9","10","11","12","17","18","19","20","21","22","24","6","VITORIA/ES; SALGADO FILHO/PR; CONCORDIA/SC; CAMPINAS/SP; CAMPO LIMPO PAULISTA/SP; MOGI MIRIM/SP","R$220.456,47","394","R$1.005,61","12073","R$30,00","130470","R$12,00","651083","R$6,00","R$0,00","R$20.489.304,00","R$1.700.000,00","R$113.372.078,72",""
"2888","12/08/2023","1","2","4","7","8","10","12","13","15","17","19","20","22","24","25","18","CANAL ELETRONICO; CAPELINHA/MG; CUIABA/MT; FRANCISCO BELTRAO/PR; JAPERI/RJ; MACAE/RJ; CHARQUEADAS/RS; CRUZ ALTA/RS; BRUSQUE/SC; LAGES/SC; ITAPECERICA DA SERRA/SP; OSASCO/SP; PORTO FELIZ/SP; SANTO ANDRE/SP; SAO CAETANO DO SUL/SP; SAO PAULO/SP","R$54.116,06","1156","R$252,40","20440","R$30,00","162586","R$12,00","652230","R$6,00","R$0,00","R$20.120.085,00","R$1.700.000,00","R$113.607.745,44",""
"2889","14/08/2023","2","4","6","7","8","10","12","14","15","16","18","20","23","24","25","5","CAMPO GRANDE/MS; SANTA ROSA/RS; BLUMENAU/SC; MATAO/SP","R$251.580,64","698","R$539,81","16801","R$30,00","122768","R$12,00","536178","R$6,00","R$2.321.685,90","R$18.668.301,00","R$5.000.000,00","R$113.912.076,87",""
"2890","15/08/2023","1","4","6","7","9","10","11","12","15","16","18","19","20","21","23","2","SALVADOR/BA; ANITAPOLIS/SC","R$2.545.664,43","317","R$1.577,52","12323","R$30,00","149393","R$12,00","794781","R$6,00","R$0,00","R$28.665.318,00","R$1.700.000,00","R$114.489.085,83",""
"2891","16/08/2023","1","2","5","6","10","11","12","13","15","17","18","20","21","23","24","2","MACAPA/AP; BRASILIA/DF","R$701.407,93","327","R$1.285,01","9898","R$30,00","112303","R$12,00","586707","R$6,00","R$0,00","R$19.370.502,00","R$1.700.000,00","R$114.828.476,77",""
"2892","17/08/2023","4","5","6","8","9","10","14","16","17","18","19","20","21","22","23","2","BEQUIMAO/MA; DUQUE DE CAXIAS/RJ","R$883.327,84","118","R$3.139,22","4683","R$30,00","67472","R$12,00","421180","R$6,00","R$0,00","R$17.411.463,00","R$1.700.000,00","R$115.255.893,48",""
"2893","18/08/2023","1","4","5","6","8","9","10","11","17","19","20","21","23","24","25","0","","R$0,00","213","R$1.482,42","9267","R$30,00","109497","R$12,00","571339","R$6,00","R$1.505.911,98","R$19.584.432,00","R$4.000.000,00","R$115.620.227,03",""
"2894","19/08/2023","1","2","3","4","5","6","7","8","13","14","15","17","20","22","23","2","SAO LUIS/MA; SAO PAULO/SP","R$1.919.619,18","296","R$1.652,86","10241","R$30,00","133115","R$12,00","777617","R$6,00","R$1.130.437,07","R$27.558.570,00","R$1.700.000,00","R$116.184.741,50",""
"2895","21/08/2023","2","3","5","8","9","11","14","15","16","17","18","21","22","24","25","0","","R$0,00","281","R$1.728,28","7853","R$30,00","94172","R$12,00","505904","R$6,00","R$1.621.320,56","R$18.770.103,00","R$4.000.000,00","R$116.576.996,48",""
"2896","22/08/2023","1","2","5","7","8","9","11","13","15","16","17","18","20","23","24","3","CANAL ELETRONICO; SAO LUIS/MA; TRES PONTAS/MG","R$1.233.502,55","377","R$1.651,98","13216","R$30,00","153121","R$12,00","792862","R$6,00","R$0,00","R$27.178.449,00","R$1.700.000,00","R$117.080.025,62",""
"2897","23/08/2023","1","7","9","10","11","12","13","14","17","18","19","21","23","24","25","2","CANAL ELETRONICO; CAMPO GRANDE/MS","R$555.270,80","209","R$1.591,63","8902","R$30,00","113874","R$12,00","582616","R$6,00","R$0,00","R$17.734.938,00","R$1.700.000,00","R$117.348.705,04",""
"2898","24/08/2023","1","6","9","10","12","14","15","16","17","18","20","21","22","23","24","0","","R$0,00","124","R$2.444,55","5348","R$30,00","76267","R$12,00","440422","R$6,00","R$1.445.667,93","R$16.261.149,00","R$4.000.000,00","R$117.698.463,43",""
"2899","25/08/2023","2","3","5","7","8","10","13","14","15","16","17","18","19","22","25","4","CANAL ELETRONICO; BRASILIA/DF; RIO DE JANEIRO/RJ; AGROLANDIA/SC","R$831.802,85","438","R$1.286,74","14370","R$30,00","164860","R$12,00","836354","R$6,00","R$120.596.735,31","R$27.134.712,00","R$200.000.000,00","R$120.596.735,31",""
"2900","09/09/2023","1","3","4","5","6","7","10","11","14","18","19","20","23","24","25","65","CANAL ELETRONICO; AL; BA; CE; DF; ES; GO; MA; MG; MT; PI; PR; RJ; RR; SC; SE; SP","R$2.955.552,77","8695","R$1.755,69","294181","R$30,00","3571989","R$12,00","19334116","R$6,00","R$0,00","R$657.722.919,00","R$1.700.000,00","R$0,00",""
"2901","11/09/2023","1","4","5","9","10","13","14","15","16","17","20","21","22","23","25","1","CARMO DO RIO CLARO/MG","R$1.745.838,08","251","R$2.083,45","8788","R$30,00","108025","R$12,00","628389","R$6,00","R$0,00","R$21.575.415,00","R$1.700.000,00","R$422.380,19",""
"2902","12/09/2023","2","3","4","5","6","7","8","10","11","13","15","19","21","24","25","1","FRANCA/SP","R$1.416.670,11","186","R$1.597,01","9410","R$30,00","117410","R$12,00","637690","R$6,00","R$0,00","R$20.257.386,00","R$1.700.000,00","R$765.122,97",""
"2903","13/09/2023","2","3","4","5","10","12","14","16","17","18","20","21","23","24","25","0","","R$0,00","170","R$1.874,67","7672","R$30,00","109802","R$12,00","580599","R$6,00","R$1.519.927,70","R$19.685.157,00","R$4.000.000,00","R$1.132.847,42",""
"2904","14/09/2023","1","2","4","5","8","9","10","11","14","17","18","20","21","22","24","3","FORTALEZA/CE; GOIANIA/GO; JUNDIAI/SP","R$1.212.764,77","624","R$1.016,88","17211","R$30,00","173504","R$12,00","865437","R$6,00","R$0,00","R$29.231.901,00","R$1.700.000,00","R$1.645.355,49",""
"2905","15/09/2023","1","2","3","4","6","9","10","11","13","14","16","20","22","23","24","2","CACHOEIRO DE ITAPEMIRIM/ES; TEUTONIA/RS","R$846.482,59","248","R$2.044,79","8893","R$30,00","110984","R$12,00","575247","R$6,00","R$0,00","R$20.648.031,00","R$1.700.000,00","R$2.054.943,85",""
"2906","16/09/2023","1","2","3","5","6","7","9","13","15","16","17","18","19","20","23","1","MANAUS/AM","R$1.584.160,76","203","R$1.636,27","7825","R$30,00","107548","R$12,00","584969","R$6,00","R$0,00","R$20.035.248,00","R$1.700.000,00","R$2.438.208,55",""
"2907","18/09/2023","1","2","3","7","8","9","10","13","14","15","16","17","20","22","23","1","PETROPOLIS/RJ","R$1.527.045,50","416","R$1.099,54","8719","R$30,00","100624","R$12,00","552567","R$6,00","R$0,00","R$19.153.398,00","R$1.700.000,00","R$2.807.655,05",""
"2908","19/09/2023","5","6","7","10","11","12","13","14","16","17","18","19","20","22","24","1","RIO DE JANEIRO/RJ","R$1.595.626,13","141","R$2.372,82","5318","R$30,00","80680","R$12,00","478556","R$6,00","R$0,00","R$17.706.099,00","R$1.700.000,00","R$3.193.693,64",""
"2909","20/09/2023","2","5","6","7","9","10","12","16","17","18","19","20","21","23","24","0","","R$0,00","152","R$2.214,56","6059","R$30,00","86373","R$12,00","498430","R$6,00","R$3.993.448,37","R$18.241.920,00","R$6.500.000,00","R$3.582.093,51",""
"2910","21/09/2023","1","2","6","7","8","9","10","13","15","18","19","20","21","23","24","2","FOZ DO IGUACU/PR; GOIOERE/PR","R$4.053.915,54","388","R$1.914,62","15045","R$30,00","198087","R$12,00","1166438","R$6,00","R$0,00","R$41.500.530,00","R$1.700.000,00","R$4.439.256,58",""
"2911","22/09/2023","3","4","6","8","9","10","11","16","18","19","20","22","23","24","25","2","ANAPOLIS/GO; BELO HORIZONTE/MG","R$804.225,10","158","R$2.134,53","6542","R$30,00","94192","R$12,00","548388","R$6,00","R$0,00","R$19.199.535,00","R$1.700.000,00","R$4.828.397,76",""
"2912","23/09/2023","1","2","4","6","10","11","14","15","16","17","19","20","22","23","25","0","","R$0,00","255","R$1.994,87","8178","R$30,00","93405","R$12,00","510645","R$6,00","R$1.698.256,26","R$19.245.912,00","R$4.000.000,00","R$5.239.266,22",""
"2913","25/09/2023","3","4","6","7","8","9","10","12","15","17","19","21","22","24","25","3","CANAL ELETRONICO; ITABUNA/BA","R$1.389.591,90","373","R$1.983,96","12354","R$30,00","152874","R$12,00","837129","R$6,00","R$0,00","R$29.804.667,00","R$1.700.000,00","R$5.836.972,55",""
"2914","26/09/2023","3","4","5","6","7","8","9","10","11","16","17","18","20","21","25","3","BRASILIA/DF; SAO PAULO/SP","R$509.495,66","166","R$1.930,66","5021","R$30,00","70512","R$12,00","453525","R$6,00","R$0,00","R$16.700.769,00","R$1.700.000,00","R$6.206.767,80",""
"2915","27/09/2023","2","4","6","7","9","11","12","13","14","15","16","19","21","23","25","0","","R$0,00","271","R$1.677,60","8207","R$30,00","90039","R$12,00","470013","R$6,00","R$1.517.769,28","R$17.633.034,00","R$4.000.000,00","R$6.573.970,05",""
"2917","29/09/2023","3","4","6","9","10","14","15","16","17","19","20","21","23","24","25","4","APARECIDA DE GOIANIA/GO; NOVA PORTEIRINHA/MG; CURITIBA/PR; AVARE/SP","R$401.399,29","252","R$1.908,48","8427","R$30,00","104061","R$12,00","555215","R$6,00","R$0,00","R$19.682.502,00","R$1.700.000,00","R$7.444.688,82",""
"2918","30/09/2023","2","6","7","8","10","11","12","14","15","16","18","20","23","24","25","1","PIRACAIA/SP","R$1.504.093,84","777","R$579,83","9080","R$30,00","112165","R$12,00","573850","R$6,00","R$0,00","R$19.670.436,00","R$1.700.000,00","R$7.808.582,49",""
"2919","02/10/2023","3","4","5","6","7","9","10","13","16","17","18","20","22","24","25","1","RIO DE JANEIRO/RJ","R$1.382.142,69","231","R$1.792,23","8848","R$30,00","111825","R$12,00","580458","R$6,00","R$2.469.143,44","R$19.088.232,00","R$5.000.000,00","R$8.142.971,86",""
